Ticket_ID,Created_Date,Resolved_Date,Priority,Status,Channel,Category,Agent_ID,Customer_Name,Resolution_Time_Hours,SLA_Breached,Customer_Satisfaction
T00001,2025-03-15 00:00:00,2025-03-16 10:00:00,Medium,Resolved,Portal,Access Request,A013,Gary Harrell,34,No,2
T00002,2025-04-23 00:00:00,2025-04-23 18:00:00,Critical,Open,Email,Login Issue,A005,Brittany Juarez,18,Yes,5
T00003,2026-02-10 00:00:00,2026-02-13 16:00:00,Low,Closed,Portal,Access Request,A015,Alicia Willis,88,No,4
T00004,2025-10-11 00:00:00,2025-10-15 15:00:00,Low,Resolved,Chat,Login Issue,A010,Leslie Wood,111,No,1
T00005,2025-03-22 00:00:00,2025-03-24 11:00:00,High,In Progress,Email,Software Bug,A021,Andrea Baker,59,Yes,1
T00006,2025-03-20 00:00:00,2025-03-22 00:00:00,Low,Resolved,Portal,Login Issue,A004,Daniel Shepard,48,No,2
T00007,2026-03-26 00:00:00,2026-03-30 11:00:00,Medium,Open,Phone,Access Request,A003,Gail Mcknight,107,Yes,3
T00008,2026-01-10 00:00:00,2026-01-12 15:00:00,Medium,In Progress,Portal,Access Request,A006,Mark Le,63,No,1
T00009,2025-09-28 00:00:00,2025-10-02 16:00:00,Critical,In Progress,Phone,Software Bug,A013,Jennifer Brown,112,No,5
T00010,2025-08-13 00:00:00,2025-08-17 20:00:00,Critical,Open,Phone,Network Issue,A003,Mary Collins,116,No,5
T00011,2025-01-11 00:00:00,2025-01-14 04:00:00,Medium,In Progress,Email,Login Issue,A023,Kurt Morris,76,Yes,5
T00012,2025-04-28 00:00:00,2025-04-28 09:00:00,High,Open,Phone,Software Bug,A022,Rachel Peterson,9,No,1
T00013,2025-04-20 00:00:00,2025-04-22 22:00:00,Critical,In Progress,Portal,Hardware Failure,A007,Nicholas Weaver,70,Yes,2
T00014,2025-02-19 00:00:00,2025-02-22 13:00:00,High,Closed,Portal,Hardware Failure,A024,Shawn Delacruz,85,Yes,4
T00015,2025-12-11 00:00:00,2025-12-14 12:00:00,Low,Closed,Chat,Login Issue,A008,Christina Maynard,84,Yes,1
T00016,2025-04-08 00:00:00,2025-04-10 21:00:00,Medium,Closed,Phone,Software Bug,A015,Linda Sullivan,69,Yes,4
T00017,2026-03-24 00:00:00,2026-03-28 23:00:00,Critical,Open,Email,Access Request,A001,Charles Neal,119,Yes,1
T00018,2026-01-21 00:00:00,2026-01-25 13:00:00,Medium,Closed,Portal,Hardware Failure,A007,Cindy Perez,109,No,2
T00019,2025-01-31 00:00:00,2025-01-31 22:00:00,Low,Closed,Chat,Hardware Failure,A010,Martha Adams,22,No,4
T00020,2025-12-23 00:00:00,2025-12-26 22:00:00,Critical,In Progress,Phone,Software Bug,A007,Allen Richmond,94,Yes,5
T00021,2025-10-24 00:00:00,2025-10-27 23:00:00,Low,Resolved,Email,Login Issue,A019,Kevin Hubbard,95,No,5
T00022,2025-09-15 00:00:00,2025-09-19 22:00:00,Medium,Open,Email,Network Issue,A003,Brittany Whitaker,118,Yes,5
T00023,2025-12-12 00:00:00,2025-12-16 15:00:00,Critical,Open,Phone,Access Request,A020,Amanda Allen,111,Yes,2
T00024,2025-11-14 00:00:00,2025-11-14 11:00:00,High,Resolved,Phone,Software Bug,A008,Ryan White,11,No,4
T00025,2025-07-22 00:00:00,2025-07-22 17:00:00,Critical,Resolved,Email,Login Issue,A015,Deborah Ramirez,17,Yes,3
T00026,2025-02-07 00:00:00,2025-02-09 21:00:00,High,In Progress,Chat,Login Issue,A008,Jeffrey Wong,69,No,2
T00027,2025-05-26 00:00:00,2025-05-26 21:00:00,High,Open,Chat,Login Issue,A005,Elizabeth Martinez,21,No,4
T00028,2025-03-01 00:00:00,2025-03-05 18:00:00,Medium,Resolved,Chat,Access Request,A007,Oscar Armstrong,114,No,1
T00029,2025-04-15 00:00:00,2025-04-18 16:00:00,Critical,Resolved,Email,Login Issue,A021,Jennifer Williams,88,No,3
T00030,2026-03-01 00:00:00,2026-03-02 12:00:00,Low,Resolved,Phone,Software Bug,A006,Veronica Miller,36,No,1
T00031,2025-10-10 00:00:00,2025-10-13 19:00:00,Low,Open,Email,Network Issue,A018,Linda Fritz MD,91,Yes,4
T00032,2026-03-04 00:00:00,2026-03-06 00:00:00,Medium,Closed,Phone,Login Issue,A010,Jason Arnold,48,No,5
T00033,2026-02-12 00:00:00,2026-02-16 15:00:00,High,In Progress,Phone,Login Issue,A012,Elizabeth Reynolds,111,No,1
T00034,2025-11-14 00:00:00,2025-11-18 00:00:00,Medium,In Progress,Phone,Hardware Failure,A001,Michaela Neal,96,Yes,2
T00035,2026-01-13 00:00:00,2026-01-17 23:00:00,Critical,In Progress,Chat,Network Issue,A023,Michael Garrett,119,Yes,3
T00036,2025-07-15 00:00:00,2025-07-19 16:00:00,Critical,In Progress,Phone,Hardware Failure,A012,Cory Anderson,112,No,1
T00037,2026-02-25 00:00:00,2026-03-01 06:00:00,Medium,Open,Phone,Hardware Failure,A011,James Moyer,102,No,2
T00038,2026-03-19 00:00:00,2026-03-19 09:00:00,High,Closed,Chat,Login Issue,A004,Jeffrey Wells,9,No,3
T00039,2025-04-02 00:00:00,2025-04-05 03:00:00,Low,Open,Portal,Software Bug,A024,Jason Santana,75,No,3
T00040,2025-08-12 00:00:00,2025-08-15 06:00:00,Low,Closed,Phone,Software Bug,A002,Jasmine Gutierrez,78,No,5
T00041,2025-01-01 00:00:00,2025-01-03 19:00:00,Medium,Resolved,Portal,Login Issue,A022,Vincent Giles,67,No,5
T00042,2025-11-16 00:00:00,2025-11-17 17:00:00,High,Resolved,Portal,Software Bug,A013,Anita Perry,41,No,1
T00043,2025-10-11 00:00:00,2025-10-11 17:00:00,Critical,Closed,Phone,Access Request,A019,Tracy Hart,17,No,2
T00044,2025-07-27 00:00:00,2025-07-29 23:00:00,High,Resolved,Phone,Hardware Failure,A019,Sara Fields,71,No,1
T00045,2025-08-27 00:00:00,2025-08-29 09:00:00,Medium,Closed,Phone,Login Issue,A010,Vincent Everett,57,No,4
T00046,2025-02-17 00:00:00,2025-02-21 09:00:00,High,In Progress,Phone,Network Issue,A001,Mary Wilson,105,Yes,2
T00047,2025-05-06 00:00:00,2025-05-08 13:00:00,Low,Closed,Portal,Access Request,A007,Debra Thomas,61,No,5
T00048,2025-09-11 00:00:00,2025-09-13 04:00:00,Medium,Open,Email,Hardware Failure,A008,Deborah Peterson,52,Yes,2
T00049,2026-02-16 00:00:00,2026-02-19 18:00:00,Critical,Open,Phone,Login Issue,A015,Andrew Wilson,90,Yes,5
T00050,2026-02-15 00:00:00,2026-02-17 12:00:00,High,Closed,Portal,Access Request,A015,Darren Henderson,60,Yes,5
T00051,2026-01-16 00:00:00,2026-01-20 15:00:00,Critical,Resolved,Phone,Software Bug,A025,Thomas Rowe,111,No,4
T00052,2025-11-17 00:00:00,2025-11-18 07:00:00,Critical,Open,Chat,Network Issue,A009,Geoffrey Krause,31,No,3
T00053,2025-06-13 00:00:00,2025-06-17 19:00:00,Low,In Progress,Phone,Network Issue,A013,Tammy Mcmillan,115,Yes,5
T00054,2025-12-28 00:00:00,2025-12-29 04:00:00,Critical,Closed,Chat,Access Request,A015,Deborah Pennington,28,No,1
T00055,2025-02-01 00:00:00,2025-02-02 03:00:00,Critical,Open,Portal,Hardware Failure,A001,Russell Anthony,27,No,4
T00056,2025-06-02 00:00:00,2025-06-06 01:00:00,Critical,In Progress,Portal,Network Issue,A009,Kevin Lang,97,No,4
T00057,2025-09-06 00:00:00,2025-09-06 04:00:00,High,Closed,Phone,Hardware Failure,A005,Gary Chambers,4,Yes,4
T00058,2025-07-21 00:00:00,2025-07-24 04:00:00,Low,Open,Portal,Network Issue,A015,Stephen Campos,76,Yes,5
T00059,2025-01-26 00:00:00,2025-01-27 10:00:00,High,In Progress,Portal,Software Bug,A011,Curtis Ryan,34,No,4
T00060,2025-05-23 00:00:00,2025-05-27 01:00:00,High,Open,Portal,Login Issue,A024,Gregory Shelton,97,Yes,4
T00061,2025-06-29 00:00:00,2025-06-30 05:00:00,Low,Open,Phone,Network Issue,A001,Justin Jones,29,Yes,1
T00062,2025-05-03 00:00:00,2025-05-03 17:00:00,Low,In Progress,Portal,Software Bug,A025,Stephanie Blanchard,17,No,4
T00063,2025-03-27 00:00:00,2025-03-30 06:00:00,Low,In Progress,Chat,Login Issue,A019,Michael Williams,78,Yes,5
T00064,2025-06-09 00:00:00,2025-06-12 02:00:00,Critical,In Progress,Email,Access Request,A023,Randall Morgan,74,Yes,4
T00065,2025-02-22 00:00:00,2025-02-25 18:00:00,Low,Open,Chat,Access Request,A014,Abigail Watkins,90,No,3
T00066,2025-02-05 00:00:00,2025-02-07 17:00:00,Low,Closed,Portal,Login Issue,A014,Tara Flores,65,No,3
T00067,2025-11-22 00:00:00,2025-11-26 19:00:00,Medium,Closed,Phone,Access Request,A021,Robert Guzman,115,No,4
T00068,2025-11-12 00:00:00,2025-11-16 08:00:00,Critical,Closed,Portal,Access Request,A009,Robert Short,104,No,5
T00069,2026-03-13 00:00:00,2026-03-14 08:00:00,High,Closed,Phone,Hardware Failure,A019,Stephen Hunter,32,No,1
T00070,2025-06-22 00:00:00,2025-06-22 04:00:00,High,In Progress,Portal,Network Issue,A012,Joshua Ortiz,4,No,4
T00071,2025-06-24 00:00:00,2025-06-25 12:00:00,High,Open,Phone,Login Issue,A008,Sean Good,36,No,5
T00072,2025-09-08 00:00:00,2025-09-11 00:00:00,Critical,Closed,Portal,Login Issue,A003,John Benitez,72,No,2
T00073,2025-04-24 00:00:00,2025-04-26 04:00:00,High,Resolved,Portal,Access Request,A017,Joshua Robinson,52,No,2
T00074,2025-08-06 00:00:00,2025-08-10 00:00:00,High,Resolved,Portal,Software Bug,A010,Jason Garcia,96,No,5
T00075,2025-04-29 00:00:00,2025-04-29 16:00:00,High,Open,Phone,Network Issue,A007,Philip Cummings,16,No,2
T00076,2025-05-22 00:00:00,2025-05-25 21:00:00,High,Open,Phone,Software Bug,A008,William Williams,93,No,5
T00077,2025-04-02 00:00:00,2025-04-03 15:00:00,Medium,Resolved,Email,Login Issue,A018,Carolyn Singleton,39,No,1
T00078,2025-12-24 00:00:00,2025-12-24 17:00:00,Low,Open,Chat,Hardware Failure,A016,Mark Hayden,17,No,4
T00079,2025-06-24 00:00:00,2025-06-25 00:00:00,High,Closed,Email,Login Issue,A013,Eric Rose,24,No,1
T00080,2025-02-07 00:00:00,2025-02-10 02:00:00,Medium,In Progress,Chat,Login Issue,A008,Andrew Ford,74,Yes,1
T00081,2025-10-13 00:00:00,2025-10-17 02:00:00,Medium,Closed,Portal,Hardware Failure,A010,Diana Rhodes,98,No,4
T00082,2025-06-06 00:00:00,2025-06-09 01:00:00,Low,Open,Phone,Network Issue,A009,Derek Andrade,73,Yes,5
T00083,2025-03-22 00:00:00,2025-03-23 07:00:00,Low,In Progress,Email,Hardware Failure,A015,Randall Vega,31,No,2
T00084,2025-05-30 00:00:00,2025-05-30 05:00:00,High,Resolved,Portal,Login Issue,A022,Kimberly Bowman,5,Yes,2
T00085,2025-05-16 00:00:00,2025-05-20 05:00:00,Medium,Closed,Email,Access Request,A008,Douglas Park,101,Yes,5
T00086,2025-05-17 00:00:00,2025-05-21 10:00:00,Low,Open,Phone,Software Bug,A020,Chad Ross,106,No,2
T00087,2025-08-13 00:00:00,2025-08-13 16:00:00,High,Closed,Chat,Access Request,A018,Brandy Lawson,16,No,4
T00088,2025-08-13 00:00:00,2025-08-13 11:00:00,Low,Closed,Chat,Access Request,A009,Anna Johnson,11,Yes,5
T00089,2025-02-16 00:00:00,2025-02-17 06:00:00,Low,Resolved,Email,Network Issue,A016,Kimberly Martin,30,No,5
T00090,2025-05-23 00:00:00,2025-05-24 00:00:00,Critical,Closed,Email,Hardware Failure,A012,Julie Bell,24,No,5
T00091,2025-06-20 00:00:00,2025-06-21 18:00:00,Medium,Resolved,Portal,Hardware Failure,A010,David Carter,42,No,1
T00092,2026-02-21 00:00:00,2026-02-25 02:00:00,Low,Closed,Email,Software Bug,A009,Christina Ramsey,98,No,5
T00093,2025-03-01 00:00:00,2025-03-05 03:00:00,Low,Closed,Portal,Login Issue,A007,Lindsay Garcia,99,No,4
T00094,2025-11-15 00:00:00,2025-11-19 01:00:00,Critical,Open,Phone,Software Bug,A018,Catherine Hurst,97,Yes,4
T00095,2025-05-28 00:00:00,2025-05-30 09:00:00,Low,Open,Phone,Network Issue,A010,Jared Lee,57,Yes,4
T00096,2025-10-10 00:00:00,2025-10-12 05:00:00,Medium,Open,Portal,Login Issue,A021,Monica Morales,53,Yes,1
T00097,2025-09-13 00:00:00,2025-09-18 00:00:00,High,Closed,Portal,Hardware Failure,A008,Keith Lambert,120,No,3
T00098,2025-10-10 00:00:00,2025-10-10 19:00:00,Medium,In Progress,Email,Software Bug,A025,Rodney Bell,19,No,4
T00099,2025-06-24 00:00:00,2025-06-29 00:00:00,High,Open,Chat,Software Bug,A019,Brenda Lucas,120,No,5
T00100,2026-03-20 00:00:00,2026-03-20 20:00:00,Critical,Resolved,Chat,Access Request,A025,Kenneth Carpenter,20,No,4
T00101,2025-08-22 00:00:00,2025-08-27 00:00:00,Medium,In Progress,Portal,Network Issue,A025,Deborah Williams,120,No,3
T00102,2025-01-23 00:00:00,2025-01-24 17:00:00,Critical,Closed,Phone,Hardware Failure,A002,Monique Thompson,41,Yes,4
T00103,2025-09-15 00:00:00,2025-09-18 04:00:00,Low,Closed,Email,Access Request,A015,Tammy Johnson,76,Yes,3
T00104,2026-01-05 00:00:00,2026-01-05 19:00:00,Medium,Open,Portal,Software Bug,A011,Amanda Smith,19,No,4
T00105,2025-11-29 00:00:00,2025-11-29 11:00:00,Critical,Resolved,Portal,Access Request,A002,Amy Mercado,11,Yes,3
T00106,2025-05-01 00:00:00,2025-05-04 09:00:00,Medium,Open,Portal,Login Issue,A025,Michael Blackwell,81,Yes,3
T00107,2025-08-16 00:00:00,2025-08-16 22:00:00,Low,Open,Chat,Login Issue,A010,Joseph Gonzales,22,No,3
T00108,2025-07-11 00:00:00,2025-07-13 08:00:00,Medium,Closed,Phone,Network Issue,A006,Jennifer Henderson,56,Yes,2
T00109,2025-11-09 00:00:00,2025-11-13 16:00:00,Medium,Closed,Phone,Network Issue,A015,Robin Freeman,112,No,4
T00110,2025-08-24 00:00:00,2025-08-25 09:00:00,Critical,Resolved,Phone,Login Issue,A015,Joseph Crawford,33,No,1
T00111,2025-10-28 00:00:00,2025-10-29 15:00:00,High,Closed,Chat,Network Issue,A013,Cole Whitaker,39,No,4
T00112,2025-02-24 00:00:00,2025-02-25 07:00:00,High,Resolved,Chat,Login Issue,A022,Robert Swanson,31,No,4
T00113,2025-05-21 00:00:00,2025-05-21 02:00:00,Low,Closed,Chat,Network Issue,A020,Victor Evans,2,No,5
T00114,2025-04-23 00:00:00,2025-04-26 10:00:00,High,In Progress,Email,Login Issue,A010,Kelly Johnson,82,No,2
T00115,2025-01-18 00:00:00,2025-01-21 03:00:00,Medium,Open,Chat,Software Bug,A024,Robin Mays,75,No,3
T00116,2025-03-31 00:00:00,2025-04-01 02:00:00,High,Resolved,Phone,Software Bug,A016,David Smith,26,No,2
T00117,2026-01-18 00:00:00,2026-01-22 16:00:00,Low,Closed,Email,Network Issue,A025,Carla Bailey,112,Yes,3
T00118,2026-03-17 00:00:00,2026-03-20 15:00:00,High,Open,Portal,Login Issue,A009,Joseph Jackson,87,Yes,4
T00119,2025-08-21 00:00:00,2025-08-23 00:00:00,Critical,Resolved,Email,Network Issue,A016,Christopher York,48,Yes,3
T00120,2025-11-14 00:00:00,2025-11-18 18:00:00,High,In Progress,Email,Hardware Failure,A023,Brianna Madden,114,No,5
T00121,2025-11-29 00:00:00,2025-12-01 05:00:00,Medium,Open,Email,Software Bug,A016,Matthew Wilkins,53,Yes,1
T00122,2025-02-19 00:00:00,2025-02-20 07:00:00,Medium,Closed,Portal,Software Bug,A022,Barbara Strickland,31,No,5
T00123,2025-10-28 00:00:00,2025-11-01 00:00:00,Critical,Open,Portal,Access Request,A014,Andrew Hanson,96,No,2
T00124,2025-01-17 00:00:00,2025-01-20 17:00:00,Medium,Closed,Portal,Network Issue,A012,Danielle Wang,89,Yes,3
T00125,2025-12-18 00:00:00,2025-12-20 00:00:00,High,Open,Portal,Software Bug,A007,Eric Garrett,48,Yes,5
T00126,2026-03-11 00:00:00,2026-03-15 10:00:00,Low,In Progress,Email,Login Issue,A011,Mr. Aaron Jackson,106,Yes,4
T00127,2025-03-06 00:00:00,2025-03-10 05:00:00,Medium,Open,Phone,Access Request,A007,Kevin Osborn,101,Yes,5
T00128,2025-06-18 00:00:00,2025-06-22 04:00:00,Low,Resolved,Phone,Network Issue,A018,Adrian Mathews,100,No,2
T00129,2026-02-13 00:00:00,2026-02-13 23:00:00,Low,In Progress,Email,Software Bug,A008,Ronald Ross,23,No,1
T00130,2025-01-09 00:00:00,2025-01-09 23:00:00,Low,In Progress,Portal,Access Request,A004,Charles Garcia,23,Yes,3
T00131,2025-09-01 00:00:00,2025-09-03 10:00:00,Low,Closed,Phone,Access Request,A002,Paul Wade,58,No,3
T00132,2025-08-23 00:00:00,2025-08-26 11:00:00,Low,Closed,Portal,Hardware Failure,A022,Bryan Turner,83,Yes,1
T00133,2025-09-09 00:00:00,2025-09-12 20:00:00,Low,Open,Chat,Access Request,A005,Dr. Julie Saunders,92,Yes,4
T00134,2025-03-06 00:00:00,2025-03-07 12:00:00,High,Closed,Chat,Hardware Failure,A017,April Turner PhD,36,No,5
T00135,2025-02-20 00:00:00,2025-02-24 06:00:00,Medium,Closed,Portal,Network Issue,A014,Christine Frost,102,No,1
T00136,2026-02-28 00:00:00,2026-03-02 11:00:00,Critical,Open,Chat,Hardware Failure,A011,Anthony Patton,59,No,4
T00137,2025-07-11 00:00:00,2025-07-11 20:00:00,Low,Open,Email,Login Issue,A014,Leslie Simpson,20,Yes,4
T00138,2026-01-17 00:00:00,2026-01-20 23:00:00,Medium,Open,Chat,Login Issue,A014,Steven Ortiz,95,No,3
T00139,2026-03-24 00:00:00,2026-03-27 14:00:00,Low,Resolved,Chat,Software Bug,A004,Matthew Hull,86,Yes,4
T00140,2025-03-21 00:00:00,2025-03-24 13:00:00,Medium,Open,Chat,Access Request,A012,Mrs. Andrea Boone,85,Yes,4
T00141,2026-01-26 00:00:00,2026-01-27 12:00:00,Medium,Closed,Email,Access Request,A022,Lindsey Jordan,36,No,5
T00142,2025-01-15 00:00:00,2025-01-16 00:00:00,High,Resolved,Chat,Login Issue,A006,Michael Smith DDS,24,Yes,3
T00143,2025-10-17 00:00:00,2025-10-20 13:00:00,Low,In Progress,Email,Login Issue,A024,Jennifer Warren,85,Yes,4
T00144,2025-07-12 00:00:00,2025-07-14 06:00:00,High,In Progress,Chat,Software Bug,A024,David Walker,54,No,4
T00145,2026-02-02 00:00:00,2026-02-05 01:00:00,Low,Open,Phone,Network Issue,A025,Latoya Parker,73,Yes,5
T00146,2025-12-12 00:00:00,2025-12-12 11:00:00,Critical,Closed,Portal,Access Request,A015,Denise Dean,11,No,3
T00147,2025-05-20 00:00:00,2025-05-21 04:00:00,Low,Resolved,Portal,Login Issue,A010,Stephanie Alvarez,28,No,5
T00148,2025-09-27 00:00:00,2025-09-30 14:00:00,Low,In Progress,Portal,Access Request,A002,Raven Murphy,86,Yes,3
T00149,2025-04-15 00:00:00,2025-04-16 15:00:00,Medium,Resolved,Chat,Software Bug,A004,Sean Vasquez,39,Yes,2
T00150,2025-09-12 00:00:00,2025-09-16 00:00:00,Medium,In Progress,Portal,Access Request,A023,Teresa Adams,96,Yes,4
T00151,2025-09-14 00:00:00,2025-09-17 00:00:00,Low,Closed,Email,Hardware Failure,A001,Michael Williams,72,No,3
T00152,2025-02-09 00:00:00,2025-02-13 15:00:00,Critical,Closed,Portal,Software Bug,A004,Kevin Brown,111,No,3
T00153,2025-01-11 00:00:00,2025-01-12 18:00:00,Critical,Resolved,Email,Hardware Failure,A004,Angela Ortiz,42,Yes,2
T00154,2025-08-12 00:00:00,2025-08-15 04:00:00,Low,Closed,Chat,Software Bug,A008,Troy Johnson,76,No,4
T00155,2026-02-03 00:00:00,2026-02-03 22:00:00,Low,In Progress,Chat,Software Bug,A024,William Coleman,22,Yes,1
T00156,2025-05-01 00:00:00,2025-05-01 14:00:00,High,In Progress,Phone,Access Request,A005,David Mejia,14,Yes,2
T00157,2025-04-01 00:00:00,2025-04-05 03:00:00,Critical,Closed,Chat,Software Bug,A005,Kathryn Snyder,99,No,4
T00158,2025-02-04 00:00:00,2025-02-06 13:00:00,High,Resolved,Email,Software Bug,A017,John Cox,61,Yes,4
T00159,2025-06-08 00:00:00,2025-06-10 12:00:00,Low,Open,Chat,Software Bug,A003,Brett Shelton,60,Yes,4
T00160,2025-11-11 00:00:00,2025-11-14 05:00:00,Critical,Closed,Email,Hardware Failure,A019,Christina Smith,77,Yes,5
T00161,2025-06-14 00:00:00,2025-06-17 06:00:00,Medium,Open,Portal,Login Issue,A011,John Wright,78,Yes,4
T00162,2025-09-16 00:00:00,2025-09-19 11:00:00,Low,In Progress,Portal,Hardware Failure,A017,Karen Chambers,83,Yes,2
T00163,2025-07-06 00:00:00,2025-07-08 00:00:00,Critical,Closed,Chat,Access Request,A002,Randy Espinoza,48,No,3
T00164,2025-02-03 00:00:00,2025-02-04 19:00:00,Critical,Resolved,Chat,Access Request,A005,Ronnie Ferguson,43,No,1
T00165,2025-02-11 00:00:00,2025-02-14 03:00:00,High,Resolved,Portal,Network Issue,A020,Adrian Hoffman,75,Yes,2
T00166,2025-06-08 00:00:00,2025-06-11 00:00:00,High,In Progress,Email,Hardware Failure,A017,Michael Chambers,72,No,4
T00167,2025-01-10 00:00:00,2025-01-11 23:00:00,Medium,In Progress,Chat,Hardware Failure,A007,Sarah Lynch,47,Yes,3
T00168,2025-03-12 00:00:00,2025-03-12 20:00:00,High,Open,Email,Software Bug,A025,Jonathan Beck,20,Yes,1
T00169,2025-11-02 00:00:00,2025-11-04 01:00:00,Medium,In Progress,Phone,Hardware Failure,A002,Kara Travis,49,No,2
T00170,2025-07-06 00:00:00,2025-07-09 15:00:00,Critical,Resolved,Portal,Network Issue,A018,Michael Whitehead,87,Yes,2
T00171,2025-06-08 00:00:00,2025-06-12 08:00:00,Medium,Resolved,Portal,Hardware Failure,A025,Devin Williams,104,No,4
T00172,2026-02-03 00:00:00,2026-02-05 01:00:00,Critical,In Progress,Phone,Access Request,A005,Joseph Li,49,No,5
T00173,2025-01-27 00:00:00,2025-01-30 11:00:00,High,Open,Email,Software Bug,A003,Samantha Murray,83,Yes,4
T00174,2025-05-20 00:00:00,2025-05-22 10:00:00,Medium,Closed,Email,Network Issue,A015,Brian Sawyer,58,No,5
T00175,2025-01-14 00:00:00,2025-01-16 06:00:00,Critical,Resolved,Phone,Hardware Failure,A003,James Shaw,54,No,1
T00176,2025-04-25 00:00:00,2025-04-25 04:00:00,Low,Resolved,Phone,Network Issue,A002,Tanner Brown,4,No,3
T00177,2026-03-01 00:00:00,2026-03-03 13:00:00,Critical,Closed,Email,Login Issue,A001,Annette Jenkins,61,No,2
T00178,2025-04-21 00:00:00,2025-04-25 11:00:00,Critical,Open,Chat,Network Issue,A010,Christina Collins,107,Yes,2
T00179,2025-01-25 00:00:00,2025-01-26 07:00:00,Critical,Open,Email,Hardware Failure,A020,Kenneth Bell,31,Yes,4
T00180,2025-11-20 00:00:00,2025-11-22 18:00:00,Medium,In Progress,Chat,Hardware Failure,A001,Melissa Evans,66,No,5
T00181,2025-05-04 00:00:00,2025-05-07 02:00:00,Medium,Open,Chat,Login Issue,A017,James Juarez,74,Yes,4
T00182,2025-07-19 00:00:00,2025-07-23 16:00:00,Low,Closed,Chat,Software Bug,A024,Kelly Hunter,112,Yes,4
T00183,2025-07-02 00:00:00,2025-07-06 05:00:00,High,In Progress,Email,Access Request,A024,Dr. David Butler,101,No,1
T00184,2025-03-10 00:00:00,2025-03-10 06:00:00,High,In Progress,Portal,Hardware Failure,A021,Sheila Dawson,6,Yes,3
T00185,2026-02-20 00:00:00,2026-02-20 18:00:00,Critical,Open,Chat,Network Issue,A002,John Jones,18,Yes,1
T00186,2025-01-22 00:00:00,2025-01-23 17:00:00,Critical,Closed,Chat,Login Issue,A025,Heather Parrish,41,Yes,3
T00187,2025-05-27 00:00:00,2025-05-28 22:00:00,High,Resolved,Email,Software Bug,A014,Jeffrey Perry,46,No,1
T00188,2026-01-16 00:00:00,2026-01-18 09:00:00,High,In Progress,Portal,Hardware Failure,A012,Melanie Davis,57,No,4
T00189,2026-02-15 00:00:00,2026-02-15 11:00:00,Low,Closed,Phone,Access Request,A010,Michelle Pittman,11,No,4
T00190,2025-02-22 00:00:00,2025-02-22 11:00:00,High,Resolved,Portal,Access Request,A023,Travis Hansen,11,No,3
T00191,2025-03-27 00:00:00,2025-03-30 17:00:00,High,Closed,Email,Software Bug,A020,Scott Robinson,89,No,4
T00192,2025-05-21 00:00:00,2025-05-24 10:00:00,Low,Closed,Chat,Access Request,A024,Dalton Byrd,82,Yes,1
T00193,2025-01-16 00:00:00,2025-01-16 19:00:00,Critical,Open,Phone,Login Issue,A008,Thomas Glass,19,No,5
T00194,2025-07-05 00:00:00,2025-07-07 02:00:00,Low,In Progress,Portal,Software Bug,A012,Kristie Stephens,50,No,5
T00195,2026-01-26 00:00:00,2026-01-26 10:00:00,Medium,Resolved,Portal,Software Bug,A021,Martin Williams,10,No,5
T00196,2025-05-08 00:00:00,2025-05-08 15:00:00,Medium,Closed,Portal,Access Request,A004,Gary Smith,15,No,1
T00197,2026-02-01 00:00:00,2026-02-02 10:00:00,Medium,Resolved,Portal,Network Issue,A004,Amber Carpenter,34,Yes,4
T00198,2026-03-13 00:00:00,2026-03-13 10:00:00,Medium,Closed,Email,Software Bug,A022,James West,10,No,4
T00199,2025-12-30 00:00:00,2025-12-30 09:00:00,High,Resolved,Phone,Network Issue,A012,Mr. Benjamin Smith,9,Yes,5
T00200,2025-03-04 00:00:00,2025-03-05 02:00:00,Medium,Closed,Email,Software Bug,A018,Casey Francis,26,No,2
T00201,2025-08-28 00:00:00,2025-09-01 07:00:00,Medium,Open,Email,Software Bug,A013,James Jackson,103,No,5
T00202,2025-09-27 00:00:00,2025-09-29 05:00:00,Low,In Progress,Chat,Login Issue,A015,Tammy Atkins,53,No,4
T00203,2025-12-15 00:00:00,2025-12-17 19:00:00,Medium,In Progress,Phone,Hardware Failure,A017,Sarah Sullivan,67,Yes,3
T00204,2026-03-02 00:00:00,2026-03-02 16:00:00,Medium,Resolved,Phone,Network Issue,A011,Benjamin Green,16,Yes,5
T00205,2025-06-27 00:00:00,2025-06-29 19:00:00,Low,Resolved,Phone,Access Request,A009,Stephanie Cole MD,67,Yes,3
T00206,2025-11-17 00:00:00,2025-11-18 15:00:00,Low,In Progress,Phone,Network Issue,A022,Christopher Jones,39,No,5
T00207,2026-03-08 00:00:00,2026-03-12 23:00:00,Low,Open,Email,Login Issue,A021,Michael Williams,119,No,5
T00208,2025-11-30 00:00:00,2025-12-01 03:00:00,Critical,Open,Portal,Access Request,A010,Samuel Morris,27,No,5
T00209,2025-09-05 00:00:00,2025-09-06 08:00:00,High,Closed,Email,Login Issue,A006,Robert Wolfe,32,No,4
T00210,2025-08-01 00:00:00,2025-08-03 14:00:00,Medium,Resolved,Phone,Software Bug,A023,John Ayala,62,No,4
T00211,2026-01-11 00:00:00,2026-01-15 15:00:00,Critical,In Progress,Chat,Access Request,A018,Nicole Sanchez,111,Yes,3
T00212,2025-06-13 00:00:00,2025-06-14 07:00:00,Low,Resolved,Portal,Network Issue,A005,Rhonda Boone,31,Yes,4
T00213,2025-01-26 00:00:00,2025-01-27 14:00:00,Critical,In Progress,Phone,Software Bug,A019,Amy Young,38,No,4
T00214,2025-04-08 00:00:00,2025-04-12 02:00:00,Critical,Closed,Portal,Software Bug,A016,Rebecca Young,98,Yes,2
T00215,2025-02-16 00:00:00,2025-02-18 03:00:00,Critical,In Progress,Phone,Access Request,A012,Laurie Dixon,51,Yes,5
T00216,2025-01-26 00:00:00,2025-01-27 13:00:00,Critical,Resolved,Email,Login Issue,A014,Joshua Walker,37,Yes,4
T00217,2025-05-16 00:00:00,2025-05-19 22:00:00,Critical,Resolved,Email,Hardware Failure,A002,Sue Cervantes,94,Yes,3
T00218,2025-07-05 00:00:00,2025-07-07 23:00:00,Low,Closed,Portal,Access Request,A009,Olivia Bennett,71,Yes,3
T00219,2025-03-07 00:00:00,2025-03-07 13:00:00,High,Resolved,Chat,Network Issue,A007,Melissa Morgan,13,No,4
T00220,2025-09-14 00:00:00,2025-09-14 06:00:00,Low,In Progress,Chat,Hardware Failure,A017,April Simpson,6,No,1
T00221,2025-03-18 00:00:00,2025-03-21 06:00:00,Medium,Resolved,Chat,Network Issue,A013,Nicole Turner,78,No,5
T00222,2025-10-31 00:00:00,2025-11-01 20:00:00,Critical,Resolved,Portal,Login Issue,A012,Denise Jackson,44,No,5
T00223,2025-12-11 00:00:00,2025-12-11 15:00:00,High,Open,Portal,Software Bug,A021,Paula Jones,15,Yes,4
T00224,2026-01-05 00:00:00,2026-01-05 07:00:00,Critical,In Progress,Portal,Network Issue,A022,Joseph Santos,7,Yes,5
T00225,2025-01-17 00:00:00,2025-01-20 02:00:00,Medium,Open,Portal,Software Bug,A014,George Mccormick,74,Yes,1
T00226,2025-07-31 00:00:00,2025-08-03 17:00:00,Critical,Closed,Email,Network Issue,A017,Jeremy Barrett,89,Yes,2
T00227,2025-10-15 00:00:00,2025-10-16 18:00:00,Critical,Resolved,Phone,Hardware Failure,A018,Jaime White,42,No,4
T00228,2025-10-07 00:00:00,2025-10-08 22:00:00,Critical,In Progress,Phone,Software Bug,A018,Heather Cunningham,46,No,3
T00229,2025-04-26 00:00:00,2025-04-27 15:00:00,Medium,Closed,Chat,Hardware Failure,A012,Rebecca Kennedy,39,No,3
T00230,2025-05-28 00:00:00,2025-05-28 16:00:00,Critical,Closed,Chat,Network Issue,A010,Katie Calhoun,16,Yes,5
T00231,2025-05-28 00:00:00,2025-05-31 20:00:00,High,Closed,Chat,Hardware Failure,A007,Kelly Patrick,92,Yes,1
T00232,2026-02-28 00:00:00,2026-03-02 21:00:00,High,In Progress,Email,Access Request,A024,Gloria Lane,69,Yes,3
T00233,2025-05-05 00:00:00,2025-05-05 07:00:00,Medium,In Progress,Email,Login Issue,A014,Jonathan Rodriguez,7,No,5
T00234,2026-01-03 00:00:00,2026-01-05 13:00:00,Medium,Open,Phone,Hardware Failure,A021,Sarah Yang,61,No,1
T00235,2025-09-02 00:00:00,2025-09-05 12:00:00,High,Resolved,Chat,Login Issue,A025,Kevin Schultz,84,Yes,2
T00236,2025-11-30 00:00:00,2025-12-03 02:00:00,Low,In Progress,Portal,Network Issue,A002,Jason Barnett,74,No,2
T00237,2026-02-08 00:00:00,2026-02-10 16:00:00,High,Open,Email,Software Bug,A019,Tina Mccarthy,64,Yes,2
T00238,2025-06-21 00:00:00,2025-06-22 13:00:00,Critical,In Progress,Portal,Software Bug,A007,Susan Wells,37,Yes,4
T00239,2025-06-19 00:00:00,2025-06-19 21:00:00,High,In Progress,Email,Software Bug,A010,Daisy Cisneros,21,Yes,4
T00240,2025-03-31 00:00:00,2025-04-03 07:00:00,Critical,Resolved,Email,Hardware Failure,A022,Brandi Tucker,79,Yes,4
T00241,2025-04-05 00:00:00,2025-04-05 18:00:00,High,In Progress,Email,Software Bug,A013,Luis Price,18,Yes,4
T00242,2025-08-17 00:00:00,2025-08-21 01:00:00,High,Resolved,Email,Software Bug,A021,Kelly Harris,97,No,3
T00243,2025-12-21 00:00:00,2025-12-22 07:00:00,Low,Closed,Chat,Network Issue,A013,Timothy Norman,31,No,1
T00244,2025-12-20 00:00:00,2025-12-20 16:00:00,High,In Progress,Phone,Network Issue,A016,Jean Rocha,16,Yes,3
T00245,2025-08-21 00:00:00,2025-08-25 00:00:00,High,Closed,Portal,Access Request,A022,Lisa Norris,96,Yes,5
T00246,2026-01-26 00:00:00,2026-01-27 08:00:00,Low,Closed,Chat,Login Issue,A019,Jeremy Mullins,32,Yes,5
T00247,2025-02-01 00:00:00,2025-02-05 11:00:00,Medium,In Progress,Phone,Software Bug,A017,Nicole Page,107,No,5
T00248,2025-03-01 00:00:00,2025-03-04 16:00:00,Critical,Open,Portal,Login Issue,A015,Leslie Miller,88,Yes,2
T00249,2025-09-20 00:00:00,2025-09-22 06:00:00,Low,Closed,Chat,Login Issue,A013,Kelly Kirk,54,No,4
T00250,2026-02-23 00:00:00,2026-02-23 01:00:00,Low,Open,Portal,Software Bug,A023,Richard Castillo,1,Yes,2
T00251,2025-10-05 00:00:00,2025-10-05 08:00:00,Critical,Open,Chat,Hardware Failure,A006,Catherine Rodriguez,8,Yes,1
T00252,2026-01-28 00:00:00,2026-01-31 11:00:00,High,Closed,Portal,Hardware Failure,A013,Vanessa Brown,83,Yes,4
T00253,2025-12-16 00:00:00,2025-12-19 13:00:00,Medium,Resolved,Email,Network Issue,A018,Frank Dickson,85,No,5
T00254,2025-09-28 00:00:00,2025-09-28 17:00:00,Low,Open,Chat,Hardware Failure,A022,Maria Medina,17,No,2
T00255,2025-09-30 00:00:00,2025-10-02 01:00:00,Medium,Closed,Chat,Network Issue,A009,Lori Contreras,49,Yes,2
T00256,2026-03-25 00:00:00,2026-03-28 21:00:00,Low,Closed,Email,Network Issue,A007,Shawn Meyer,93,Yes,1
T00257,2025-02-21 00:00:00,2025-02-24 05:00:00,Critical,Open,Phone,Login Issue,A013,Denise Johnson,77,No,1
T00258,2025-04-30 00:00:00,2025-05-02 22:00:00,Low,In Progress,Chat,Network Issue,A024,Christopher Sanders,70,No,2
T00259,2025-10-23 00:00:00,2025-10-26 05:00:00,Medium,Resolved,Phone,Access Request,A008,Dillon Buckley,77,No,3
T00260,2025-06-03 00:00:00,2025-06-04 12:00:00,Medium,Closed,Portal,Login Issue,A012,Robert Christensen,36,No,1
T00261,2026-02-07 00:00:00,2026-02-09 20:00:00,Critical,Closed,Phone,Software Bug,A013,Justin Gibbs,68,Yes,3
T00262,2026-01-22 00:00:00,2026-01-24 21:00:00,Medium,In Progress,Chat,Network Issue,A015,Amanda Stewart,69,Yes,4
T00263,2025-10-15 00:00:00,2025-10-17 05:00:00,Medium,Closed,Phone,Software Bug,A007,Monica Davis,53,No,4
T00264,2025-11-28 00:00:00,2025-11-28 11:00:00,High,Open,Phone,Login Issue,A009,Michael Nelson,11,No,4
T00265,2025-12-11 00:00:00,2025-12-14 06:00:00,Low,Open,Phone,Access Request,A024,Eric Adkins,78,Yes,5
T00266,2025-09-03 00:00:00,2025-09-04 03:00:00,High,Open,Phone,Network Issue,A024,Warren Ponce,27,Yes,3
T00267,2026-01-18 00:00:00,2026-01-22 01:00:00,Medium,In Progress,Portal,Network Issue,A018,Zachary Davis,97,No,4
T00268,2026-02-02 00:00:00,2026-02-03 13:00:00,Critical,Resolved,Chat,Software Bug,A012,Erika Smith,37,No,4
T00269,2025-08-27 00:00:00,2025-08-27 13:00:00,High,In Progress,Chat,Software Bug,A014,Reginald Gutierrez,13,Yes,4
T00270,2025-10-16 00:00:00,2025-10-20 15:00:00,Medium,Open,Chat,Access Request,A019,Jessica Fleming,111,No,2
T00271,2025-06-01 00:00:00,2025-06-01 20:00:00,High,In Progress,Portal,Access Request,A008,Katherine Cervantes,20,No,2
T00272,2025-10-09 00:00:00,2025-10-12 12:00:00,High,Closed,Portal,Hardware Failure,A006,Sherry Murillo,84,No,3
T00273,2025-03-28 00:00:00,2025-03-28 18:00:00,Critical,In Progress,Email,Access Request,A002,Michelle Robertson,18,Yes,5
T00274,2026-02-23 00:00:00,2026-02-26 14:00:00,Low,Closed,Phone,Network Issue,A003,Patrick Weeks,86,Yes,1
T00275,2025-01-05 00:00:00,2025-01-06 04:00:00,Critical,Resolved,Email,Access Request,A021,Lori Howard,28,No,5
T00276,2025-12-04 00:00:00,2025-12-06 15:00:00,Low,Closed,Email,Login Issue,A017,Sarah Shea,63,No,1
T00277,2025-10-02 00:00:00,2025-10-03 13:00:00,Critical,In Progress,Email,Login Issue,A017,Kerry Gomez,37,Yes,1
T00278,2025-05-04 00:00:00,2025-05-05 01:00:00,High,Resolved,Chat,Hardware Failure,A003,Robert Wiley,25,No,5
T00279,2025-07-27 00:00:00,2025-07-29 11:00:00,Medium,In Progress,Chat,Login Issue,A021,Jose Simpson,59,Yes,5
T00280,2025-02-17 00:00:00,2025-02-19 04:00:00,Critical,Closed,Email,Login Issue,A023,Christopher Gilmore,52,Yes,4
T00281,2025-02-12 00:00:00,2025-02-14 16:00:00,High,Open,Email,Network Issue,A007,Michael Stone,64,No,4
T00282,2025-05-19 00:00:00,2025-05-19 06:00:00,High,Open,Phone,Software Bug,A001,Brandi Vazquez,6,Yes,1
T00283,2025-10-28 00:00:00,2025-10-28 19:00:00,Low,Resolved,Phone,Access Request,A008,Regina Pruitt,19,No,4
T00284,2025-12-13 00:00:00,2025-12-17 19:00:00,High,Closed,Phone,Login Issue,A017,Stephanie Jordan,115,No,5
T00285,2025-01-28 00:00:00,2025-01-28 13:00:00,Medium,Open,Chat,Access Request,A025,Tyler Eaton,13,No,4
T00286,2026-02-01 00:00:00,2026-02-02 18:00:00,High,Closed,Portal,Network Issue,A012,Andrew Maddox,42,No,1
T00287,2025-08-10 00:00:00,2025-08-11 00:00:00,Critical,Open,Chat,Network Issue,A023,Ryan Austin,24,Yes,5
T00288,2025-02-12 00:00:00,2025-02-13 11:00:00,Critical,In Progress,Portal,Software Bug,A012,Heather Perez,35,Yes,2
T00289,2025-02-16 00:00:00,2025-02-16 01:00:00,Critical,Resolved,Chat,Login Issue,A005,Jill Lucas,1,Yes,3
T00290,2025-04-06 00:00:00,2025-04-08 08:00:00,Critical,Open,Email,Login Issue,A012,William Sullivan,56,Yes,4
T00291,2025-11-02 00:00:00,2025-11-05 05:00:00,Critical,Open,Chat,Hardware Failure,A013,Kimberly Payne,77,Yes,3
T00292,2026-01-07 00:00:00,2026-01-11 20:00:00,Medium,In Progress,Portal,Network Issue,A005,Brandi Smith,116,No,5
T00293,2025-06-04 00:00:00,2025-06-05 11:00:00,Medium,Open,Phone,Hardware Failure,A009,Joshua Lane,35,No,4
T00294,2025-06-03 00:00:00,2025-06-05 14:00:00,High,Resolved,Phone,Hardware Failure,A020,Amy Hunter,62,Yes,1
T00295,2025-08-23 00:00:00,2025-08-23 14:00:00,High,Open,Portal,Software Bug,A020,Laura Williams,14,No,2
T00296,2026-02-16 00:00:00,2026-02-20 15:00:00,Critical,Resolved,Portal,Access Request,A005,Joshua Chapman,111,No,3
T00297,2025-06-14 00:00:00,2025-06-17 06:00:00,Critical,Resolved,Phone,Hardware Failure,A011,Noah Taylor,78,No,2
T00298,2026-01-12 00:00:00,2026-01-15 17:00:00,Medium,Resolved,Portal,Software Bug,A013,Lisa Harvey,89,No,4
T00299,2025-02-28 00:00:00,2025-03-05 00:00:00,Medium,In Progress,Email,Hardware Failure,A023,Megan Jones,120,Yes,5
T00300,2025-08-13 00:00:00,2025-08-17 07:00:00,Low,Closed,Portal,Network Issue,A021,Charles Mckinney,103,No,3
T00301,2025-05-04 00:00:00,2025-05-05 09:00:00,Critical,Closed,Email,Hardware Failure,A020,Robert Richardson,33,No,2
T00302,2025-10-26 00:00:00,2025-10-28 04:00:00,Critical,Open,Chat,Access Request,A020,Sandra Davis,52,Yes,5
T00303,2025-02-25 00:00:00,2025-03-01 03:00:00,High,In Progress,Email,Access Request,A021,Jacob Lucas,99,No,2
T00304,2026-01-21 00:00:00,2026-01-22 19:00:00,Low,Open,Email,Software Bug,A008,Larry Williams,43,Yes,4
T00305,2025-08-17 00:00:00,2025-08-19 00:00:00,Critical,In Progress,Chat,Login Issue,A016,Robert Clements,48,Yes,4
T00306,2025-06-01 00:00:00,2025-06-03 06:00:00,Low,In Progress,Chat,Software Bug,A011,Jonathan Petty,54,No,1
T00307,2026-02-06 00:00:00,2026-02-07 03:00:00,Critical,Resolved,Portal,Login Issue,A015,Megan Martin,27,No,5
T00308,2025-06-13 00:00:00,2025-06-13 09:00:00,Low,Open,Email,Software Bug,A021,Marcus Diaz,9,Yes,3
T00309,2025-12-13 00:00:00,2025-12-17 07:00:00,Medium,In Progress,Phone,Software Bug,A018,Sarah Cohen,103,No,2
T00310,2025-08-25 00:00:00,2025-08-26 06:00:00,Medium,In Progress,Portal,Hardware Failure,A001,Thomas Hale,30,Yes,4
T00311,2025-08-19 00:00:00,2025-08-22 04:00:00,Critical,Open,Phone,Network Issue,A009,Gregory Berry,76,Yes,4
T00312,2025-10-23 00:00:00,2025-10-23 14:00:00,Medium,Resolved,Chat,Network Issue,A015,Jeffrey Klein,14,Yes,5
T00313,2025-05-15 00:00:00,2025-05-18 14:00:00,High,Closed,Portal,Access Request,A004,Lisa Arnold,86,No,4
T00314,2025-06-30 00:00:00,2025-07-04 13:00:00,Medium,Resolved,Email,Network Issue,A011,Kathy Estrada,109,Yes,4
T00315,2025-05-03 00:00:00,2025-05-04 16:00:00,Medium,Resolved,Phone,Access Request,A013,Daniel Martinez,40,No,1
T00316,2025-11-02 00:00:00,2025-11-02 18:00:00,Critical,Closed,Phone,Hardware Failure,A021,Thomas Romero,18,Yes,5
T00317,2025-10-12 00:00:00,2025-10-12 22:00:00,High,In Progress,Phone,Software Bug,A015,Jessica Gray,22,Yes,4
T00318,2026-03-20 00:00:00,2026-03-21 22:00:00,Critical,In Progress,Phone,Hardware Failure,A018,Russell Odom,46,No,1
T00319,2025-07-29 00:00:00,2025-08-01 16:00:00,Critical,Closed,Portal,Network Issue,A003,Erica Whitney,88,Yes,4
T00320,2026-02-12 00:00:00,2026-02-16 02:00:00,High,Open,Chat,Network Issue,A018,Jesse Harvey,98,No,2
T00321,2025-03-28 00:00:00,2025-04-01 04:00:00,Critical,Open,Email,Software Bug,A025,Anna Bennett,100,No,4
T00322,2025-10-05 00:00:00,2025-10-09 10:00:00,Critical,In Progress,Portal,Login Issue,A024,Joseph Richardson,106,Yes,1
T00323,2025-06-02 00:00:00,2025-06-06 16:00:00,Critical,Resolved,Chat,Login Issue,A015,Stacy Bryant,112,Yes,1
T00324,2026-02-02 00:00:00,2026-02-06 08:00:00,Medium,Resolved,Portal,Network Issue,A020,Grace Vega,104,Yes,2
T00325,2026-02-06 00:00:00,2026-02-07 03:00:00,Low,Resolved,Chat,Access Request,A018,Corey Martinez,27,Yes,2
T00326,2025-06-15 00:00:00,2025-06-18 19:00:00,High,Resolved,Email,Network Issue,A025,Karl Johnson,91,No,3
T00327,2025-01-31 00:00:00,2025-02-01 12:00:00,Medium,In Progress,Phone,Software Bug,A008,Tanner Thompson,36,No,2
T00328,2025-09-08 00:00:00,2025-09-08 19:00:00,High,Closed,Portal,Hardware Failure,A003,Emma Graves,19,Yes,5
T00329,2025-07-26 00:00:00,2025-07-28 18:00:00,High,Closed,Portal,Software Bug,A019,Jeffrey Black,66,Yes,3
T00330,2026-03-21 00:00:00,2026-03-25 04:00:00,Critical,Resolved,Email,Access Request,A013,James Stevens,100,Yes,1
T00331,2025-08-08 00:00:00,2025-08-12 10:00:00,Critical,Resolved,Chat,Software Bug,A011,Pamela Wilson,106,Yes,2
T00332,2025-10-17 00:00:00,2025-10-21 14:00:00,High,Open,Email,Login Issue,A021,Howard Johnson,110,No,4
T00333,2025-01-09 00:00:00,2025-01-09 16:00:00,Critical,Closed,Email,Hardware Failure,A007,Brandon Gregory,16,Yes,2
T00334,2025-11-29 00:00:00,2025-11-30 15:00:00,High,Open,Chat,Software Bug,A003,Briana Duncan,39,No,2
T00335,2025-12-07 00:00:00,2025-12-11 20:00:00,Low,Closed,Chat,Network Issue,A014,Mark Smith,116,Yes,2
T00336,2025-12-27 00:00:00,2025-12-27 13:00:00,Medium,Closed,Email,Network Issue,A019,Michelle Frye,13,Yes,1
T00337,2025-09-23 00:00:00,2025-09-26 16:00:00,Low,Open,Chat,Login Issue,A014,William Harris,88,Yes,4
T00338,2025-09-02 00:00:00,2025-09-02 10:00:00,Critical,Open,Email,Login Issue,A011,Megan Chavez,10,No,2
T00339,2025-06-03 00:00:00,2025-06-03 18:00:00,Medium,In Progress,Email,Access Request,A019,Jasmine Nichols,18,Yes,4
T00340,2025-11-09 00:00:00,2025-11-12 12:00:00,Critical,Resolved,Phone,Network Issue,A014,Amanda Myers,84,No,2
T00341,2026-03-17 00:00:00,2026-03-18 04:00:00,Low,In Progress,Email,Access Request,A024,Angela Beasley,28,No,1
T00342,2025-06-29 00:00:00,2025-07-01 07:00:00,Medium,In Progress,Chat,Login Issue,A008,Thomas Sanchez,55,No,3
T00343,2026-02-03 00:00:00,2026-02-06 17:00:00,High,In Progress,Phone,Hardware Failure,A010,Kathy Allen,89,Yes,1
T00344,2026-02-06 00:00:00,2026-02-10 19:00:00,Critical,Closed,Email,Network Issue,A016,Jacob Anderson,115,Yes,2
T00345,2025-09-28 00:00:00,2025-10-02 18:00:00,High,Resolved,Phone,Hardware Failure,A019,Bryan Hughes,114,No,1
T00346,2025-07-07 00:00:00,2025-07-09 22:00:00,Critical,Open,Email,Access Request,A003,Douglas Reynolds,70,Yes,2
T00347,2025-05-15 00:00:00,2025-05-16 04:00:00,Low,Closed,Chat,Access Request,A025,Heather Hernandez,28,No,1
T00348,2025-08-05 00:00:00,2025-08-08 18:00:00,Low,In Progress,Chat,Login Issue,A010,Joseph Carter,90,Yes,4
T00349,2025-09-19 00:00:00,2025-09-23 22:00:00,Medium,Resolved,Portal,Access Request,A021,Ashley Haley MD,118,Yes,2
T00350,2025-06-08 00:00:00,2025-06-11 18:00:00,Medium,Open,Phone,Login Issue,A014,Rebecca King,90,Yes,4
T00351,2025-08-21 00:00:00,2025-08-24 07:00:00,Low,Resolved,Phone,Login Issue,A001,Michael Robbins,79,Yes,5
T00352,2025-12-26 00:00:00,2025-12-26 02:00:00,Critical,Resolved,Chat,Network Issue,A012,Brenda Barnett,2,Yes,2
T00353,2026-01-19 00:00:00,2026-01-23 04:00:00,Low,Open,Chat,Hardware Failure,A009,Stephanie Moore,100,Yes,3
T00354,2025-05-15 00:00:00,2025-05-18 20:00:00,Low,Closed,Portal,Access Request,A012,Dr. Abigail Rodriguez,92,Yes,5
T00355,2025-09-13 00:00:00,2025-09-17 14:00:00,Medium,Resolved,Phone,Software Bug,A025,Patrick Rodriguez,110,Yes,5
T00356,2025-10-21 00:00:00,2025-10-24 15:00:00,Medium,Open,Email,Login Issue,A008,Richard Thompson,87,Yes,1
T00357,2025-08-30 00:00:00,2025-08-31 23:00:00,Medium,In Progress,Email,Access Request,A023,Amanda Davis,47,No,4
T00358,2025-04-25 00:00:00,2025-04-26 18:00:00,Critical,Resolved,Chat,Login Issue,A019,Melissa Edwards,42,No,2
T00359,2025-03-03 00:00:00,2025-03-05 17:00:00,Medium,In Progress,Email,Hardware Failure,A003,Jessica Ryan,65,No,1
T00360,2026-03-20 00:00:00,2026-03-21 13:00:00,High,Open,Portal,Login Issue,A012,Christopher Mejia,37,Yes,3
T00361,2025-05-30 00:00:00,2025-06-02 01:00:00,Medium,Closed,Chat,Access Request,A016,Aaron Stafford,73,Yes,3
T00362,2026-01-11 00:00:00,2026-01-15 20:00:00,Medium,In Progress,Email,Hardware Failure,A001,Mark Smith,116,Yes,5
T00363,2025-10-05 00:00:00,2025-10-06 21:00:00,High,Open,Portal,Software Bug,A004,Angela Lopez,45,Yes,1
T00364,2025-09-29 00:00:00,2025-09-30 07:00:00,Critical,Open,Phone,Software Bug,A003,Sabrina Estes,31,Yes,4
T00365,2025-04-29 00:00:00,2025-05-03 19:00:00,Critical,Resolved,Portal,Login Issue,A019,James Craig,115,Yes,5
T00366,2025-09-16 00:00:00,2025-09-16 18:00:00,Low,Open,Portal,Network Issue,A008,Angelica Williams,18,No,4
T00367,2025-05-14 00:00:00,2025-05-18 13:00:00,Critical,Resolved,Chat,Hardware Failure,A009,Garrett Cooper,109,Yes,3
T00368,2025-02-08 00:00:00,2025-02-09 02:00:00,Low,In Progress,Email,Network Issue,A015,Mr. Joseph Ford,26,No,2
T00369,2025-06-10 00:00:00,2025-06-12 05:00:00,High,In Progress,Portal,Software Bug,A015,Anthony Zavala,53,No,1
T00370,2026-03-13 00:00:00,2026-03-13 16:00:00,Medium,Resolved,Email,Network Issue,A011,Donald Rangel,16,Yes,1
T00371,2025-02-16 00:00:00,2025-02-19 20:00:00,High,Closed,Email,Software Bug,A009,Curtis Williams,92,Yes,2
T00372,2025-01-16 00:00:00,2025-01-18 04:00:00,Medium,Open,Portal,Login Issue,A005,Stephanie Mccarty,52,Yes,4
T00373,2025-01-07 00:00:00,2025-01-07 08:00:00,Medium,In Progress,Portal,Software Bug,A022,Michael Miles,8,Yes,2
T00374,2025-10-26 00:00:00,2025-10-29 04:00:00,Low,Open,Email,Network Issue,A021,Michael Murphy,76,No,3
T00375,2026-02-19 00:00:00,2026-02-19 17:00:00,High,Open,Email,Hardware Failure,A002,Lisa Camacho,17,Yes,1
T00376,2025-10-21 00:00:00,2025-10-23 08:00:00,Critical,Open,Portal,Hardware Failure,A006,Dylan Davenport,56,No,4
T00377,2025-04-20 00:00:00,2025-04-24 21:00:00,High,Resolved,Portal,Network Issue,A002,William Chapman,117,Yes,2
T00378,2025-11-28 00:00:00,2025-11-29 14:00:00,Critical,Closed,Email,Login Issue,A009,Albert Thompson,38,No,4
T00379,2025-03-12 00:00:00,2025-03-14 06:00:00,Medium,Open,Portal,Software Bug,A016,Rachel Jones,54,No,2
T00380,2025-06-26 00:00:00,2025-06-30 21:00:00,High,Closed,Chat,Network Issue,A001,Karen Gray,117,No,5
T00381,2025-11-02 00:00:00,2025-11-03 05:00:00,High,Open,Portal,Access Request,A012,Debbie Higgins,29,Yes,1
T00382,2025-03-23 00:00:00,2025-03-23 13:00:00,Medium,Resolved,Email,Network Issue,A019,Melissa Bradford,13,No,2
T00383,2025-07-01 00:00:00,2025-07-06 00:00:00,Medium,In Progress,Chat,Software Bug,A019,Angela Robinson,120,Yes,2
T00384,2025-12-27 00:00:00,2025-12-30 18:00:00,Medium,In Progress,Portal,Access Request,A010,Kelly Giles,90,Yes,3
T00385,2025-09-09 00:00:00,2025-09-09 05:00:00,Low,In Progress,Phone,Login Issue,A017,Brian Ray,5,No,1
T00386,2025-01-01 00:00:00,2025-01-02 19:00:00,Medium,In Progress,Chat,Network Issue,A011,Cynthia Robertson,43,Yes,5
T00387,2025-01-12 00:00:00,2025-01-12 19:00:00,Medium,Open,Chat,Login Issue,A012,Melinda Guzman,19,No,5
T00388,2025-10-28 00:00:00,2025-10-28 13:00:00,High,Resolved,Phone,Network Issue,A024,Andrew Watson,13,No,3
T00389,2026-02-10 00:00:00,2026-02-13 10:00:00,High,In Progress,Chat,Network Issue,A022,Anna Grant,82,Yes,4
T00390,2025-07-13 00:00:00,2025-07-14 16:00:00,Medium,In Progress,Email,Access Request,A013,Richard Mills,40,Yes,3
T00391,2025-04-04 00:00:00,2025-04-07 06:00:00,Medium,Open,Portal,Network Issue,A011,Nicole Turner,78,Yes,3
T00392,2025-05-02 00:00:00,2025-05-03 21:00:00,Medium,Open,Chat,Hardware Failure,A001,Cheryl Jackson,45,No,3
T00393,2025-04-18 00:00:00,2025-04-19 08:00:00,High,Resolved,Email,Login Issue,A002,Scott Smith,32,No,1
T00394,2025-08-13 00:00:00,2025-08-16 22:00:00,Medium,Closed,Portal,Hardware Failure,A012,Brittany Smith,94,No,4
T00395,2025-02-21 00:00:00,2025-02-25 11:00:00,Medium,In Progress,Portal,Login Issue,A002,Jason Graham,107,No,4
T00396,2025-01-11 00:00:00,2025-01-12 17:00:00,Low,Open,Chat,Network Issue,A013,Harold Jones,41,Yes,3
T00397,2026-01-10 00:00:00,2026-01-10 10:00:00,Low,Resolved,Portal,Login Issue,A014,Gregory Jenkins,10,Yes,5
T00398,2025-11-07 00:00:00,2025-11-11 18:00:00,Medium,Open,Email,Software Bug,A007,Ashley Stout,114,Yes,4
T00399,2025-07-29 00:00:00,2025-08-01 18:00:00,High,Resolved,Chat,Network Issue,A004,Sharon Morris,90,Yes,5
T00400,2025-07-21 00:00:00,2025-07-24 02:00:00,Critical,In Progress,Email,Software Bug,A001,Lucas Nash,74,No,5
T00401,2025-02-14 00:00:00,2025-02-15 14:00:00,Critical,In Progress,Email,Login Issue,A007,Cynthia Phillips,38,Yes,5
T00402,2025-11-23 00:00:00,2025-11-24 14:00:00,Critical,Open,Chat,Hardware Failure,A016,David Harris,38,No,1
T00403,2025-12-05 00:00:00,2025-12-06 10:00:00,Critical,In Progress,Chat,Hardware Failure,A012,Kimberly Jackson,34,Yes,1
T00404,2025-08-17 00:00:00,2025-08-17 06:00:00,Critical,Closed,Chat,Network Issue,A009,Erica Alexander,6,Yes,3
T00405,2025-03-19 00:00:00,2025-03-23 01:00:00,Low,Resolved,Portal,Access Request,A008,Cody Johnson,97,Yes,1
T00406,2026-03-07 00:00:00,2026-03-09 02:00:00,Critical,Closed,Phone,Hardware Failure,A010,Aimee Green,50,Yes,5
T00407,2025-07-22 00:00:00,2025-07-26 20:00:00,Medium,Open,Portal,Network Issue,A006,Jessica Hudson,116,Yes,1
T00408,2026-02-18 00:00:00,2026-02-19 01:00:00,Low,Closed,Email,Hardware Failure,A007,Timothy Wright,25,Yes,2
T00409,2026-03-04 00:00:00,2026-03-07 05:00:00,High,Open,Email,Hardware Failure,A018,Edward Clay,77,No,3
T00410,2025-10-10 00:00:00,2025-10-11 18:00:00,Critical,Open,Portal,Login Issue,A014,Jose Fuentes,42,Yes,3
T00411,2025-03-17 00:00:00,2025-03-20 01:00:00,Low,Open,Email,Software Bug,A018,Natalie Romero,73,No,5
T00412,2026-03-26 00:00:00,2026-03-28 05:00:00,Critical,Closed,Portal,Login Issue,A006,Karla Stone,53,No,3
T00413,2025-07-26 00:00:00,2025-07-26 19:00:00,Critical,Open,Portal,Software Bug,A023,Holly Schmidt,19,Yes,5
T00414,2025-01-26 00:00:00,2025-01-30 00:00:00,High,Resolved,Email,Software Bug,A010,Ashley Callahan,96,No,4
T00415,2025-05-24 00:00:00,2025-05-28 12:00:00,Low,In Progress,Phone,Software Bug,A024,Lindsay Delacruz,108,No,4
T00416,2026-02-01 00:00:00,2026-02-05 10:00:00,High,Closed,Email,Network Issue,A015,Katie Kelly,106,Yes,3
T00417,2026-02-26 00:00:00,2026-02-28 05:00:00,High,Open,Phone,Login Issue,A010,Sharon Rodriguez,53,No,4
T00418,2025-03-11 00:00:00,2025-03-15 04:00:00,Low,In Progress,Phone,Network Issue,A002,Ernest Smith,100,Yes,5
T00419,2025-01-17 00:00:00,2025-01-19 11:00:00,High,In Progress,Chat,Software Bug,A015,Ricardo Chavez,59,No,1
T00420,2025-11-22 00:00:00,2025-11-26 23:00:00,Low,In Progress,Chat,Hardware Failure,A020,Mary Woods,119,No,1
T00421,2025-04-01 00:00:00,2025-04-05 16:00:00,High,Resolved,Phone,Software Bug,A024,Denise Henderson,112,Yes,4
T00422,2025-05-26 00:00:00,2025-05-26 04:00:00,Low,In Progress,Phone,Network Issue,A021,Amanda Anderson,4,Yes,4
T00423,2025-12-13 00:00:00,2025-12-14 03:00:00,Critical,Open,Email,Hardware Failure,A005,Christopher Carpenter,27,Yes,3
T00424,2025-11-04 00:00:00,2025-11-08 07:00:00,Medium,Resolved,Chat,Software Bug,A014,Adrian Rivera,103,No,1
T00425,2026-03-13 00:00:00,2026-03-14 21:00:00,High,In Progress,Portal,Software Bug,A022,Dawn Cooper,45,No,4
T00426,2025-10-27 00:00:00,2025-10-27 14:00:00,High,Resolved,Chat,Login Issue,A016,Melissa Chandler,14,Yes,1
T00427,2025-06-22 00:00:00,2025-06-23 12:00:00,High,Resolved,Chat,Network Issue,A005,Scott Taylor,36,Yes,3
T00428,2025-01-30 00:00:00,2025-02-03 08:00:00,Critical,Resolved,Phone,Login Issue,A021,Willie Bailey,104,No,5
T00429,2025-06-01 00:00:00,2025-06-02 10:00:00,Critical,Closed,Email,Access Request,A023,Ashley Sanchez,34,Yes,4
T00430,2025-06-25 00:00:00,2025-06-28 21:00:00,Critical,Resolved,Chat,Network Issue,A022,Brooke Chandler,93,Yes,2
T00431,2025-05-31 00:00:00,2025-05-31 13:00:00,Medium,Resolved,Phone,Software Bug,A021,Susan Fitzgerald,13,Yes,4
T00432,2025-04-24 00:00:00,2025-04-25 22:00:00,High,Closed,Chat,Software Bug,A009,Gabrielle Whitehead,46,No,2
T00433,2025-08-26 00:00:00,2025-08-30 13:00:00,Critical,Open,Email,Hardware Failure,A007,Eric Rodriguez,109,Yes,1
T00434,2026-03-21 00:00:00,2026-03-24 16:00:00,High,Closed,Email,Network Issue,A005,Paul Dean,88,Yes,4
T00435,2025-06-25 00:00:00,2025-06-27 05:00:00,Critical,In Progress,Chat,Network Issue,A025,Charles Riley,53,Yes,5
T00436,2025-09-07 00:00:00,2025-09-08 19:00:00,High,Open,Email,Hardware Failure,A009,Jennifer Walker,43,Yes,2
T00437,2026-01-25 00:00:00,2026-01-29 04:00:00,Medium,Closed,Email,Network Issue,A020,Christopher Patel,100,No,2
T00438,2025-11-21 00:00:00,2025-11-23 07:00:00,Critical,Closed,Portal,Login Issue,A002,Melissa Jennings,55,Yes,4
T00439,2026-01-10 00:00:00,2026-01-12 00:00:00,High,In Progress,Email,Login Issue,A021,Elizabeth Stewart,48,Yes,1
T00440,2025-04-26 00:00:00,2025-04-29 17:00:00,High,In Progress,Email,Hardware Failure,A017,Nicholas Meyer,89,No,3
T00441,2025-03-27 00:00:00,2025-03-27 09:00:00,High,Resolved,Portal,Access Request,A020,Susan Clark,9,No,1
T00442,2025-08-11 00:00:00,2025-08-15 18:00:00,High,Closed,Chat,Network Issue,A006,Edwin Christensen,114,No,2
T00443,2025-01-10 00:00:00,2025-01-11 06:00:00,Medium,In Progress,Email,Access Request,A017,Nicole Carr,30,Yes,2
T00444,2025-03-05 00:00:00,2025-03-06 23:00:00,Critical,Resolved,Email,Access Request,A002,Vincent Frazier,47,Yes,1
T00445,2025-12-01 00:00:00,2025-12-05 12:00:00,Low,Open,Portal,Hardware Failure,A013,Michael Luna,108,Yes,1
T00446,2025-10-08 00:00:00,2025-10-09 09:00:00,Medium,In Progress,Email,Software Bug,A014,Ronald Deleon,33,Yes,4
T00447,2025-12-06 00:00:00,2025-12-08 19:00:00,Medium,Closed,Email,Access Request,A024,Dr. Amber West MD,67,Yes,3
T00448,2025-05-25 00:00:00,2025-05-25 15:00:00,Critical,In Progress,Phone,Software Bug,A017,Ryan Hardin,15,Yes,1
T00449,2025-07-03 00:00:00,2025-07-06 19:00:00,High,In Progress,Email,Access Request,A016,Joseph Wright,91,Yes,4
T00450,2025-12-19 00:00:00,2025-12-24 00:00:00,High,In Progress,Email,Login Issue,A022,Jennifer Foster,120,Yes,4
T00451,2025-02-26 00:00:00,2025-03-02 11:00:00,Critical,In Progress,Email,Access Request,A003,Laurie Scott,107,Yes,5
T00452,2025-05-12 00:00:00,2025-05-15 11:00:00,Critical,Resolved,Chat,Hardware Failure,A002,Tina Wade,83,Yes,2
T00453,2026-02-21 00:00:00,2026-02-21 23:00:00,High,Resolved,Chat,Hardware Failure,A024,Jerry Cummings,23,Yes,1
T00454,2025-02-18 00:00:00,2025-02-22 13:00:00,Low,In Progress,Phone,Software Bug,A012,Chelsey Montgomery,109,No,1
T00455,2025-11-15 00:00:00,2025-11-16 11:00:00,High,Resolved,Phone,Login Issue,A013,Robin Mccormick,35,No,1
T00456,2025-08-22 00:00:00,2025-08-23 11:00:00,Critical,Closed,Phone,Login Issue,A005,Bobby Richard,35,Yes,4
T00457,2026-03-09 00:00:00,2026-03-09 21:00:00,Critical,Closed,Portal,Network Issue,A020,Alan Ramos,21,No,1
T00458,2026-02-03 00:00:00,2026-02-04 22:00:00,Low,In Progress,Portal,Hardware Failure,A004,John Thompson,46,No,5
T00459,2025-08-14 00:00:00,2025-08-14 06:00:00,High,Resolved,Email,Access Request,A025,Jessica Ferguson,6,Yes,1
T00460,2025-12-09 00:00:00,2025-12-13 16:00:00,Low,Closed,Phone,Hardware Failure,A012,Stephen Williams,112,No,3
T00461,2025-03-18 00:00:00,2025-03-22 12:00:00,Low,Open,Phone,Access Request,A016,Christina Hamilton,108,No,5
T00462,2026-03-22 00:00:00,2026-03-22 22:00:00,Critical,Resolved,Phone,Software Bug,A009,Amanda Clark MD,22,Yes,1
T00463,2025-09-17 00:00:00,2025-09-18 05:00:00,Critical,Closed,Phone,Login Issue,A015,Donna Long,29,No,5
T00464,2026-02-15 00:00:00,2026-02-18 02:00:00,Low,Closed,Portal,Software Bug,A004,Mackenzie Parrish,74,No,4
T00465,2026-01-17 00:00:00,2026-01-20 12:00:00,Low,Closed,Portal,Login Issue,A018,Shelby Smith,84,Yes,1
T00466,2026-02-27 00:00:00,2026-02-27 12:00:00,High,In Progress,Portal,Software Bug,A012,Teresa Brown,12,Yes,5
T00467,2026-02-23 00:00:00,2026-02-24 05:00:00,High,Closed,Chat,Hardware Failure,A004,Jonathan Martinez,29,Yes,4
T00468,2026-01-24 00:00:00,2026-01-27 13:00:00,Low,Resolved,Chat,Software Bug,A018,Brian Hunter,85,No,2
T00469,2025-12-26 00:00:00,2025-12-26 14:00:00,Medium,Closed,Phone,Hardware Failure,A004,Brittany Medina,14,No,1
T00470,2025-11-09 00:00:00,2025-11-10 02:00:00,Low,Closed,Phone,Hardware Failure,A007,Debbie Boyle,26,No,2
T00471,2025-02-25 00:00:00,2025-03-01 01:00:00,Low,Open,Portal,Hardware Failure,A022,Derek Dickerson,97,Yes,4
T00472,2025-09-13 00:00:00,2025-09-13 01:00:00,Low,Closed,Portal,Access Request,A025,Tyler Keller,1,Yes,5
T00473,2025-12-21 00:00:00,2025-12-24 03:00:00,Medium,Open,Portal,Access Request,A020,Lisa Pope,75,No,2
T00474,2025-09-16 00:00:00,2025-09-20 17:00:00,Critical,In Progress,Chat,Hardware Failure,A011,Jeffrey Hendrix,113,No,4
T00475,2025-08-20 00:00:00,2025-08-24 08:00:00,Medium,Closed,Chat,Access Request,A011,Adrienne Lowe,104,Yes,2
T00476,2025-04-13 00:00:00,2025-04-14 03:00:00,High,Resolved,Phone,Network Issue,A017,Karen Reyes,27,No,5
T00477,2025-12-30 00:00:00,2025-12-30 15:00:00,Critical,Closed,Chat,Hardware Failure,A001,Monique Hanna,15,Yes,3
T00478,2025-01-13 00:00:00,2025-01-15 01:00:00,Low,Open,Phone,Software Bug,A025,Heather Howard,49,Yes,2
T00479,2025-05-27 00:00:00,2025-05-30 16:00:00,Medium,Open,Chat,Network Issue,A025,Carl Mcguire,88,Yes,3
T00480,2025-07-03 00:00:00,2025-07-07 09:00:00,Low,In Progress,Portal,Network Issue,A017,Joan Soto,105,No,4
T00481,2025-12-21 00:00:00,2025-12-24 14:00:00,Critical,Closed,Portal,Software Bug,A018,Elizabeth Vega,86,Yes,1
T00482,2025-01-07 00:00:00,2025-01-11 00:00:00,Medium,Closed,Phone,Software Bug,A025,Danielle Alvarado,96,Yes,3
T00483,2026-02-02 00:00:00,2026-02-05 21:00:00,High,Closed,Phone,Login Issue,A006,Thomas Knight,93,Yes,2
T00484,2026-01-12 00:00:00,2026-01-14 18:00:00,Critical,Open,Portal,Software Bug,A018,Sarah Santos,66,No,1
T00485,2025-03-08 00:00:00,2025-03-08 21:00:00,High,Open,Chat,Hardware Failure,A023,Kevin Wilson,21,Yes,5
T00486,2025-01-21 00:00:00,2025-01-21 20:00:00,Low,Resolved,Portal,Access Request,A018,Sherry Henson,20,No,3
T00487,2025-02-07 00:00:00,2025-02-11 05:00:00,Medium,In Progress,Email,Access Request,A006,Jennifer Moore,101,No,3
T00488,2025-10-06 00:00:00,2025-10-08 21:00:00,Low,Resolved,Phone,Network Issue,A022,Allison Lopez,69,No,4
T00489,2025-06-19 00:00:00,2025-06-20 23:00:00,Medium,Closed,Email,Login Issue,A022,Megan Alexander,47,No,3
T00490,2025-08-17 00:00:00,2025-08-18 07:00:00,Medium,Open,Chat,Hardware Failure,A004,Steven Proctor,31,No,5
T00491,2025-05-12 00:00:00,2025-05-14 22:00:00,Low,Resolved,Portal,Hardware Failure,A002,Daniel Bradley,70,No,3
T00492,2025-11-30 00:00:00,2025-12-01 01:00:00,Low,Open,Phone,Access Request,A018,Tonya Robles,25,Yes,3
T00493,2025-11-17 00:00:00,2025-11-17 09:00:00,Medium,Closed,Email,Network Issue,A018,Joshua Pearson,9,No,2
T00494,2025-11-28 00:00:00,2025-12-02 09:00:00,Medium,Open,Portal,Software Bug,A002,Sean Moore,105,Yes,1
T00495,2025-02-07 00:00:00,2025-02-07 07:00:00,High,Open,Phone,Software Bug,A014,Marie Roberts,7,No,2
T00496,2025-08-19 00:00:00,2025-08-22 09:00:00,Critical,Resolved,Email,Hardware Failure,A022,Victoria Davis,81,Yes,4
T00497,2025-10-01 00:00:00,2025-10-01 01:00:00,Low,Open,Email,Software Bug,A017,Heather Stuart,1,Yes,5
T00498,2025-05-29 00:00:00,2025-06-02 05:00:00,Low,Resolved,Portal,Hardware Failure,A013,Kevin White,101,Yes,3
T00499,2025-08-31 00:00:00,2025-08-31 21:00:00,Medium,In Progress,Portal,Access Request,A010,Larry Weaver,21,Yes,5
T00500,2025-06-02 00:00:00,2025-06-05 15:00:00,Low,In Progress,Email,Login Issue,A001,Hector Casey,87,No,3
T00501,2025-10-03 00:00:00,2025-10-05 23:00:00,High,In Progress,Chat,Network Issue,A014,Brian Manning,71,Yes,1
T00502,2025-03-24 00:00:00,2025-03-25 00:00:00,High,In Progress,Email,Network Issue,A022,Jennifer Burch,24,Yes,2
T00503,2026-03-12 00:00:00,2026-03-16 01:00:00,Critical,Open,Chat,Login Issue,A009,Brian Murillo,97,Yes,5
T00504,2025-04-12 00:00:00,2025-04-15 21:00:00,Critical,Resolved,Chat,Network Issue,A022,Sandra Davenport,93,Yes,5
T00505,2025-02-21 00:00:00,2025-02-22 13:00:00,Low,In Progress,Chat,Hardware Failure,A015,Laura Drake,37,No,5
T00506,2025-11-12 00:00:00,2025-11-15 13:00:00,Medium,Resolved,Chat,Hardware Failure,A006,Douglas Martinez,85,Yes,3
T00507,2025-06-10 00:00:00,2025-06-11 08:00:00,Critical,Resolved,Chat,Network Issue,A022,Alan Perez,32,No,2
T00508,2026-03-26 00:00:00,2026-03-28 14:00:00,Critical,Resolved,Chat,Hardware Failure,A018,Elijah Ward,62,Yes,4
T00509,2025-03-31 00:00:00,2025-04-03 11:00:00,Low,Resolved,Phone,Access Request,A007,Joshua Hayes,83,No,5
T00510,2026-01-11 00:00:00,2026-01-15 18:00:00,Low,Open,Email,Access Request,A019,George Salinas,114,No,1
T00511,2026-01-29 00:00:00,2026-02-01 04:00:00,Low,Resolved,Portal,Network Issue,A012,Jeremy Kline,76,No,2
T00512,2025-04-25 00:00:00,2025-04-29 19:00:00,High,In Progress,Portal,Access Request,A017,Carlos Booth,115,Yes,5
T00513,2025-07-23 00:00:00,2025-07-24 23:00:00,Low,In Progress,Phone,Access Request,A005,Paul Lee,47,No,5
T00514,2025-03-23 00:00:00,2025-03-23 23:00:00,Medium,Closed,Chat,Login Issue,A008,Leslie Dunn,23,No,5
T00515,2025-04-29 00:00:00,2025-04-29 09:00:00,High,In Progress,Email,Network Issue,A017,Jeff Ellis,9,No,3
T00516,2025-07-18 00:00:00,2025-07-20 13:00:00,Low,Open,Chat,Login Issue,A023,James Davidson,61,No,4
T00517,2026-03-04 00:00:00,2026-03-07 23:00:00,Medium,Closed,Portal,Software Bug,A019,Hannah Ortiz,95,Yes,3
T00518,2025-09-22 00:00:00,2025-09-23 09:00:00,Medium,Closed,Chat,Software Bug,A016,Cody Carpenter,33,No,4
T00519,2025-11-06 00:00:00,2025-11-06 01:00:00,Medium,Closed,Phone,Network Issue,A003,Jesse Robinson,1,No,5
T00520,2025-04-19 00:00:00,2025-04-19 20:00:00,Medium,Resolved,Email,Network Issue,A014,Justin Rhodes,20,No,2
T00521,2026-01-04 00:00:00,2026-01-04 15:00:00,Critical,Closed,Phone,Access Request,A006,Madeline Pierce,15,No,4
T00522,2025-01-12 00:00:00,2025-01-13 08:00:00,Medium,In Progress,Phone,Access Request,A002,Sharon Gonzalez,32,Yes,1
T00523,2025-01-29 00:00:00,2025-01-29 22:00:00,Medium,Closed,Email,Software Bug,A003,Melanie White,22,Yes,3
T00524,2025-08-18 00:00:00,2025-08-21 06:00:00,Critical,In Progress,Phone,Hardware Failure,A020,Colleen Brown,78,Yes,4
T00525,2026-02-11 00:00:00,2026-02-14 03:00:00,High,In Progress,Chat,Hardware Failure,A020,Anita Rivers,75,Yes,2
T00526,2025-04-28 00:00:00,2025-04-30 01:00:00,Medium,Open,Email,Network Issue,A017,Nancy Gordon,49,No,4
T00527,2026-02-28 00:00:00,2026-02-28 20:00:00,Low,In Progress,Portal,Access Request,A020,Jeremy Nelson,20,Yes,5
T00528,2026-03-26 00:00:00,2026-03-30 05:00:00,Low,Open,Portal,Network Issue,A020,Amber Wright,101,Yes,5
T00529,2026-02-01 00:00:00,2026-02-04 15:00:00,Critical,Resolved,Email,Access Request,A014,Kimberly Davis,87,Yes,4
T00530,2026-02-15 00:00:00,2026-02-17 14:00:00,High,Open,Portal,Network Issue,A009,Megan Owens,62,No,4
T00531,2026-01-28 00:00:00,2026-01-29 06:00:00,High,Closed,Chat,Network Issue,A001,Linda Reynolds,30,Yes,1
T00532,2025-10-23 00:00:00,2025-10-25 19:00:00,Low,Closed,Phone,Software Bug,A014,Rebekah Miller,67,No,1
T00533,2025-02-24 00:00:00,2025-02-24 20:00:00,High,Resolved,Portal,Access Request,A012,Christy Schaefer,20,No,4
T00534,2025-12-15 00:00:00,2025-12-17 03:00:00,Critical,Closed,Phone,Software Bug,A018,Taylor Ayala,51,No,2
T00535,2025-05-10 00:00:00,2025-05-11 16:00:00,High,Closed,Phone,Login Issue,A024,Jamie Gibson,40,Yes,5
T00536,2025-08-17 00:00:00,2025-08-21 05:00:00,Low,In Progress,Portal,Software Bug,A018,Jennifer Kaiser,101,Yes,2
T00537,2025-03-24 00:00:00,2025-03-26 02:00:00,Low,In Progress,Portal,Access Request,A014,Jordan Rivera,50,Yes,1
T00538,2025-02-02 00:00:00,2025-02-03 10:00:00,High,Open,Email,Hardware Failure,A013,Sharon Martin,34,No,2
T00539,2025-12-31 00:00:00,2026-01-03 05:00:00,Medium,Closed,Portal,Login Issue,A007,Andrew Wallace,77,No,1
T00540,2025-04-10 00:00:00,2025-04-10 05:00:00,Medium,In Progress,Email,Software Bug,A008,Adam Murphy,5,Yes,5
T00541,2025-03-22 00:00:00,2025-03-22 12:00:00,Critical,Resolved,Portal,Hardware Failure,A019,Caroline Bailey,12,Yes,3
T00542,2025-09-23 00:00:00,2025-09-23 02:00:00,Low,Resolved,Chat,Software Bug,A009,Thomas Terry,2,Yes,1
T00543,2025-11-07 00:00:00,2025-11-08 01:00:00,Critical,Open,Chat,Network Issue,A014,Heather Ellis,25,Yes,4
T00544,2025-10-14 00:00:00,2025-10-14 10:00:00,High,Resolved,Email,Access Request,A009,Matthew Flores,10,No,5
T00545,2025-12-22 00:00:00,2025-12-24 09:00:00,Critical,In Progress,Chat,Hardware Failure,A022,Andrew Parker,57,No,4
T00546,2025-10-28 00:00:00,2025-11-01 15:00:00,Critical,Open,Chat,Login Issue,A013,Eric Santiago,111,Yes,1
T00547,2025-12-13 00:00:00,2025-12-16 18:00:00,High,Closed,Chat,Access Request,A018,Connor Taylor,90,Yes,2
T00548,2025-12-25 00:00:00,2025-12-29 11:00:00,Medium,Resolved,Email,Hardware Failure,A022,Amanda Cortez,107,No,3
T00549,2025-02-08 00:00:00,2025-02-10 23:00:00,Critical,Resolved,Chat,Network Issue,A019,Christine Murray,71,No,2
T00550,2025-04-04 00:00:00,2025-04-08 00:00:00,Critical,In Progress,Phone,Network Issue,A009,Michael Jackson,96,Yes,2
T00551,2025-04-28 00:00:00,2025-04-29 02:00:00,High,In Progress,Email,Login Issue,A003,Melissa Grimes,26,No,2
T00552,2025-11-11 00:00:00,2025-11-11 01:00:00,Low,Closed,Chat,Access Request,A011,Ricky Singleton,1,No,5
T00553,2025-10-22 00:00:00,2025-10-26 16:00:00,Critical,In Progress,Chat,Hardware Failure,A008,Joe Johnson Jr.,112,Yes,3
T00554,2025-01-28 00:00:00,2025-01-30 20:00:00,Critical,Open,Chat,Hardware Failure,A022,James Ramirez,68,Yes,4
T00555,2025-08-23 00:00:00,2025-08-23 16:00:00,Critical,Resolved,Email,Login Issue,A022,Jessica Wilson,16,Yes,5
T00556,2025-07-14 00:00:00,2025-07-17 03:00:00,High,Resolved,Chat,Network Issue,A018,Zachary Richard,75,No,1
T00557,2025-05-02 00:00:00,2025-05-03 11:00:00,High,Resolved,Phone,Hardware Failure,A014,Elizabeth Edwards,35,Yes,4
T00558,2025-08-03 00:00:00,2025-08-06 18:00:00,High,Closed,Chat,Hardware Failure,A006,Willie Hendrix,90,Yes,3
T00559,2025-10-22 00:00:00,2025-10-25 16:00:00,Low,Resolved,Phone,Access Request,A014,Robert Riley,88,No,2
T00560,2025-04-11 00:00:00,2025-04-11 19:00:00,Critical,Open,Phone,Hardware Failure,A016,Aaron Sanchez,19,Yes,2
T00561,2026-03-11 00:00:00,2026-03-14 09:00:00,High,Closed,Chat,Software Bug,A018,Kimberly Prince,81,Yes,5
T00562,2025-07-23 00:00:00,2025-07-23 13:00:00,Low,In Progress,Chat,Hardware Failure,A021,Nicole Wilcox,13,Yes,2
T00563,2025-08-19 00:00:00,2025-08-23 00:00:00,High,Resolved,Chat,Access Request,A018,Michael Black,96,No,3
T00564,2025-06-26 00:00:00,2025-06-26 03:00:00,Low,Resolved,Phone,Access Request,A019,Chris Lopez,3,Yes,4
T00565,2026-02-04 00:00:00,2026-02-05 13:00:00,High,Closed,Portal,Login Issue,A013,Tina Rogers,37,No,3
T00566,2025-08-26 00:00:00,2025-08-29 09:00:00,Medium,Resolved,Portal,Access Request,A019,Thomas Rodriguez,81,No,2
T00567,2026-03-11 00:00:00,2026-03-15 21:00:00,Low,In Progress,Chat,Network Issue,A011,Richard Harris,117,No,1
T00568,2025-12-01 00:00:00,2025-12-02 14:00:00,Critical,Resolved,Portal,Software Bug,A024,Yvette Collier,38,No,3
T00569,2025-07-31 00:00:00,2025-07-31 22:00:00,Low,In Progress,Phone,Software Bug,A024,Shannon Glover,22,Yes,2
T00570,2025-04-18 00:00:00,2025-04-18 22:00:00,Low,Open,Email,Hardware Failure,A018,Stephen Sawyer,22,Yes,4
T00571,2025-01-14 00:00:00,2025-01-18 03:00:00,Low,Open,Chat,Access Request,A005,Jack Cox,99,Yes,4
T00572,2025-12-02 00:00:00,2025-12-07 00:00:00,High,In Progress,Phone,Software Bug,A015,Jessica Schultz,120,Yes,4
T00573,2025-03-09 00:00:00,2025-03-11 20:00:00,Low,Open,Chat,Software Bug,A016,Nicole Stevens,68,No,2
T00574,2026-03-22 00:00:00,2026-03-24 22:00:00,Critical,In Progress,Phone,Access Request,A020,Ethan Shelton,70,No,3
T00575,2025-11-20 00:00:00,2025-11-24 00:00:00,Critical,Resolved,Chat,Hardware Failure,A018,Cody Wiggins,96,Yes,5
T00576,2026-02-17 00:00:00,2026-02-17 12:00:00,High,Resolved,Portal,Software Bug,A005,Carolyn Rodriguez,12,No,4
T00577,2025-01-06 00:00:00,2025-01-06 01:00:00,Medium,Resolved,Chat,Hardware Failure,A018,Brandon Taylor,1,Yes,5
T00578,2025-12-19 00:00:00,2025-12-23 23:00:00,Critical,Resolved,Email,Hardware Failure,A010,Maxwell Myers,119,Yes,4
T00579,2026-02-12 00:00:00,2026-02-12 01:00:00,High,In Progress,Portal,Access Request,A014,Andrew Jones,1,No,5
T00580,2025-05-08 00:00:00,2025-05-08 21:00:00,Critical,In Progress,Chat,Login Issue,A014,James Santos,21,Yes,4
T00581,2025-09-22 00:00:00,2025-09-26 02:00:00,High,Resolved,Chat,Hardware Failure,A007,April Mendoza,98,Yes,5
T00582,2025-04-04 00:00:00,2025-04-04 18:00:00,Low,Closed,Portal,Software Bug,A023,Victor Duncan,18,No,3
T00583,2025-04-07 00:00:00,2025-04-08 18:00:00,Medium,Open,Email,Network Issue,A004,Jeremy Graves,42,No,1
T00584,2025-05-18 00:00:00,2025-05-18 17:00:00,Low,In Progress,Email,Network Issue,A001,Erin Smith,17,No,4
T00585,2025-04-22 00:00:00,2025-04-23 20:00:00,High,Closed,Chat,Hardware Failure,A023,Joseph Kim,44,Yes,4
T00586,2025-06-19 00:00:00,2025-06-19 11:00:00,Low,Resolved,Portal,Login Issue,A018,Paula Roberts,11,No,2
T00587,2025-04-03 00:00:00,2025-04-04 01:00:00,Critical,Open,Email,Network Issue,A013,Matthew Thompson,25,No,3
T00588,2025-05-07 00:00:00,2025-05-10 23:00:00,Medium,Closed,Email,Access Request,A022,Eduardo Brown,95,Yes,1
T00589,2025-08-31 00:00:00,2025-09-02 02:00:00,High,In Progress,Email,Access Request,A017,Julie Davidson,50,Yes,3
T00590,2025-05-10 00:00:00,2025-05-12 14:00:00,Medium,Resolved,Email,Network Issue,A004,Paul Allen,62,Yes,3
T00591,2025-11-21 00:00:00,2025-11-23 08:00:00,Low,In Progress,Chat,Access Request,A004,Mariah Hernandez,56,No,3
T00592,2026-02-09 00:00:00,2026-02-10 08:00:00,Low,Closed,Phone,Software Bug,A025,Alexandra Williams,32,Yes,1
T00593,2025-05-08 00:00:00,2025-05-08 21:00:00,Low,Resolved,Email,Login Issue,A012,Rodney Hinton,21,Yes,4
T00594,2025-12-26 00:00:00,2025-12-28 21:00:00,Medium,Closed,Phone,Software Bug,A018,Carol Horne,69,No,1
T00595,2026-02-17 00:00:00,2026-02-21 19:00:00,Medium,Open,Portal,Software Bug,A024,Andrea Cummings DDS,115,Yes,4
T00596,2025-05-09 00:00:00,2025-05-13 20:00:00,Critical,Closed,Chat,Access Request,A023,Carlos Davis,116,No,1
T00597,2025-04-08 00:00:00,2025-04-11 01:00:00,High,Resolved,Portal,Software Bug,A020,Scott Hall,73,Yes,2
T00598,2025-02-05 00:00:00,2025-02-07 20:00:00,Critical,Resolved,Chat,Access Request,A012,William Norton,68,No,2
T00599,2025-01-01 00:00:00,2025-01-05 04:00:00,Critical,In Progress,Email,Access Request,A012,Paul Martinez,100,Yes,5
T00600,2025-06-14 00:00:00,2025-06-17 21:00:00,Critical,In Progress,Portal,Access Request,A005,Ruth Miller,93,No,1
T00601,2025-06-15 00:00:00,2025-06-17 05:00:00,Low,Open,Email,Login Issue,A005,Jason Pierce,53,Yes,3
T00602,2026-03-24 00:00:00,2026-03-24 05:00:00,Low,Closed,Phone,Login Issue,A002,Kevin Foster,5,No,2
T00603,2025-12-03 00:00:00,2025-12-05 15:00:00,High,Open,Chat,Network Issue,A020,Hannah Ochoa DDS,63,Yes,5
T00604,2025-01-07 00:00:00,2025-01-12 00:00:00,Critical,Open,Portal,Login Issue,A012,Gerald Vazquez,120,No,2
T00605,2026-02-25 00:00:00,2026-02-27 00:00:00,High,Open,Email,Software Bug,A003,Ronald Howard,48,Yes,1
T00606,2025-09-23 00:00:00,2025-09-23 13:00:00,Medium,Closed,Phone,Network Issue,A017,Benjamin Ellis,13,Yes,1
T00607,2025-10-19 00:00:00,2025-10-22 09:00:00,Critical,Open,Chat,Hardware Failure,A023,Courtney Reyes,81,No,2
T00608,2025-02-23 00:00:00,2025-02-23 22:00:00,Critical,Resolved,Phone,Access Request,A020,Juan Poole,22,No,2
T00609,2025-06-30 00:00:00,2025-07-04 20:00:00,High,Resolved,Portal,Hardware Failure,A024,Gregory Dixon,116,No,3
T00610,2025-11-08 00:00:00,2025-11-09 07:00:00,Medium,Closed,Chat,Software Bug,A015,Eugene Reynolds,31,No,5
T00611,2025-07-23 00:00:00,2025-07-23 01:00:00,High,Open,Phone,Software Bug,A001,Mark Casey,1,No,1
T00612,2025-04-24 00:00:00,2025-04-25 04:00:00,Low,Resolved,Phone,Login Issue,A002,Angela Edwards,28,No,3
T00613,2025-07-02 00:00:00,2025-07-02 20:00:00,High,Resolved,Phone,Network Issue,A009,Patricia French,20,No,2
T00614,2025-02-17 00:00:00,2025-02-20 02:00:00,Medium,Open,Chat,Hardware Failure,A006,Christopher Moore,74,No,4
T00615,2026-02-27 00:00:00,2026-03-03 20:00:00,Low,Resolved,Email,Access Request,A013,Michael Baker,116,Yes,5
T00616,2026-02-04 00:00:00,2026-02-04 08:00:00,High,Closed,Portal,Login Issue,A025,Kenneth Dominguez,8,Yes,3
T00617,2026-01-18 00:00:00,2026-01-21 12:00:00,Low,Closed,Email,Software Bug,A017,Brittany Contreras,84,Yes,5
T00618,2025-06-13 00:00:00,2025-06-15 22:00:00,Medium,Resolved,Phone,Network Issue,A002,Jacob Harris,70,No,5
T00619,2025-08-17 00:00:00,2025-08-21 01:00:00,Low,In Progress,Portal,Software Bug,A013,Laura Schultz,97,Yes,5
T00620,2025-03-09 00:00:00,2025-03-10 20:00:00,Critical,Open,Portal,Software Bug,A003,Jennifer Sims,44,No,1
T00621,2025-09-14 00:00:00,2025-09-16 08:00:00,Medium,Closed,Phone,Hardware Failure,A013,Mr. Jason Smith MD,56,Yes,2
T00622,2025-10-15 00:00:00,2025-10-18 07:00:00,Medium,In Progress,Email,Software Bug,A025,Sara Garrett,79,No,5
T00623,2025-06-15 00:00:00,2025-06-18 16:00:00,Low,Open,Portal,Hardware Failure,A012,Rebecca Weaver,88,No,5
T00624,2025-04-08 00:00:00,2025-04-09 18:00:00,Low,Resolved,Phone,Software Bug,A020,Jason Adams,42,No,3
T00625,2025-11-16 00:00:00,2025-11-16 19:00:00,Low,In Progress,Phone,Software Bug,A005,Thomas Rodriguez,19,Yes,4
T00626,2025-02-27 00:00:00,2025-03-02 23:00:00,Medium,In Progress,Chat,Login Issue,A011,Christina Brown DDS,95,Yes,1
T00627,2025-06-06 00:00:00,2025-06-08 10:00:00,Low,Resolved,Phone,Access Request,A007,Elizabeth Torres,58,Yes,4
T00628,2025-10-07 00:00:00,2025-10-09 19:00:00,Critical,In Progress,Email,Hardware Failure,A019,Brandy Cruz,67,Yes,3
T00629,2025-05-11 00:00:00,2025-05-11 22:00:00,High,In Progress,Chat,Login Issue,A015,Mrs. Susan Chang MD,22,Yes,1
T00630,2025-02-04 00:00:00,2025-02-06 02:00:00,High,Open,Email,Software Bug,A021,Regina Cobb,50,No,3
T00631,2025-04-29 00:00:00,2025-05-01 01:00:00,Low,Resolved,Portal,Access Request,A018,Melissa Hicks,49,Yes,5
T00632,2025-04-06 00:00:00,2025-04-07 02:00:00,Critical,Open,Email,Network Issue,A017,Kathryn Jackson,26,No,5
T00633,2025-06-20 00:00:00,2025-06-22 15:00:00,Medium,Open,Chat,Software Bug,A012,Katie Garcia,63,No,4
T00634,2025-05-01 00:00:00,2025-05-03 17:00:00,Low,Resolved,Portal,Login Issue,A018,Morgan Payne,65,No,3
T00635,2025-04-26 00:00:00,2025-04-26 20:00:00,Critical,In Progress,Email,Hardware Failure,A017,Edward Patel,20,Yes,3
T00636,2025-08-02 00:00:00,2025-08-03 07:00:00,Medium,Closed,Chat,Access Request,A011,Austin Flores,31,No,5
T00637,2025-10-05 00:00:00,2025-10-05 17:00:00,Medium,In Progress,Phone,Software Bug,A023,Raymond Phelps,17,Yes,2
T00638,2025-08-09 00:00:00,2025-08-13 21:00:00,Medium,Resolved,Email,Access Request,A018,Bonnie Bennett,117,Yes,2
T00639,2025-04-05 00:00:00,2025-04-06 17:00:00,Low,Resolved,Portal,Hardware Failure,A010,Samantha Bates,41,No,2
T00640,2026-01-17 00:00:00,2026-01-22 00:00:00,Medium,In Progress,Email,Network Issue,A006,Sherri Clark,120,Yes,3
T00641,2026-01-26 00:00:00,2026-01-29 07:00:00,High,In Progress,Phone,Network Issue,A022,Travis Sandoval,79,Yes,5
T00642,2025-07-03 00:00:00,2025-07-03 11:00:00,Medium,Closed,Chat,Network Issue,A013,Nicolas Allen,11,No,4
T00643,2025-08-31 00:00:00,2025-08-31 18:00:00,Medium,In Progress,Email,Hardware Failure,A025,Rachel Reed,18,Yes,2
T00644,2025-05-19 00:00:00,2025-05-21 05:00:00,Medium,In Progress,Email,Network Issue,A015,Karen Yu,53,No,2
T00645,2025-12-19 00:00:00,2025-12-20 18:00:00,Medium,Closed,Portal,Login Issue,A020,Heather Padilla,42,No,4
T00646,2026-01-04 00:00:00,2026-01-05 17:00:00,Low,Open,Portal,Hardware Failure,A002,James Cruz,41,Yes,4
T00647,2025-09-23 00:00:00,2025-09-25 21:00:00,Low,Closed,Email,Network Issue,A010,Brianna Berry MD,69,No,4
T00648,2025-07-23 00:00:00,2025-07-27 18:00:00,High,Closed,Phone,Hardware Failure,A010,George Gallegos,114,Yes,3
T00649,2025-12-20 00:00:00,2025-12-22 19:00:00,Critical,Closed,Email,Access Request,A004,Jeffrey White,67,Yes,2
T00650,2026-02-03 00:00:00,2026-02-06 03:00:00,Medium,Closed,Portal,Software Bug,A015,Angela Lane,75,Yes,5
T00651,2025-04-02 00:00:00,2025-04-04 11:00:00,Medium,Closed,Email,Software Bug,A011,Jason Sutton,59,Yes,5
T00652,2026-01-03 00:00:00,2026-01-06 22:00:00,Low,Open,Portal,Software Bug,A003,Jeremy Arellano,94,No,1
T00653,2026-01-08 00:00:00,2026-01-12 06:00:00,Medium,Closed,Portal,Login Issue,A025,Jessica Anderson,102,Yes,5
T00654,2025-06-21 00:00:00,2025-06-24 01:00:00,Medium,In Progress,Phone,Login Issue,A014,Thomas Navarro,73,No,2
T00655,2025-06-08 00:00:00,2025-06-11 22:00:00,High,In Progress,Email,Network Issue,A007,Mr. Bradley Logan Jr.,94,Yes,4
T00656,2025-11-15 00:00:00,2025-11-19 02:00:00,Low,Closed,Portal,Hardware Failure,A018,Edward Mccormick,98,Yes,3
T00657,2025-11-08 00:00:00,2025-11-12 17:00:00,Medium,In Progress,Portal,Hardware Failure,A014,Robert Bowers,113,No,4
T00658,2025-02-10 00:00:00,2025-02-13 05:00:00,Low,In Progress,Chat,Access Request,A021,Peter Thomas,77,Yes,5
T00659,2025-01-26 00:00:00,2025-01-27 00:00:00,Low,Resolved,Email,Network Issue,A002,Mr. George Foster,24,No,2
T00660,2025-06-19 00:00:00,2025-06-23 22:00:00,Low,Open,Portal,Network Issue,A006,Christina Olsen,118,No,1
T00661,2025-11-09 00:00:00,2025-11-12 13:00:00,Medium,Closed,Chat,Login Issue,A003,Lindsay Bowman,85,No,5
T00662,2025-06-15 00:00:00,2025-06-17 00:00:00,Low,Closed,Email,Software Bug,A016,Dawn Henderson,48,Yes,4
T00663,2025-03-04 00:00:00,2025-03-07 17:00:00,High,Closed,Phone,Network Issue,A020,Hannah Myers,89,Yes,3
T00664,2025-02-25 00:00:00,2025-02-28 02:00:00,Low,Closed,Chat,Hardware Failure,A020,Gregory Patterson,74,No,5
T00665,2025-05-13 00:00:00,2025-05-15 20:00:00,High,In Progress,Portal,Access Request,A024,Tommy Weber,68,No,5
T00666,2025-09-10 00:00:00,2025-09-14 08:00:00,Medium,Resolved,Phone,Login Issue,A004,Kenneth Chavez,104,Yes,2
T00667,2025-08-27 00:00:00,2025-08-30 09:00:00,Medium,Closed,Portal,Login Issue,A011,Cassidy Rogers,81,No,1
T00668,2025-10-14 00:00:00,2025-10-18 08:00:00,Low,In Progress,Chat,Software Bug,A003,Abigail Davis,104,No,2
T00669,2025-06-03 00:00:00,2025-06-05 17:00:00,High,Open,Email,Software Bug,A011,Oscar Davis,65,No,5
T00670,2026-01-06 00:00:00,2026-01-09 01:00:00,Low,In Progress,Phone,Software Bug,A011,Reginald Miller,73,No,5
T00671,2025-08-31 00:00:00,2025-09-04 07:00:00,Medium,Closed,Phone,Hardware Failure,A018,Mrs. Jennifer Fernandez,103,No,1
T00672,2025-08-25 00:00:00,2025-08-29 05:00:00,Low,Resolved,Chat,Access Request,A018,Jessica Fletcher,101,Yes,4
T00673,2025-04-17 00:00:00,2025-04-20 02:00:00,High,Open,Phone,Software Bug,A001,Johnny Sanchez DVM,74,No,3
T00674,2025-07-12 00:00:00,2025-07-15 09:00:00,Medium,Closed,Phone,Access Request,A004,Howard Perry,81,No,5
T00675,2025-12-28 00:00:00,2026-01-01 14:00:00,Low,Resolved,Portal,Login Issue,A016,Monica Taylor,110,Yes,3
T00676,2025-07-10 00:00:00,2025-07-12 10:00:00,Medium,Resolved,Phone,Login Issue,A012,Johnny Sanders,58,Yes,3
T00677,2026-02-03 00:00:00,2026-02-04 02:00:00,Critical,Open,Portal,Access Request,A005,Ricardo Eaton,26,Yes,1
T00678,2025-06-24 00:00:00,2025-06-28 23:00:00,High,Resolved,Phone,Login Issue,A017,Susan Burns,119,Yes,4
T00679,2025-04-16 00:00:00,2025-04-19 21:00:00,Critical,Closed,Email,Login Issue,A010,Anna Martinez,93,Yes,1
T00680,2025-12-18 00:00:00,2025-12-22 13:00:00,Low,Resolved,Portal,Login Issue,A004,Robin Wells,109,No,5
T00681,2025-01-12 00:00:00,2025-01-15 02:00:00,Medium,Resolved,Phone,Network Issue,A010,Gerald Lee,74,No,3
T00682,2025-09-30 00:00:00,2025-10-01 17:00:00,Low,Resolved,Phone,Network Issue,A009,Michelle Flynn,41,Yes,4
T00683,2025-01-08 00:00:00,2025-01-11 08:00:00,Low,In Progress,Chat,Access Request,A011,Rachel Smith,80,No,5
T00684,2025-03-14 00:00:00,2025-03-17 19:00:00,Medium,In Progress,Email,Software Bug,A020,Tammy Baker,91,No,3
T00685,2025-10-04 00:00:00,2025-10-06 09:00:00,Medium,Open,Portal,Login Issue,A004,Michael Lewis,57,No,1
T00686,2025-01-28 00:00:00,2025-01-28 12:00:00,Critical,In Progress,Portal,Access Request,A012,Daniel Bell,12,No,4
T00687,2025-06-20 00:00:00,2025-06-24 09:00:00,Low,Closed,Phone,Login Issue,A023,Mr. Lee Hull,105,No,2
T00688,2025-02-19 00:00:00,2025-02-21 11:00:00,Critical,Closed,Phone,Network Issue,A005,William Smith,59,No,3
T00689,2025-07-06 00:00:00,2025-07-08 03:00:00,High,Resolved,Portal,Hardware Failure,A001,Ryan Robertson,51,Yes,2
T00690,2025-09-01 00:00:00,2025-09-01 15:00:00,Critical,Closed,Phone,Software Bug,A025,Valerie Richardson,15,No,3
T00691,2025-11-06 00:00:00,2025-11-09 02:00:00,Low,Closed,Email,Software Bug,A018,Lauren Walsh,74,Yes,2
T00692,2026-02-10 00:00:00,2026-02-11 15:00:00,Critical,Closed,Portal,Network Issue,A020,Derek Sanders,39,Yes,5
T00693,2025-10-08 00:00:00,2025-10-08 21:00:00,Critical,Open,Chat,Network Issue,A023,Kristina Turner,21,No,4
T00694,2026-02-06 00:00:00,2026-02-08 08:00:00,High,In Progress,Phone,Login Issue,A024,Shelley Miller,56,No,5
T00695,2025-02-28 00:00:00,2025-03-03 04:00:00,Critical,Resolved,Email,Hardware Failure,A006,Jessica Watson,76,No,5
T00696,2025-07-27 00:00:00,2025-07-27 09:00:00,Low,Closed,Chat,Hardware Failure,A021,Jennifer Williams,9,Yes,5
T00697,2025-02-16 00:00:00,2025-02-17 04:00:00,Low,In Progress,Phone,Hardware Failure,A018,Autumn Johnson,28,No,2
T00698,2025-07-19 00:00:00,2025-07-22 07:00:00,Critical,In Progress,Phone,Software Bug,A010,Carl Brown,79,No,5
T00699,2025-08-11 00:00:00,2025-08-14 20:00:00,Low,Open,Portal,Network Issue,A010,Melissa Davis,92,Yes,3
T00700,2025-07-09 00:00:00,2025-07-13 20:00:00,Low,Open,Chat,Login Issue,A010,Michele Brown,116,Yes,5
T00701,2025-05-01 00:00:00,2025-05-03 08:00:00,Critical,Resolved,Portal,Hardware Failure,A013,James Hunt,56,No,5
T00702,2025-10-07 00:00:00,2025-10-08 04:00:00,Critical,In Progress,Phone,Access Request,A013,Joe James,28,No,2
T00703,2026-03-07 00:00:00,2026-03-09 06:00:00,High,In Progress,Phone,Login Issue,A003,James Watts,54,Yes,2
T00704,2025-03-15 00:00:00,2025-03-18 21:00:00,Critical,In Progress,Email,Network Issue,A021,Daniel Snow,93,No,4
T00705,2026-03-17 00:00:00,2026-03-19 11:00:00,Critical,In Progress,Portal,Access Request,A014,Cynthia Conner,59,No,5
T00706,2025-07-16 00:00:00,2025-07-17 22:00:00,Medium,Closed,Email,Access Request,A016,Robert Hartman,46,Yes,2
T00707,2025-12-31 00:00:00,2026-01-02 17:00:00,Critical,Resolved,Email,Login Issue,A019,Chad Taylor,65,No,3
T00708,2025-12-27 00:00:00,2025-12-29 00:00:00,Critical,Open,Phone,Access Request,A025,Kyle Jones,48,No,1
T00709,2025-08-27 00:00:00,2025-08-29 19:00:00,Low,In Progress,Portal,Login Issue,A022,William Gomez,67,No,1
T00710,2025-11-10 00:00:00,2025-11-10 07:00:00,Low,Closed,Portal,Access Request,A016,Mary Pacheco,7,No,3
T00711,2025-08-04 00:00:00,2025-08-05 22:00:00,High,In Progress,Email,Access Request,A024,Alejandra Mejia,46,No,3
T00712,2026-01-08 00:00:00,2026-01-12 05:00:00,High,Open,Portal,Access Request,A006,Mary Fowler,101,Yes,5
T00713,2025-12-03 00:00:00,2025-12-04 14:00:00,Low,Resolved,Portal,Login Issue,A005,Kerri Pearson,38,Yes,5
T00714,2026-03-12 00:00:00,2026-03-16 05:00:00,High,In Progress,Chat,Software Bug,A009,Steven Martin,101,Yes,3
T00715,2026-01-15 00:00:00,2026-01-15 15:00:00,Medium,In Progress,Portal,Software Bug,A006,Bonnie Case,15,No,5
T00716,2026-02-05 00:00:00,2026-02-08 18:00:00,Critical,In Progress,Email,Software Bug,A003,Erin Hall,90,Yes,2
T00717,2025-11-01 00:00:00,2025-11-06 00:00:00,Critical,Closed,Portal,Network Issue,A022,Adriana Herman,120,No,2
T00718,2026-01-07 00:00:00,2026-01-10 10:00:00,Medium,Resolved,Email,Software Bug,A025,Joshua Johns,82,Yes,2
T00719,2025-01-27 00:00:00,2025-01-27 22:00:00,Critical,Closed,Chat,Hardware Failure,A024,Ashley Barron,22,Yes,4
T00720,2025-07-14 00:00:00,2025-07-17 16:00:00,Critical,Resolved,Phone,Access Request,A014,Shannon Nichols,88,Yes,4
T00721,2025-05-28 00:00:00,2025-06-01 23:00:00,Critical,Resolved,Email,Login Issue,A018,Jeffrey King,119,No,4
T00722,2026-03-09 00:00:00,2026-03-11 08:00:00,High,Resolved,Chat,Software Bug,A004,Monica Parker,56,No,5
T00723,2025-12-02 00:00:00,2025-12-05 03:00:00,Critical,In Progress,Phone,Access Request,A011,Sharon Cooley DVM,75,Yes,4
T00724,2025-06-10 00:00:00,2025-06-12 23:00:00,Low,Open,Email,Hardware Failure,A004,Shannon Hester,71,Yes,1
T00725,2025-12-17 00:00:00,2025-12-19 10:00:00,Medium,Resolved,Chat,Network Issue,A002,Robert Sandoval,58,Yes,3
T00726,2025-11-14 00:00:00,2025-11-14 12:00:00,Medium,Open,Email,Login Issue,A020,Eric Smith,12,Yes,1
T00727,2025-07-12 00:00:00,2025-07-15 13:00:00,Medium,Open,Phone,Software Bug,A010,Andrew Day,85,No,5
T00728,2025-12-05 00:00:00,2025-12-10 00:00:00,Critical,Resolved,Portal,Software Bug,A009,Amy Horton,120,Yes,1
T00729,2026-02-04 00:00:00,2026-02-04 10:00:00,Low,Closed,Portal,Software Bug,A002,Tyler Contreras,10,No,3
T00730,2026-02-21 00:00:00,2026-02-22 10:00:00,Critical,Open,Portal,Network Issue,A020,Christopher Moore,34,No,2
T00731,2025-04-02 00:00:00,2025-04-05 11:00:00,Low,In Progress,Portal,Network Issue,A020,Tracy Fuller,83,Yes,4
T00732,2025-08-15 00:00:00,2025-08-18 20:00:00,Low,Open,Email,Login Issue,A019,Kaitlyn Garcia,92,No,3
T00733,2026-02-02 00:00:00,2026-02-04 10:00:00,Critical,In Progress,Email,Login Issue,A022,Chris Nguyen,58,No,1
T00734,2025-05-17 00:00:00,2025-05-17 20:00:00,Critical,Open,Portal,Hardware Failure,A014,Kimberly Davis,20,No,3
T00735,2026-03-09 00:00:00,2026-03-12 22:00:00,Medium,Open,Portal,Hardware Failure,A004,David Jones,94,No,1
T00736,2025-06-20 00:00:00,2025-06-23 16:00:00,Critical,Open,Email,Software Bug,A018,Tony Martinez,88,No,3
T00737,2025-02-11 00:00:00,2025-02-15 12:00:00,High,In Progress,Phone,Access Request,A002,Cory Moore,108,No,4
T00738,2025-12-05 00:00:00,2025-12-06 01:00:00,Critical,Open,Chat,Hardware Failure,A003,Abigail Leblanc,25,No,3
T00739,2026-01-12 00:00:00,2026-01-13 01:00:00,Low,In Progress,Email,Access Request,A008,Lisa Patrick,25,No,2
T00740,2025-07-19 00:00:00,2025-07-19 09:00:00,High,Closed,Portal,Login Issue,A002,Gregory Obrien,9,No,5
T00741,2025-01-29 00:00:00,2025-01-30 20:00:00,Critical,Open,Phone,Access Request,A015,Jennifer Carlson,44,Yes,1
T00742,2026-01-15 00:00:00,2026-01-18 03:00:00,Low,Open,Phone,Hardware Failure,A021,Joel Nguyen,75,Yes,2
T00743,2025-08-30 00:00:00,2025-09-03 21:00:00,Low,In Progress,Phone,Login Issue,A006,Emily Johnson,117,Yes,5
T00744,2025-06-07 00:00:00,2025-06-11 10:00:00,Critical,In Progress,Email,Login Issue,A004,Dean Keith,106,No,1
T00745,2025-11-01 00:00:00,2025-11-05 07:00:00,Medium,Open,Phone,Hardware Failure,A011,Autumn Massey,103,No,5
T00746,2025-06-16 00:00:00,2025-06-16 16:00:00,Medium,Resolved,Phone,Login Issue,A019,Evan Elliott,16,Yes,5
T00747,2025-06-21 00:00:00,2025-06-21 09:00:00,High,In Progress,Portal,Network Issue,A023,Brandon Evans,9,No,1
T00748,2025-10-11 00:00:00,2025-10-11 22:00:00,Medium,Open,Phone,Login Issue,A021,Melissa Neal,22,No,4
T00749,2026-02-03 00:00:00,2026-02-03 21:00:00,Critical,Open,Email,Login Issue,A006,Patrick Wyatt,21,Yes,1
T00750,2025-12-28 00:00:00,2025-12-31 12:00:00,High,Closed,Portal,Network Issue,A007,Lynn Turner,84,Yes,5
T00751,2025-11-24 00:00:00,2025-11-25 11:00:00,Critical,Closed,Phone,Network Issue,A020,Shannon Robinson,35,Yes,5
T00752,2025-11-02 00:00:00,2025-11-03 00:00:00,Low,Resolved,Chat,Hardware Failure,A001,Michael Nelson,24,Yes,4
T00753,2025-04-09 00:00:00,2025-04-09 16:00:00,Low,Resolved,Phone,Hardware Failure,A025,Brittney Green,16,Yes,5
T00754,2025-05-22 00:00:00,2025-05-22 07:00:00,Low,In Progress,Portal,Hardware Failure,A006,Mary Mendoza,7,Yes,2
T00755,2025-12-10 00:00:00,2025-12-14 23:00:00,Low,Resolved,Chat,Network Issue,A014,Erin Young,119,No,1
T00756,2025-06-21 00:00:00,2025-06-24 07:00:00,Low,Open,Email,Access Request,A006,Denise Booker,79,Yes,4
T00757,2026-02-07 00:00:00,2026-02-07 04:00:00,Low,Open,Phone,Hardware Failure,A019,James May,4,No,4
T00758,2025-08-03 00:00:00,2025-08-04 02:00:00,Medium,Open,Chat,Network Issue,A004,Stephanie Evans,26,Yes,3
T00759,2026-01-13 00:00:00,2026-01-15 05:00:00,Critical,In Progress,Email,Hardware Failure,A019,Roger Hale,53,No,2
T00760,2025-01-28 00:00:00,2025-02-01 18:00:00,Medium,In Progress,Portal,Network Issue,A013,Hayden Perry,114,No,4
T00761,2025-03-11 00:00:00,2025-03-13 11:00:00,High,Resolved,Phone,Software Bug,A005,Taylor Lee,59,Yes,2
T00762,2025-12-21 00:00:00,2025-12-24 01:00:00,High,In Progress,Email,Hardware Failure,A015,Juan Drake,73,No,1
T00763,2025-03-29 00:00:00,2025-04-02 02:00:00,Medium,Resolved,Phone,Access Request,A006,Kimberly Leon,98,Yes,3
T00764,2025-02-14 00:00:00,2025-02-16 05:00:00,Critical,In Progress,Portal,Hardware Failure,A009,Amber Brown,53,Yes,5
T00765,2026-01-09 00:00:00,2026-01-11 07:00:00,Medium,Resolved,Portal,Access Request,A008,Jason Flores,55,Yes,2
T00766,2025-10-21 00:00:00,2025-10-25 19:00:00,Critical,Open,Email,Hardware Failure,A024,Jason Davis,115,Yes,1
T00767,2025-08-06 00:00:00,2025-08-08 20:00:00,Critical,Open,Portal,Hardware Failure,A008,James Burke,68,Yes,4
T00768,2025-10-13 00:00:00,2025-10-17 01:00:00,Critical,In Progress,Phone,Software Bug,A010,Caleb Schroeder,97,Yes,1
T00769,2025-11-28 00:00:00,2025-11-28 12:00:00,Critical,Resolved,Phone,Hardware Failure,A019,Felicia Richardson,12,Yes,1
T00770,2025-08-21 00:00:00,2025-08-23 12:00:00,Critical,In Progress,Chat,Hardware Failure,A023,Shelby Hall,60,Yes,2
T00771,2026-03-17 00:00:00,2026-03-20 09:00:00,Critical,Resolved,Email,Software Bug,A014,Kenneth Smith,81,No,1
T00772,2025-12-24 00:00:00,2025-12-27 07:00:00,Medium,Open,Chat,Login Issue,A017,Isaac Moss,79,No,5
T00773,2025-01-27 00:00:00,2025-01-27 15:00:00,High,Closed,Email,Software Bug,A012,David Gomez,15,Yes,4
T00774,2025-11-28 00:00:00,2025-12-01 00:00:00,Medium,In Progress,Chat,Network Issue,A018,Lori Herrera,72,Yes,1
T00775,2025-11-29 00:00:00,2025-12-01 14:00:00,Medium,In Progress,Chat,Software Bug,A009,Omar Davis,62,No,5
T00776,2025-05-22 00:00:00,2025-05-22 07:00:00,High,Resolved,Portal,Hardware Failure,A017,Lucas Malone,7,Yes,1
T00777,2025-08-29 00:00:00,2025-09-01 19:00:00,High,Closed,Chat,Login Issue,A007,Joshua Palmer,91,No,5
T00778,2025-02-14 00:00:00,2025-02-14 11:00:00,Medium,Resolved,Email,Login Issue,A006,Jeremy White,11,No,4
T00779,2025-02-27 00:00:00,2025-03-02 18:00:00,Critical,In Progress,Phone,Access Request,A021,Ryan Keller,90,Yes,2
T00780,2025-05-31 00:00:00,2025-06-02 06:00:00,Medium,Closed,Chat,Hardware Failure,A015,Megan Carter,54,Yes,5
T00781,2025-05-30 00:00:00,2025-05-31 01:00:00,Low,In Progress,Chat,Hardware Failure,A019,Michael Walters,25,No,1
T00782,2025-12-02 00:00:00,2025-12-05 11:00:00,Critical,Closed,Portal,Software Bug,A019,Kyle Fowler,83,Yes,3
T00783,2026-02-09 00:00:00,2026-02-10 16:00:00,High,In Progress,Portal,Software Bug,A010,John Roberts,40,Yes,2
T00784,2025-03-17 00:00:00,2025-03-18 22:00:00,Critical,In Progress,Phone,Access Request,A010,Aimee Sherman,46,Yes,3
T00785,2025-03-31 00:00:00,2025-04-04 12:00:00,Medium,In Progress,Email,Login Issue,A011,Danielle Leblanc,108,Yes,2
T00786,2025-08-14 00:00:00,2025-08-15 10:00:00,Medium,In Progress,Email,Software Bug,A012,Travis Mcgee,34,Yes,3
T00787,2025-07-10 00:00:00,2025-07-12 10:00:00,Medium,Resolved,Email,Login Issue,A013,Janet Kirby,58,No,5
T00788,2026-01-29 00:00:00,2026-01-29 19:00:00,High,In Progress,Email,Access Request,A017,Laura Hartman,19,No,4
T00789,2025-11-28 00:00:00,2025-12-01 19:00:00,Critical,Resolved,Phone,Access Request,A024,Seth Davis DVM,91,No,3
T00790,2025-06-23 00:00:00,2025-06-26 17:00:00,Critical,Open,Phone,Access Request,A004,Bryan Hobbs,89,No,1
T00791,2025-01-13 00:00:00,2025-01-15 04:00:00,Medium,Closed,Chat,Login Issue,A011,Lisa Pearson,52,Yes,5
T00792,2025-11-08 00:00:00,2025-11-11 11:00:00,Medium,Resolved,Phone,Login Issue,A003,Joshua Keith,83,No,2
T00793,2025-12-13 00:00:00,2025-12-16 14:00:00,Critical,In Progress,Portal,Software Bug,A020,Allen White,86,Yes,1
T00794,2025-12-08 00:00:00,2025-12-09 23:00:00,Medium,Closed,Chat,Hardware Failure,A012,Karen Estes,47,Yes,4
T00795,2025-05-26 00:00:00,2025-05-27 21:00:00,High,Closed,Email,Network Issue,A024,Kyle Henry,45,No,3
T00796,2026-01-15 00:00:00,2026-01-17 06:00:00,High,In Progress,Portal,Hardware Failure,A005,Tina Butler,54,Yes,4
T00797,2025-03-15 00:00:00,2025-03-16 03:00:00,Critical,Resolved,Email,Access Request,A025,Ryan Flores,27,No,3
T00798,2025-02-15 00:00:00,2025-02-15 01:00:00,High,Closed,Phone,Access Request,A015,Linda Leonard,1,Yes,4
T00799,2025-04-13 00:00:00,2025-04-14 00:00:00,High,Closed,Email,Software Bug,A019,Monica Hardy,24,No,4
T00800,2025-09-10 00:00:00,2025-09-13 00:00:00,Medium,Open,Email,Network Issue,A009,Mark Reyes,72,No,4
T00801,2025-11-24 00:00:00,2025-11-28 11:00:00,Low,Resolved,Portal,Network Issue,A016,Jesse Alvarez,107,Yes,4
T00802,2025-01-15 00:00:00,2025-01-15 16:00:00,Critical,Open,Chat,Access Request,A016,Jennifer Clay,16,No,3
T00803,2026-03-21 00:00:00,2026-03-22 10:00:00,Low,Resolved,Email,Software Bug,A006,James Guzman,34,Yes,4
T00804,2025-03-16 00:00:00,2025-03-17 17:00:00,Medium,Resolved,Phone,Login Issue,A009,Jessica Sanders,41,No,4
T00805,2025-08-03 00:00:00,2025-08-06 10:00:00,Low,Resolved,Chat,Access Request,A021,John Rojas,82,Yes,3
T00806,2025-09-21 00:00:00,2025-09-22 01:00:00,Low,In Progress,Chat,Software Bug,A022,Jason Williams,25,No,2
T00807,2025-05-19 00:00:00,2025-05-22 16:00:00,Low,Resolved,Phone,Login Issue,A005,Jennifer Evans,88,No,3
T00808,2025-07-10 00:00:00,2025-07-14 04:00:00,Critical,Resolved,Phone,Login Issue,A007,Clayton Green,100,Yes,4
T00809,2025-09-15 00:00:00,2025-09-16 05:00:00,Low,Closed,Portal,Login Issue,A004,Scott Green,29,Yes,2
T00810,2025-01-09 00:00:00,2025-01-11 14:00:00,High,Resolved,Phone,Hardware Failure,A020,Jillian Gonzalez,62,No,3
T00811,2025-03-30 00:00:00,2025-04-02 19:00:00,Low,Open,Phone,Network Issue,A023,Steven Cuevas,91,Yes,3
T00812,2025-12-19 00:00:00,2025-12-20 06:00:00,Medium,In Progress,Phone,Login Issue,A014,Kenneth Hicks DVM,30,Yes,3
T00813,2025-02-09 00:00:00,2025-02-09 03:00:00,Critical,Open,Phone,Login Issue,A002,Stacey French,3,Yes,4
T00814,2025-08-29 00:00:00,2025-08-29 16:00:00,Low,Open,Chat,Login Issue,A025,Mary Thompson,16,Yes,3
T00815,2026-02-05 00:00:00,2026-02-05 16:00:00,Medium,In Progress,Phone,Software Bug,A001,Angela Graham,16,Yes,5
T00816,2025-03-16 00:00:00,2025-03-20 13:00:00,High,Resolved,Phone,Access Request,A025,Michael Moore,109,Yes,3
T00817,2025-09-16 00:00:00,2025-09-19 01:00:00,Low,Open,Phone,Network Issue,A010,Brian Vasquez,73,Yes,1
T00818,2026-01-22 00:00:00,2026-01-24 21:00:00,Low,In Progress,Portal,Software Bug,A023,Shelly Santiago,69,Yes,1
T00819,2025-08-14 00:00:00,2025-08-17 15:00:00,Medium,Resolved,Portal,Hardware Failure,A007,Kristen Turner,87,Yes,1
T00820,2025-07-28 00:00:00,2025-07-28 15:00:00,Low,Closed,Email,Access Request,A005,Kathryn Taylor,15,No,3
T00821,2026-01-26 00:00:00,2026-01-27 23:00:00,Low,Open,Chat,Hardware Failure,A004,Kevin Soto,47,No,3
T00822,2025-05-26 00:00:00,2025-05-28 11:00:00,High,Closed,Phone,Access Request,A014,Natalie Henry,59,No,5
T00823,2026-03-14 00:00:00,2026-03-16 07:00:00,Low,Closed,Chat,Network Issue,A001,Erica Day,55,No,2
T00824,2025-12-11 00:00:00,2025-12-11 14:00:00,Critical,Open,Email,Network Issue,A013,Tammy Thomas,14,No,4
T00825,2025-12-22 00:00:00,2025-12-25 04:00:00,Medium,Open,Chat,Network Issue,A011,William Drake,76,Yes,1
T00826,2025-11-01 00:00:00,2025-11-05 13:00:00,Low,In Progress,Portal,Hardware Failure,A009,Cody Miller,109,No,4
T00827,2026-01-23 00:00:00,2026-01-27 06:00:00,High,Closed,Portal,Hardware Failure,A017,Patricia Anderson,102,No,4
T00828,2025-03-17 00:00:00,2025-03-21 03:00:00,Low,Open,Chat,Hardware Failure,A016,Carla Shelton,99,Yes,4
T00829,2025-11-18 00:00:00,2025-11-18 18:00:00,Low,Open,Email,Hardware Failure,A022,Emily Fernandez,18,Yes,1
T00830,2025-04-02 00:00:00,2025-04-04 01:00:00,High,In Progress,Chat,Access Request,A020,David Chambers,49,Yes,5
T00831,2026-01-25 00:00:00,2026-01-25 10:00:00,Critical,Closed,Phone,Software Bug,A022,Nicole Walters,10,No,5
T00832,2025-09-09 00:00:00,2025-09-11 17:00:00,High,Open,Email,Hardware Failure,A004,James Frost,65,No,3
T00833,2025-08-19 00:00:00,2025-08-20 17:00:00,Critical,Closed,Email,Login Issue,A006,Riley Anderson,41,No,4
T00834,2025-12-28 00:00:00,2025-12-28 22:00:00,Critical,In Progress,Chat,Hardware Failure,A016,Keith Murray,22,Yes,4
T00835,2025-10-19 00:00:00,2025-10-22 15:00:00,Critical,Closed,Phone,Access Request,A002,Beth Thomas,87,No,4
T00836,2025-05-15 00:00:00,2025-05-17 16:00:00,Critical,Resolved,Chat,Software Bug,A002,Ricky Lang,64,Yes,5
T00837,2025-10-30 00:00:00,2025-10-30 06:00:00,High,Resolved,Email,Software Bug,A013,Kelly Fernandez,6,Yes,2
T00838,2025-08-08 00:00:00,2025-08-09 21:00:00,Critical,Resolved,Email,Network Issue,A008,Evan Lewis,45,Yes,3
T00839,2025-11-28 00:00:00,2025-11-29 16:00:00,Low,Open,Chat,Login Issue,A011,Matthew Davis,40,Yes,5
T00840,2025-01-11 00:00:00,2025-01-13 21:00:00,Low,Closed,Portal,Access Request,A017,Jessica Greene,69,No,3
T00841,2025-05-17 00:00:00,2025-05-17 03:00:00,Low,Resolved,Portal,Access Request,A013,Tara Aguilar,3,No,4
T00842,2025-10-21 00:00:00,2025-10-21 13:00:00,Low,In Progress,Chat,Hardware Failure,A017,Christopher Villa,13,No,4
T00843,2025-03-27 00:00:00,2025-03-30 07:00:00,High,Closed,Phone,Hardware Failure,A021,Nicholas Flores,79,Yes,3
T00844,2026-03-07 00:00:00,2026-03-11 13:00:00,Medium,Resolved,Chat,Login Issue,A010,Casey Carroll,109,No,5
T00845,2026-02-16 00:00:00,2026-02-17 05:00:00,Low,Open,Chat,Software Bug,A003,Kenneth Collins,29,No,5
T00846,2025-08-07 00:00:00,2025-08-08 03:00:00,Low,Resolved,Chat,Hardware Failure,A022,Whitney Barnes,27,No,3
T00847,2025-04-13 00:00:00,2025-04-15 06:00:00,High,Closed,Phone,Login Issue,A021,Sarah Ballard,54,Yes,4
T00848,2025-10-23 00:00:00,2025-10-25 16:00:00,Critical,Resolved,Portal,Access Request,A024,Kimberly Erickson,64,Yes,2
T00849,2025-09-25 00:00:00,2025-09-26 02:00:00,Critical,In Progress,Phone,Network Issue,A024,Katherine Jones,26,No,3
T00850,2026-03-09 00:00:00,2026-03-11 08:00:00,High,Open,Phone,Hardware Failure,A009,Gina Warner,56,No,4
T00851,2025-11-27 00:00:00,2025-11-27 21:00:00,Medium,Closed,Phone,Login Issue,A005,Jennifer Gonzales,21,Yes,3
T00852,2025-01-15 00:00:00,2025-01-16 08:00:00,Critical,Closed,Portal,Hardware Failure,A021,Sheila Cardenas,32,Yes,3
T00853,2025-04-14 00:00:00,2025-04-14 21:00:00,Medium,Open,Chat,Software Bug,A022,Jeremy Cantu,21,Yes,3
T00854,2025-11-26 00:00:00,2025-11-30 14:00:00,Critical,Open,Email,Login Issue,A011,Matthew Wilkins,110,No,1
T00855,2026-03-20 00:00:00,2026-03-20 09:00:00,High,Open,Portal,Network Issue,A008,Nicholas Clark,9,Yes,4
T00856,2025-10-20 00:00:00,2025-10-23 23:00:00,Low,Resolved,Portal,Login Issue,A008,Robert George,95,Yes,5
T00857,2026-01-31 00:00:00,2026-02-04 08:00:00,High,Closed,Phone,Hardware Failure,A007,Jessica Smith,104,Yes,3
T00858,2025-02-24 00:00:00,2025-02-24 23:00:00,High,Closed,Portal,Software Bug,A019,Diane Elliott,23,Yes,2
T00859,2025-09-09 00:00:00,2025-09-11 21:00:00,Low,Resolved,Portal,Hardware Failure,A022,Dominic Hernandez,69,Yes,3
T00860,2025-05-23 00:00:00,2025-05-27 17:00:00,High,Closed,Chat,Software Bug,A001,Seth Berry,113,Yes,2
T00861,2026-03-07 00:00:00,2026-03-10 23:00:00,Medium,Resolved,Portal,Software Bug,A021,Richard Mendoza,95,No,1
T00862,2026-02-20 00:00:00,2026-02-23 16:00:00,Medium,Closed,Portal,Login Issue,A013,Alan Williams,88,No,1
T00863,2025-06-04 00:00:00,2025-06-04 12:00:00,High,In Progress,Phone,Hardware Failure,A021,Stuart Hill,12,No,2
T00864,2026-03-27 00:00:00,2026-03-31 08:00:00,Low,Resolved,Email,Hardware Failure,A016,Jasmine Phillips,104,No,4
T00865,2026-03-07 00:00:00,2026-03-08 19:00:00,Low,In Progress,Chat,Access Request,A003,Lauren Goodwin,43,No,4
T00866,2025-08-04 00:00:00,2025-08-07 06:00:00,High,Closed,Email,Login Issue,A021,Elizabeth Ramirez,78,Yes,5
T00867,2025-11-19 00:00:00,2025-11-21 09:00:00,Low,Closed,Phone,Software Bug,A011,Erik Miller,57,Yes,2
T00868,2025-02-26 00:00:00,2025-02-26 21:00:00,Medium,Closed,Chat,Hardware Failure,A016,Evelyn Elliott,21,Yes,2
T00869,2025-05-14 00:00:00,2025-05-14 23:00:00,High,Resolved,Phone,Login Issue,A014,Joel Rodriguez,23,No,5
T00870,2025-04-04 00:00:00,2025-04-06 03:00:00,Medium,Open,Email,Access Request,A021,Diana Edwards,51,Yes,4
T00871,2025-02-15 00:00:00,2025-02-17 12:00:00,High,In Progress,Email,Hardware Failure,A020,Amanda Vincent,60,No,2
T00872,2025-11-04 00:00:00,2025-11-05 10:00:00,Low,Resolved,Phone,Access Request,A004,Holly Allen,34,Yes,2
T00873,2026-01-03 00:00:00,2026-01-05 20:00:00,Critical,Closed,Email,Network Issue,A023,Scott Lopez,68,Yes,4
T00874,2025-04-08 00:00:00,2025-04-12 15:00:00,High,Closed,Portal,Network Issue,A014,Chelsea Smith,111,Yes,3
T00875,2025-11-04 00:00:00,2025-11-05 04:00:00,Medium,Closed,Phone,Hardware Failure,A005,Nicole Wilson,28,Yes,3
T00876,2025-05-29 00:00:00,2025-05-30 10:00:00,Critical,In Progress,Chat,Access Request,A022,Kristy Pittman,34,No,2
T00877,2025-02-13 00:00:00,2025-02-13 02:00:00,Medium,Resolved,Portal,Network Issue,A023,Kimberly Davis,2,No,4
T00878,2025-12-29 00:00:00,2025-12-31 07:00:00,High,Open,Email,Access Request,A002,Phillip Vargas,55,Yes,5
T00879,2025-06-20 00:00:00,2025-06-25 00:00:00,Critical,Resolved,Email,Login Issue,A009,Elizabeth Shepherd,120,No,2
T00880,2025-06-04 00:00:00,2025-06-06 03:00:00,Medium,Open,Phone,Software Bug,A006,John Williams,51,No,3
T00881,2025-06-23 00:00:00,2025-06-27 17:00:00,Medium,Open,Chat,Access Request,A014,Austin Mcdonald,113,Yes,4
T00882,2025-05-14 00:00:00,2025-05-14 15:00:00,Low,In Progress,Portal,Software Bug,A024,Julie Krueger,15,No,3
T00883,2025-08-09 00:00:00,2025-08-10 13:00:00,High,Resolved,Portal,Network Issue,A011,Heather Thompson,37,No,3
T00884,2026-01-27 00:00:00,2026-01-27 20:00:00,Critical,Open,Phone,Network Issue,A002,Jodi Hamilton,20,Yes,5
T00885,2025-04-04 00:00:00,2025-04-04 05:00:00,High,In Progress,Portal,Hardware Failure,A004,Chelsea Carter,5,No,4
T00886,2025-01-21 00:00:00,2025-01-23 09:00:00,Critical,Closed,Portal,Login Issue,A024,Gregory Davidson,57,Yes,3
T00887,2025-03-05 00:00:00,2025-03-06 21:00:00,Medium,Resolved,Phone,Network Issue,A024,Lauren Brown,45,No,1
T00888,2025-10-16 00:00:00,2025-10-20 19:00:00,Medium,Open,Phone,Hardware Failure,A003,Lucas Rodriguez,115,Yes,5
T00889,2026-01-29 00:00:00,2026-01-31 16:00:00,High,Open,Chat,Login Issue,A013,Tara Barnes,64,No,1
T00890,2025-10-30 00:00:00,2025-11-03 23:00:00,High,In Progress,Email,Login Issue,A015,Paul Bennett,119,No,1
T00891,2025-08-21 00:00:00,2025-08-24 09:00:00,Low,Resolved,Email,Access Request,A015,Jared Moreno,81,No,3
T00892,2026-01-10 00:00:00,2026-01-13 22:00:00,Medium,In Progress,Email,Software Bug,A011,Cory Dunn MD,94,Yes,5
T00893,2026-01-16 00:00:00,2026-01-16 10:00:00,Critical,Open,Portal,Software Bug,A006,Kara Baker,10,Yes,5
T00894,2026-01-30 00:00:00,2026-02-03 15:00:00,Low,Open,Phone,Network Issue,A013,Trevor Castillo,111,No,4
T00895,2025-05-26 00:00:00,2025-05-29 11:00:00,Low,Resolved,Portal,Hardware Failure,A024,Angel Griffin,83,No,2
T00896,2025-12-17 00:00:00,2025-12-20 06:00:00,High,Open,Chat,Access Request,A007,Michele Wilkins,78,No,2
T00897,2025-08-17 00:00:00,2025-08-21 18:00:00,Critical,Resolved,Portal,Login Issue,A025,Mark Peters,114,No,4
T00898,2026-02-20 00:00:00,2026-02-22 00:00:00,Medium,Closed,Portal,Login Issue,A002,Kayla Thompson,48,No,5
T00899,2025-08-26 00:00:00,2025-08-29 15:00:00,Medium,Closed,Email,Software Bug,A015,Jason Meyer,87,No,2
T00900,2025-02-10 00:00:00,2025-02-14 21:00:00,High,In Progress,Phone,Software Bug,A008,James Miller,117,No,4
T00901,2025-06-01 00:00:00,2025-06-04 01:00:00,Low,Open,Email,Access Request,A014,Angela Garrison,73,No,1
T00902,2025-02-18 00:00:00,2025-02-20 12:00:00,High,Resolved,Chat,Access Request,A003,Ryan Williams,60,Yes,5
T00903,2025-02-28 00:00:00,2025-03-03 23:00:00,Medium,In Progress,Portal,Login Issue,A003,Lucas Sloan,95,No,4
T00904,2026-03-25 00:00:00,2026-03-28 19:00:00,High,Closed,Portal,Access Request,A009,James Tate,91,No,3
T00905,2026-03-23 00:00:00,2026-03-27 08:00:00,Medium,In Progress,Email,Access Request,A009,Audrey Vargas,104,Yes,2
T00906,2025-08-11 00:00:00,2025-08-13 21:00:00,Low,Closed,Email,Login Issue,A006,Justin Phillips,69,No,1
T00907,2025-08-24 00:00:00,2025-08-27 17:00:00,Critical,Resolved,Chat,Hardware Failure,A010,Alice Wong,89,Yes,4
T00908,2025-03-06 00:00:00,2025-03-06 18:00:00,Medium,Open,Email,Network Issue,A001,Justin Taylor,18,Yes,1
T00909,2025-09-04 00:00:00,2025-09-07 12:00:00,Medium,Closed,Phone,Login Issue,A010,Linda Patrick,84,No,2
T00910,2025-03-17 00:00:00,2025-03-19 13:00:00,Low,Open,Phone,Network Issue,A024,John Stevens,61,No,4
T00911,2025-09-06 00:00:00,2025-09-08 13:00:00,Critical,In Progress,Phone,Software Bug,A019,Teresa Mason,61,No,1
T00912,2025-01-27 00:00:00,2025-01-28 19:00:00,Low,Closed,Portal,Hardware Failure,A024,Matthew Silva,43,No,1
T00913,2025-01-19 00:00:00,2025-01-21 15:00:00,Critical,Closed,Phone,Login Issue,A017,Sarah Johnson,63,Yes,4
T00914,2025-08-05 00:00:00,2025-08-08 02:00:00,Low,Resolved,Portal,Hardware Failure,A004,Timothy Price,74,No,3
T00915,2025-11-15 00:00:00,2025-11-18 11:00:00,Critical,Closed,Email,Network Issue,A010,Tracy Aguirre,83,Yes,3
T00916,2025-08-29 00:00:00,2025-08-30 21:00:00,Medium,In Progress,Chat,Access Request,A023,Eric Sandoval,45,No,4
T00917,2025-03-09 00:00:00,2025-03-13 18:00:00,Critical,Closed,Chat,Hardware Failure,A006,Corey Lawson,114,Yes,3
T00918,2025-05-25 00:00:00,2025-05-28 17:00:00,Critical,In Progress,Phone,Network Issue,A006,Ellen Dennis,89,No,1
T00919,2025-02-21 00:00:00,2025-02-25 06:00:00,Critical,Resolved,Phone,Network Issue,A018,Ann Wolfe,102,Yes,4
T00920,2025-01-10 00:00:00,2025-01-11 22:00:00,High,In Progress,Phone,Access Request,A002,Megan Holloway,46,Yes,3
T00921,2025-06-22 00:00:00,2025-06-24 08:00:00,Medium,Open,Phone,Hardware Failure,A009,Taylor Griffith,56,No,1
T00922,2026-02-06 00:00:00,2026-02-07 22:00:00,High,In Progress,Email,Login Issue,A015,Zachary Green,46,No,1
T00923,2026-03-07 00:00:00,2026-03-11 01:00:00,Low,Open,Email,Access Request,A004,Chad Garrett,97,Yes,1
T00924,2025-11-19 00:00:00,2025-11-19 16:00:00,High,In Progress,Chat,Hardware Failure,A025,Brian Bailey,16,No,2
T00925,2026-01-11 00:00:00,2026-01-15 16:00:00,Medium,Resolved,Chat,Network Issue,A004,Amy Sanchez,112,Yes,1
T00926,2025-08-13 00:00:00,2025-08-15 06:00:00,Medium,Closed,Chat,Software Bug,A017,Patricia Sherman,54,Yes,1
T00927,2025-02-13 00:00:00,2025-02-14 11:00:00,Critical,Resolved,Phone,Network Issue,A025,Jason Lee,35,No,3
T00928,2026-02-08 00:00:00,2026-02-09 06:00:00,Critical,Closed,Portal,Hardware Failure,A017,David Flores,30,No,2
T00929,2025-01-16 00:00:00,2025-01-18 09:00:00,Low,Open,Email,Software Bug,A011,Samantha Villegas,57,No,2
T00930,2026-01-31 00:00:00,2026-01-31 22:00:00,Low,Closed,Email,Network Issue,A019,Joy Brown,22,Yes,4
T00931,2025-11-20 00:00:00,2025-11-23 20:00:00,High,Closed,Portal,Access Request,A010,Kelly Moon,92,No,5
T00932,2025-06-26 00:00:00,2025-06-26 02:00:00,Medium,Closed,Portal,Network Issue,A018,Jill Harris,2,No,3
T00933,2025-12-24 00:00:00,2025-12-25 21:00:00,Medium,Resolved,Email,Login Issue,A018,Lynn Jimenez,45,No,4
T00934,2025-07-19 00:00:00,2025-07-22 21:00:00,High,In Progress,Email,Access Request,A018,Howard Santos,93,No,2
T00935,2025-09-24 00:00:00,2025-09-25 20:00:00,Low,Open,Chat,Network Issue,A025,Rachel Smith,44,No,2
T00936,2026-01-07 00:00:00,2026-01-09 07:00:00,Low,Open,Chat,Software Bug,A021,Erin House,55,No,5
T00937,2025-03-05 00:00:00,2025-03-05 07:00:00,Critical,Resolved,Email,Hardware Failure,A011,Christine Best,7,Yes,1
T00938,2026-02-17 00:00:00,2026-02-21 00:00:00,Medium,Resolved,Chat,Software Bug,A022,Arthur Taylor,96,Yes,5
T00939,2026-01-01 00:00:00,2026-01-03 01:00:00,Medium,Open,Chat,Access Request,A019,Toni Lindsey,49,Yes,5
T00940,2026-02-26 00:00:00,2026-03-02 04:00:00,Critical,Open,Phone,Hardware Failure,A014,Karen Kelly,100,Yes,3
T00941,2025-02-17 00:00:00,2025-02-17 08:00:00,Medium,Closed,Phone,Hardware Failure,A003,Matthew Hull,8,No,4
T00942,2025-12-13 00:00:00,2025-12-15 20:00:00,Critical,Resolved,Portal,Hardware Failure,A015,William Sullivan,68,No,4
T00943,2026-01-10 00:00:00,2026-01-12 06:00:00,Medium,In Progress,Portal,Hardware Failure,A005,Karen Sparks,54,Yes,2
T00944,2025-12-22 00:00:00,2025-12-23 04:00:00,Critical,Open,Phone,Access Request,A012,Kaitlyn White,28,Yes,4
T00945,2025-11-05 00:00:00,2025-11-09 14:00:00,Low,Open,Chat,Access Request,A010,Joseph Brennan,110,Yes,4
T00946,2025-09-25 00:00:00,2025-09-25 20:00:00,High,Resolved,Chat,Software Bug,A010,Jose Lynch,20,No,1
T00947,2025-01-15 00:00:00,2025-01-19 06:00:00,Medium,Closed,Email,Software Bug,A010,Jenny Gutierrez,102,Yes,2
T00948,2025-04-04 00:00:00,2025-04-08 09:00:00,Low,Open,Chat,Login Issue,A002,Barbara Lamb,105,No,4
T00949,2025-09-04 00:00:00,2025-09-07 02:00:00,Critical,Resolved,Portal,Hardware Failure,A024,Jamie Evans,74,Yes,3
T00950,2026-01-26 00:00:00,2026-01-26 18:00:00,Critical,Closed,Portal,Network Issue,A024,Philip Skinner,18,No,5
T00951,2025-02-15 00:00:00,2025-02-19 07:00:00,Critical,Closed,Phone,Hardware Failure,A011,Dean Moreno,103,Yes,5
T00952,2025-12-10 00:00:00,2025-12-14 18:00:00,High,Open,Phone,Login Issue,A019,Melissa Jenkins,114,No,4
T00953,2025-10-15 00:00:00,2025-10-18 11:00:00,Low,In Progress,Email,Access Request,A017,Monica Singh,83,Yes,1
T00954,2026-01-20 00:00:00,2026-01-22 13:00:00,Low,Open,Phone,Login Issue,A009,Charles Newman,61,Yes,5
T00955,2025-05-06 00:00:00,2025-05-10 11:00:00,Critical,Open,Chat,Hardware Failure,A019,Nancy Bryant,107,Yes,5
T00956,2025-09-09 00:00:00,2025-09-13 15:00:00,High,Closed,Phone,Hardware Failure,A001,Natasha Ruiz,111,No,1
T00957,2025-07-15 00:00:00,2025-07-16 09:00:00,Low,Open,Phone,Software Bug,A005,Lauren Holland,33,Yes,1
T00958,2025-05-11 00:00:00,2025-05-15 03:00:00,Medium,Resolved,Portal,Network Issue,A002,Richard Jones,99,No,1
T00959,2025-04-03 00:00:00,2025-04-03 04:00:00,High,Closed,Email,Software Bug,A005,Kimberly Santana,4,No,1
T00960,2025-06-15 00:00:00,2025-06-16 10:00:00,Low,Open,Phone,Network Issue,A025,Justin Velasquez,34,Yes,4
T00961,2025-09-10 00:00:00,2025-09-12 18:00:00,Critical,Open,Chat,Login Issue,A011,Stacey Lutz,66,No,5
T00962,2025-10-11 00:00:00,2025-10-13 05:00:00,Critical,Open,Portal,Network Issue,A001,Jared Olson,53,No,1
T00963,2025-10-11 00:00:00,2025-10-14 04:00:00,Medium,In Progress,Chat,Access Request,A014,Devon Olson,76,No,1
T00964,2025-02-12 00:00:00,2025-02-16 13:00:00,Medium,In Progress,Chat,Access Request,A006,Shelly Vasquez,109,Yes,5
T00965,2025-10-03 00:00:00,2025-10-05 07:00:00,Critical,Open,Email,Hardware Failure,A020,Randall Davis,55,No,5
T00966,2025-12-01 00:00:00,2025-12-01 22:00:00,Low,Closed,Chat,Access Request,A009,Ashlee Hood,22,No,1
T00967,2025-06-29 00:00:00,2025-07-03 12:00:00,High,Open,Phone,Access Request,A019,Pamela Edwards,108,Yes,2
T00968,2025-06-03 00:00:00,2025-06-03 12:00:00,Low,In Progress,Chat,Hardware Failure,A007,Michele Reynolds,12,No,4
T00969,2025-12-16 00:00:00,2025-12-17 20:00:00,Critical,Resolved,Phone,Software Bug,A011,Mr. Charles Lam,44,Yes,3
T00970,2025-08-24 00:00:00,2025-08-27 05:00:00,Low,In Progress,Email,Access Request,A016,Donna Boyd,77,Yes,3
T00971,2025-01-05 00:00:00,2025-01-08 15:00:00,Critical,Closed,Portal,Access Request,A003,Nathan Murphy,87,Yes,2
T00972,2025-10-03 00:00:00,2025-10-03 04:00:00,Low,Resolved,Portal,Access Request,A012,Abigail Garza,4,No,4
T00973,2025-04-01 00:00:00,2025-04-05 12:00:00,Low,Closed,Chat,Network Issue,A015,Larry Jefferson,108,Yes,1
T00974,2025-04-24 00:00:00,2025-04-28 00:00:00,High,Resolved,Phone,Login Issue,A020,Rebecca Rogers,96,No,1
T00975,2026-02-18 00:00:00,2026-02-21 20:00:00,Medium,Closed,Chat,Login Issue,A009,Patricia Miller,92,No,2
T00976,2025-12-27 00:00:00,2025-12-30 19:00:00,Medium,Open,Phone,Hardware Failure,A004,Julia Castaneda,91,No,5
T00977,2025-10-19 00:00:00,2025-10-21 17:00:00,Medium,In Progress,Phone,Login Issue,A019,Brett Miller,65,Yes,4
T00978,2026-01-17 00:00:00,2026-01-17 09:00:00,High,In Progress,Chat,Network Issue,A022,Joseph Douglas,9,Yes,2
T00979,2025-12-21 00:00:00,2025-12-24 15:00:00,High,Closed,Email,Hardware Failure,A021,Kathryn Wells,87,Yes,5
T00980,2026-03-14 00:00:00,2026-03-15 18:00:00,Critical,Resolved,Email,Access Request,A015,Wanda Mcguire,42,No,4
T00981,2025-07-05 00:00:00,2025-07-07 19:00:00,Medium,Open,Chat,Hardware Failure,A018,Brittany Gomez,67,No,1
T00982,2025-06-11 00:00:00,2025-06-11 01:00:00,Medium,Resolved,Email,Access Request,A001,Derek Kelly,1,Yes,4
T00983,2025-12-20 00:00:00,2025-12-22 07:00:00,Medium,In Progress,Phone,Software Bug,A010,Donna Parks,55,Yes,1
T00984,2025-11-17 00:00:00,2025-11-20 09:00:00,Low,Closed,Portal,Login Issue,A019,Casey Hayes,81,No,1
T00985,2026-03-07 00:00:00,2026-03-08 09:00:00,Low,Closed,Phone,Software Bug,A002,Ellen Richardson,33,No,2
T00986,2025-09-24 00:00:00,2025-09-28 06:00:00,Low,Closed,Email,Hardware Failure,A019,Jessica Collins,102,Yes,2
T00987,2025-02-13 00:00:00,2025-02-13 08:00:00,Critical,Resolved,Email,Network Issue,A002,Kelly Lopez,8,No,1
T00988,2025-01-29 00:00:00,2025-01-30 15:00:00,Critical,Open,Email,Login Issue,A018,Arthur Hunt DDS,39,Yes,5
T00989,2025-05-31 00:00:00,2025-06-04 13:00:00,Critical,Open,Portal,Network Issue,A020,Jonathan Harris,109,Yes,4
T00990,2025-08-21 00:00:00,2025-08-23 02:00:00,Critical,Open,Chat,Login Issue,A015,Sara Ayala,50,No,4
T00991,2025-10-28 00:00:00,2025-10-29 01:00:00,Low,Open,Email,Access Request,A007,Frederick Davis,25,Yes,1
T00992,2025-11-23 00:00:00,2025-11-25 18:00:00,High,Closed,Portal,Access Request,A015,Jonathan Green,66,Yes,3
T00993,2025-05-05 00:00:00,2025-05-05 18:00:00,Low,In Progress,Chat,Access Request,A014,Kim Robinson,18,No,1
T00994,2025-06-09 00:00:00,2025-06-12 03:00:00,Medium,In Progress,Portal,Software Bug,A020,Joseph Ingram,75,No,5
T00995,2025-05-30 00:00:00,2025-06-01 00:00:00,Medium,Open,Phone,Access Request,A018,Christine Hawkins,48,Yes,1
T00996,2025-08-05 00:00:00,2025-08-06 21:00:00,Medium,In Progress,Email,Software Bug,A007,Michael Wheeler,45,No,2
T00997,2025-12-22 00:00:00,2025-12-25 17:00:00,High,Resolved,Chat,Hardware Failure,A011,Jason Johnson,89,Yes,4
T00998,2025-02-23 00:00:00,2025-02-25 11:00:00,Critical,In Progress,Email,Network Issue,A023,Dorothy Schmidt,59,Yes,1
T00999,2025-08-27 00:00:00,2025-08-30 08:00:00,Medium,Closed,Chat,Hardware Failure,A007,George Holloway,80,No,2
T01000,2025-04-05 00:00:00,2025-04-09 10:00:00,High,Open,Email,Software Bug,A001,Michael Allison,106,Yes,1
T01001,2025-03-14 00:00:00,2025-03-15 14:00:00,Medium,Resolved,Email,Login Issue,A007,Denise Bruce,38,Yes,4
T01002,2025-05-26 00:00:00,2025-05-26 23:00:00,High,In Progress,Chat,Access Request,A008,John Vaughan,23,Yes,2
T01003,2025-04-11 00:00:00,2025-04-11 03:00:00,High,Open,Email,Network Issue,A013,Valerie Wells,3,Yes,2
T01004,2025-06-23 00:00:00,2025-06-28 00:00:00,High,Closed,Phone,Software Bug,A012,Emily Phillips,120,Yes,2
T01005,2025-09-27 00:00:00,2025-10-01 07:00:00,Critical,Open,Email,Network Issue,A005,Tiffany Sanchez,103,Yes,5
T01006,2025-04-09 00:00:00,2025-04-11 21:00:00,High,Resolved,Portal,Network Issue,A002,Amanda Vasquez,69,Yes,4
T01007,2026-03-14 00:00:00,2026-03-16 21:00:00,Medium,Resolved,Phone,Login Issue,A021,Ernest Williams,69,No,3
T01008,2026-03-23 00:00:00,2026-03-23 17:00:00,Critical,In Progress,Email,Hardware Failure,A022,Christopher Schneider,17,Yes,5
T01009,2025-03-27 00:00:00,2025-03-29 18:00:00,High,Closed,Portal,Network Issue,A011,Deborah Eaton,66,No,4
T01010,2025-09-27 00:00:00,2025-09-30 17:00:00,Critical,Closed,Chat,Access Request,A013,Shelley Garcia,89,Yes,4
T01011,2025-04-17 00:00:00,2025-04-18 05:00:00,Critical,In Progress,Portal,Network Issue,A010,Jesse Wilson,29,No,2
T01012,2025-07-13 00:00:00,2025-07-16 02:00:00,High,Resolved,Email,Network Issue,A025,Jason Mendoza,74,Yes,2
T01013,2025-06-01 00:00:00,2025-06-03 09:00:00,High,In Progress,Email,Hardware Failure,A017,Oscar Holloway,57,No,5
T01014,2025-08-07 00:00:00,2025-08-09 10:00:00,Critical,Closed,Chat,Hardware Failure,A011,Kevin Chapman,58,No,4
T01015,2025-07-15 00:00:00,2025-07-15 04:00:00,Critical,In Progress,Chat,Login Issue,A012,William Nelson,4,Yes,2
T01016,2025-05-31 00:00:00,2025-06-04 12:00:00,Low,Resolved,Phone,Login Issue,A004,Melinda Lewis,108,Yes,5
T01017,2025-07-04 00:00:00,2025-07-04 05:00:00,Medium,Resolved,Phone,Software Bug,A009,Derek Johnson,5,No,5
T01018,2026-01-17 00:00:00,2026-01-21 09:00:00,Medium,In Progress,Chat,Login Issue,A025,Steve Burke,105,No,3
T01019,2025-05-25 00:00:00,2025-05-29 10:00:00,Critical,Closed,Email,Hardware Failure,A021,Michael Young,106,Yes,3
T01020,2026-03-20 00:00:00,2026-03-22 03:00:00,Medium,In Progress,Portal,Network Issue,A017,Chad Lopez,51,No,2
T01021,2026-01-05 00:00:00,2026-01-09 09:00:00,High,Open,Chat,Network Issue,A014,Dana Barrett,105,No,4
T01022,2025-04-18 00:00:00,2025-04-20 09:00:00,Low,Resolved,Phone,Access Request,A005,Hayley Allen,57,No,4
T01023,2026-01-13 00:00:00,2026-01-13 02:00:00,High,Resolved,Phone,Hardware Failure,A014,Carolyn Vega,2,No,4
T01024,2026-01-26 00:00:00,2026-01-30 04:00:00,High,Resolved,Email,Access Request,A002,Michelle Anderson,100,Yes,5
T01025,2025-03-20 00:00:00,2025-03-21 19:00:00,Critical,Closed,Phone,Hardware Failure,A003,Ashley Morrow,43,No,5
T01026,2025-04-07 00:00:00,2025-04-09 13:00:00,High,Closed,Chat,Login Issue,A006,Michelle Espinoza,61,Yes,1
T01027,2025-12-12 00:00:00,2025-12-14 23:00:00,Low,Closed,Email,Network Issue,A007,Lori Chandler,71,Yes,2
T01028,2025-07-17 00:00:00,2025-07-18 13:00:00,Medium,Resolved,Email,Hardware Failure,A002,Jennifer Hamilton,37,No,2
T01029,2025-09-23 00:00:00,2025-09-23 02:00:00,High,Closed,Portal,Network Issue,A004,Michael Davis,2,Yes,2
T01030,2025-10-02 00:00:00,2025-10-04 06:00:00,Low,Closed,Phone,Network Issue,A007,David Bradshaw,54,No,4
T01031,2025-08-10 00:00:00,2025-08-14 09:00:00,Medium,Resolved,Phone,Access Request,A023,Billy King,105,No,4
T01032,2025-05-22 00:00:00,2025-05-23 02:00:00,Medium,Closed,Email,Hardware Failure,A020,Thomas Bell,26,Yes,1
T01033,2025-09-27 00:00:00,2025-09-28 19:00:00,Critical,Closed,Portal,Access Request,A002,Heidi Johnson,43,Yes,5
T01034,2025-05-28 00:00:00,2025-05-31 11:00:00,High,Resolved,Portal,Access Request,A006,James Wright,83,No,4
T01035,2025-05-08 00:00:00,2025-05-08 23:00:00,Critical,Closed,Portal,Network Issue,A023,Danny Fisher,23,Yes,5
T01036,2025-07-21 00:00:00,2025-07-24 18:00:00,Medium,In Progress,Chat,Access Request,A010,Sierra Lee,90,Yes,1
T01037,2025-12-24 00:00:00,2025-12-27 21:00:00,Critical,Closed,Email,Software Bug,A003,Kim Duncan,93,Yes,2
T01038,2025-09-16 00:00:00,2025-09-20 03:00:00,Critical,Closed,Phone,Software Bug,A007,Ashley Parker,99,Yes,3
T01039,2025-08-25 00:00:00,2025-08-25 04:00:00,Critical,Closed,Chat,Hardware Failure,A007,Holly Oneill,4,No,1
T01040,2025-01-20 00:00:00,2025-01-20 02:00:00,Low,In Progress,Chat,Hardware Failure,A016,Michael Hogan,2,No,3
T01041,2025-02-04 00:00:00,2025-02-04 11:00:00,Medium,Closed,Phone,Hardware Failure,A009,Sheryl Oliver,11,Yes,5
T01042,2025-03-29 00:00:00,2025-04-02 12:00:00,Low,In Progress,Chat,Login Issue,A018,Evan Carter,108,No,1
T01043,2025-03-28 00:00:00,2025-03-28 10:00:00,High,In Progress,Portal,Software Bug,A006,Miguel Ashley,10,Yes,1
T01044,2026-01-01 00:00:00,2026-01-01 05:00:00,Medium,Closed,Email,Access Request,A021,April Thompson,5,Yes,5
T01045,2025-07-19 00:00:00,2025-07-22 17:00:00,Critical,Open,Email,Login Issue,A025,Sharon Gordon,89,No,3
T01046,2026-01-28 00:00:00,2026-01-29 02:00:00,High,In Progress,Phone,Login Issue,A001,Michael Sandoval,26,No,2
T01047,2025-01-15 00:00:00,2025-01-15 02:00:00,Medium,Open,Phone,Login Issue,A022,Jeff Ruiz,2,Yes,3
T01048,2026-01-06 00:00:00,2026-01-06 22:00:00,Critical,Open,Chat,Software Bug,A018,Larry Kelly,22,Yes,1
T01049,2025-11-16 00:00:00,2025-11-17 03:00:00,Critical,Closed,Email,Network Issue,A007,Melissa Gaines,27,Yes,5
T01050,2025-07-02 00:00:00,2025-07-03 18:00:00,Low,Closed,Chat,Login Issue,A013,Nicole Porter,42,Yes,2
T01051,2025-08-23 00:00:00,2025-08-24 05:00:00,High,Resolved,Email,Login Issue,A007,Donna Wade,29,No,1
T01052,2025-06-04 00:00:00,2025-06-08 03:00:00,Critical,Open,Phone,Software Bug,A004,Alexa Cline,99,No,5
T01053,2025-11-20 00:00:00,2025-11-23 18:00:00,Medium,Resolved,Phone,Software Bug,A022,Barbara Cook,90,No,4
T01054,2025-02-04 00:00:00,2025-02-05 19:00:00,Critical,Closed,Phone,Access Request,A019,Nathan Bryant,43,Yes,1
T01055,2025-04-30 00:00:00,2025-04-30 03:00:00,Low,Resolved,Phone,Hardware Failure,A025,Sergio Ingram,3,Yes,5
T01056,2025-11-14 00:00:00,2025-11-14 11:00:00,Medium,Resolved,Portal,Software Bug,A007,Kathleen Erickson,11,Yes,1
T01057,2025-07-12 00:00:00,2025-07-13 03:00:00,Medium,Closed,Chat,Network Issue,A009,Katherine Jackson,27,No,1
T01058,2025-11-26 00:00:00,2025-11-30 05:00:00,Critical,Resolved,Email,Network Issue,A024,Elizabeth Robinson,101,No,1
T01059,2025-06-25 00:00:00,2025-06-26 08:00:00,Low,In Progress,Phone,Access Request,A013,Diana Lopez,32,No,2
T01060,2025-04-04 00:00:00,2025-04-06 09:00:00,Low,Closed,Email,Network Issue,A002,Michael Mccullough,57,Yes,1
T01061,2025-04-15 00:00:00,2025-04-15 17:00:00,Medium,In Progress,Phone,Access Request,A003,Kayla Adams,17,No,1
T01062,2026-01-07 00:00:00,2026-01-09 12:00:00,Medium,In Progress,Phone,Hardware Failure,A006,Christina Harmon,60,Yes,3
T01063,2025-06-05 00:00:00,2025-06-06 13:00:00,Critical,In Progress,Chat,Hardware Failure,A003,Jared Foley,37,No,5
T01064,2025-07-23 00:00:00,2025-07-25 01:00:00,Critical,Closed,Portal,Access Request,A020,Bonnie Duncan,49,No,2
T01065,2026-01-25 00:00:00,2026-01-25 20:00:00,Low,Closed,Portal,Login Issue,A025,Peter Richardson,20,No,4
T01066,2025-11-01 00:00:00,2025-11-03 21:00:00,Medium,Resolved,Portal,Hardware Failure,A010,Christine Jensen,69,No,2
T01067,2025-05-26 00:00:00,2025-05-28 01:00:00,Critical,Open,Chat,Network Issue,A023,Kenneth Briggs,49,No,5
T01068,2025-04-11 00:00:00,2025-04-11 20:00:00,Low,Open,Chat,Hardware Failure,A013,Logan Fleming,20,No,2
T01069,2025-07-22 00:00:00,2025-07-26 00:00:00,Critical,Closed,Chat,Access Request,A003,Amy Barrera,96,No,3
T01070,2025-01-20 00:00:00,2025-01-24 22:00:00,Critical,In Progress,Phone,Hardware Failure,A009,Elizabeth Smith,118,No,1
T01071,2025-09-18 00:00:00,2025-09-21 19:00:00,High,Open,Portal,Hardware Failure,A024,Christopher Daniel,91,Yes,4
T01072,2025-05-05 00:00:00,2025-05-07 14:00:00,High,Open,Phone,Software Bug,A020,Tyler Williams,62,No,1
T01073,2025-12-15 00:00:00,2025-12-15 19:00:00,Medium,In Progress,Email,Login Issue,A025,Kristina Roy,19,Yes,3
T01074,2025-11-26 00:00:00,2025-11-29 20:00:00,Critical,Open,Phone,Hardware Failure,A006,Edward Hall,92,No,4
T01075,2025-05-10 00:00:00,2025-05-13 17:00:00,Critical,Resolved,Portal,Login Issue,A004,Heidi Padilla,89,No,3
T01076,2026-02-21 00:00:00,2026-02-21 19:00:00,Medium,Closed,Chat,Login Issue,A006,Kimberly Jones,19,No,3
T01077,2025-01-01 00:00:00,2025-01-01 13:00:00,Critical,Closed,Chat,Hardware Failure,A006,Shelley Barton,13,Yes,1
T01078,2025-07-11 00:00:00,2025-07-12 00:00:00,Medium,Closed,Phone,Access Request,A004,Lynn Potter,24,No,2
T01079,2025-10-18 00:00:00,2025-10-22 09:00:00,Medium,In Progress,Email,Network Issue,A025,Jamie Moore,105,Yes,2
T01080,2025-05-13 00:00:00,2025-05-17 20:00:00,Critical,Open,Phone,Login Issue,A010,Robert Martinez,116,Yes,4
T01081,2025-07-13 00:00:00,2025-07-13 16:00:00,Low,Resolved,Email,Access Request,A008,Valerie Jackson,16,No,3
T01082,2025-09-06 00:00:00,2025-09-09 15:00:00,Low,Open,Chat,Login Issue,A022,Ryan Cross,87,Yes,1
T01083,2025-02-19 00:00:00,2025-02-20 04:00:00,Low,Closed,Chat,Hardware Failure,A016,Carlos Morse,28,No,5
T01084,2025-11-06 00:00:00,2025-11-08 07:00:00,High,Resolved,Chat,Network Issue,A012,Monica Curry,55,No,3
T01085,2025-07-13 00:00:00,2025-07-16 07:00:00,High,Resolved,Email,Login Issue,A015,Taylor Schroeder,79,No,1
T01086,2026-01-07 00:00:00,2026-01-11 11:00:00,Low,Open,Chat,Network Issue,A012,Gilbert Arnold,107,No,2
T01087,2025-11-13 00:00:00,2025-11-16 16:00:00,Critical,In Progress,Email,Software Bug,A001,Victor Edwards,88,No,4
T01088,2026-03-24 00:00:00,2026-03-24 06:00:00,Critical,In Progress,Portal,Hardware Failure,A024,Scott Woods,6,Yes,3
T01089,2025-06-28 00:00:00,2025-06-30 07:00:00,Low,Closed,Chat,Access Request,A007,Kathleen Rodriguez,55,Yes,4
T01090,2026-03-22 00:00:00,2026-03-24 19:00:00,Low,In Progress,Portal,Login Issue,A010,Christopher Harrison,67,No,5
T01091,2025-03-28 00:00:00,2025-04-01 19:00:00,Low,Closed,Phone,Network Issue,A007,Dr. Megan Jackson,115,Yes,4
T01092,2026-01-21 00:00:00,2026-01-24 13:00:00,Low,Closed,Email,Network Issue,A011,Katherine Galloway,85,No,1
T01093,2026-01-28 00:00:00,2026-01-29 12:00:00,High,Closed,Email,Network Issue,A018,Tony Gonzalez,36,No,2
T01094,2025-02-16 00:00:00,2025-02-20 06:00:00,Medium,Open,Chat,Hardware Failure,A023,Cheyenne Walker,102,No,3
T01095,2025-12-01 00:00:00,2025-12-04 11:00:00,Critical,In Progress,Phone,Software Bug,A004,Heidi Fisher,83,No,5
T01096,2025-02-14 00:00:00,2025-02-14 15:00:00,High,In Progress,Email,Access Request,A012,Deborah Miller,15,Yes,1
T01097,2026-03-13 00:00:00,2026-03-14 17:00:00,Low,Resolved,Email,Access Request,A018,Amanda Thompson,41,Yes,4
T01098,2026-03-10 00:00:00,2026-03-12 02:00:00,High,Resolved,Phone,Access Request,A022,Kelly Barker,50,Yes,4
T01099,2025-02-24 00:00:00,2025-02-26 03:00:00,Critical,Resolved,Phone,Software Bug,A008,Andrew Brown,51,No,1
T01100,2025-12-15 00:00:00,2025-12-17 11:00:00,High,In Progress,Email,Access Request,A011,Kim Macias,59,No,2
T01101,2025-09-15 00:00:00,2025-09-18 17:00:00,High,Closed,Phone,Hardware Failure,A010,Ryan Lewis,89,No,1
T01102,2025-01-31 00:00:00,2025-02-04 08:00:00,Medium,In Progress,Phone,Login Issue,A025,Mathew Howard,104,Yes,3
T01103,2026-03-15 00:00:00,2026-03-17 15:00:00,High,In Progress,Email,Access Request,A013,Cynthia White,63,No,4
T01104,2025-08-05 00:00:00,2025-08-08 15:00:00,High,Closed,Portal,Login Issue,A017,Amber Sanchez,87,No,4
T01105,2025-05-25 00:00:00,2025-05-28 18:00:00,Critical,Open,Phone,Software Bug,A025,Elizabeth Hayes,90,Yes,2
T01106,2026-03-12 00:00:00,2026-03-17 00:00:00,Critical,In Progress,Phone,Hardware Failure,A023,Brian Bennett,120,No,3
T01107,2025-05-30 00:00:00,2025-06-03 19:00:00,Medium,In Progress,Phone,Login Issue,A012,Denise Butler,115,Yes,2
T01108,2025-12-14 00:00:00,2025-12-18 05:00:00,Critical,Closed,Phone,Login Issue,A004,Thomas Rose,101,No,2
T01109,2025-08-31 00:00:00,2025-08-31 23:00:00,Low,Resolved,Portal,Network Issue,A021,Sandra Wells,23,No,1
T01110,2025-05-06 00:00:00,2025-05-06 05:00:00,Medium,Closed,Portal,Software Bug,A023,Beth Porter,5,Yes,1
T01111,2025-12-01 00:00:00,2025-12-05 00:00:00,Low,Closed,Portal,Software Bug,A021,David Jones,96,No,4
T01112,2025-07-08 00:00:00,2025-07-08 02:00:00,Low,Open,Email,Hardware Failure,A021,Katelyn Travis,2,Yes,1
T01113,2025-01-12 00:00:00,2025-01-15 04:00:00,Critical,Resolved,Email,Access Request,A006,Robert Brown,76,No,5
T01114,2025-09-05 00:00:00,2025-09-08 11:00:00,High,In Progress,Email,Software Bug,A003,Joseph Lozano,83,Yes,4
T01115,2025-07-27 00:00:00,2025-07-31 09:00:00,Critical,Closed,Email,Access Request,A019,Emily Orr,105,Yes,1
T01116,2026-01-21 00:00:00,2026-01-25 01:00:00,Low,In Progress,Phone,Login Issue,A018,Joshua Sharp,97,No,2
T01117,2026-02-14 00:00:00,2026-02-15 17:00:00,Low,In Progress,Phone,Network Issue,A003,James Parker,41,No,1
T01118,2026-03-12 00:00:00,2026-03-16 01:00:00,Low,Open,Chat,Software Bug,A018,Holly Hooper,97,Yes,1
T01119,2025-08-05 00:00:00,2025-08-08 13:00:00,Medium,Resolved,Email,Access Request,A010,Christina Osborne,85,No,1
T01120,2025-03-13 00:00:00,2025-03-16 02:00:00,High,Resolved,Phone,Login Issue,A022,Danielle Johnson,74,Yes,4
T01121,2025-05-02 00:00:00,2025-05-02 05:00:00,Medium,Resolved,Phone,Network Issue,A020,Ruben Rodriguez,5,Yes,2
T01122,2025-10-30 00:00:00,2025-10-31 22:00:00,Medium,Closed,Email,Access Request,A009,Abigail Lee,46,No,3
T01123,2025-07-15 00:00:00,2025-07-18 12:00:00,Critical,Closed,Email,Software Bug,A022,John Trujillo,84,No,2
T01124,2025-12-22 00:00:00,2025-12-22 19:00:00,Medium,Open,Chat,Network Issue,A023,Kendra Knight,19,No,5
T01125,2025-10-16 00:00:00,2025-10-19 13:00:00,Medium,Closed,Phone,Software Bug,A014,Caitlin Clark,85,No,5
T01126,2025-01-14 00:00:00,2025-01-17 06:00:00,Low,Resolved,Email,Access Request,A004,Beverly Cummings,78,No,2
T01127,2025-02-03 00:00:00,2025-02-04 19:00:00,High,Resolved,Chat,Network Issue,A008,David Farrell,43,No,1
T01128,2025-01-06 00:00:00,2025-01-06 13:00:00,Medium,Closed,Email,Login Issue,A006,Nicole Hill,13,No,4
T01129,2025-10-29 00:00:00,2025-11-02 10:00:00,Low,Resolved,Chat,Access Request,A009,Christy Shields,106,Yes,4
T01130,2025-01-25 00:00:00,2025-01-25 22:00:00,Critical,In Progress,Chat,Access Request,A018,Michael Mills,22,No,3
T01131,2025-09-02 00:00:00,2025-09-05 04:00:00,High,Open,Phone,Network Issue,A005,Daniel Estrada,76,No,2
T01132,2025-10-18 00:00:00,2025-10-21 23:00:00,Low,Resolved,Phone,Access Request,A014,Adam Byrd,95,No,3
T01133,2025-04-04 00:00:00,2025-04-06 09:00:00,Critical,Resolved,Chat,Hardware Failure,A017,Timothy Williams,57,Yes,3
T01134,2025-06-06 00:00:00,2025-06-09 10:00:00,High,Closed,Chat,Login Issue,A021,Louis Rice,82,Yes,1
T01135,2025-02-09 00:00:00,2025-02-12 22:00:00,Low,In Progress,Email,Login Issue,A024,Ronald Bailey,94,No,2
T01136,2025-10-11 00:00:00,2025-10-15 23:00:00,Low,Closed,Phone,Hardware Failure,A016,Daniel Ruiz,119,Yes,4
T01137,2025-07-27 00:00:00,2025-07-27 02:00:00,Medium,Open,Portal,Access Request,A024,Robert Buck,2,No,5
T01138,2025-05-06 00:00:00,2025-05-09 23:00:00,Low,Closed,Phone,Access Request,A008,Larry Peters,95,Yes,5
T01139,2025-02-08 00:00:00,2025-02-09 23:00:00,High,Open,Portal,Hardware Failure,A013,Kim Perez,47,Yes,2
T01140,2025-07-11 00:00:00,2025-07-11 15:00:00,Medium,Open,Chat,Software Bug,A016,Joseph Morris,15,No,3
T01141,2025-05-16 00:00:00,2025-05-17 04:00:00,Critical,In Progress,Chat,Access Request,A002,Christopher Moody,28,No,1
T01142,2025-11-13 00:00:00,2025-11-17 13:00:00,Low,Resolved,Email,Access Request,A015,Megan Johnson,109,No,4
T01143,2025-06-02 00:00:00,2025-06-03 22:00:00,Low,Resolved,Phone,Hardware Failure,A012,Gregory Warren,46,Yes,1
T01144,2025-02-21 00:00:00,2025-02-23 08:00:00,Medium,Open,Phone,Hardware Failure,A004,Jodi Krause,56,No,4
T01145,2025-01-04 00:00:00,2025-01-04 20:00:00,Medium,Closed,Portal,Software Bug,A010,Andrew Fernandez,20,No,3
T01146,2025-08-08 00:00:00,2025-08-12 19:00:00,High,Open,Portal,Hardware Failure,A006,Katherine Smith,115,Yes,2
T01147,2025-07-01 00:00:00,2025-07-05 00:00:00,Low,Resolved,Phone,Login Issue,A007,Barbara Owen,96,No,4
T01148,2025-01-21 00:00:00,2025-01-21 18:00:00,Critical,Resolved,Email,Network Issue,A022,William Patton,18,Yes,4
T01149,2025-09-03 00:00:00,2025-09-06 14:00:00,Low,Closed,Portal,Access Request,A016,Emily Jacobs MD,86,Yes,3
T01150,2025-06-16 00:00:00,2025-06-20 01:00:00,Critical,In Progress,Email,Login Issue,A001,Michael Nguyen,97,Yes,4
T01151,2025-03-21 00:00:00,2025-03-22 21:00:00,Low,In Progress,Email,Software Bug,A014,Lisa White,45,Yes,5
T01152,2025-08-11 00:00:00,2025-08-13 14:00:00,High,Closed,Email,Hardware Failure,A008,Jennifer Pugh,62,Yes,3
T01153,2026-01-09 00:00:00,2026-01-11 18:00:00,Medium,Resolved,Email,Software Bug,A023,Krystal Solomon,66,Yes,2
T01154,2025-12-08 00:00:00,2025-12-12 10:00:00,Medium,Closed,Email,Access Request,A020,Julia Dixon,106,Yes,4
T01155,2025-04-07 00:00:00,2025-04-11 14:00:00,Medium,In Progress,Email,Network Issue,A013,Deanna Leon,110,Yes,5
T01156,2025-05-21 00:00:00,2025-05-22 01:00:00,Critical,Open,Phone,Login Issue,A002,Caleb Sandoval,25,No,2
T01157,2025-07-28 00:00:00,2025-07-30 20:00:00,Medium,In Progress,Chat,Hardware Failure,A016,Susan Davis,68,Yes,3
T01158,2025-09-19 00:00:00,2025-09-21 07:00:00,High,Open,Chat,Software Bug,A009,Michael Byrd,55,No,1
T01159,2025-12-31 00:00:00,2026-01-02 06:00:00,High,Open,Phone,Login Issue,A001,Erica Best,54,Yes,2
T01160,2025-12-05 00:00:00,2025-12-09 00:00:00,Medium,Resolved,Portal,Software Bug,A020,Debra Owens,96,Yes,3
T01161,2025-08-09 00:00:00,2025-08-10 00:00:00,Critical,Resolved,Chat,Software Bug,A004,Cynthia Myers,24,Yes,3
T01162,2025-12-09 00:00:00,2025-12-09 02:00:00,Medium,Resolved,Chat,Software Bug,A024,Eric Simpson,2,No,5
T01163,2025-05-02 00:00:00,2025-05-05 12:00:00,Medium,Closed,Email,Login Issue,A005,Christian Zimmerman,84,Yes,3
T01164,2025-01-22 00:00:00,2025-01-25 04:00:00,Medium,Closed,Email,Login Issue,A018,Richard Martinez,76,No,2
T01165,2025-06-04 00:00:00,2025-06-07 21:00:00,Medium,In Progress,Email,Network Issue,A007,Reginald Cook,93,No,4
T01166,2025-10-09 00:00:00,2025-10-12 20:00:00,High,Resolved,Portal,Login Issue,A014,Bryan Gutierrez,92,Yes,3
T01167,2025-09-05 00:00:00,2025-09-07 06:00:00,Low,In Progress,Chat,Network Issue,A010,Jonathan Hayes,54,Yes,5
T01168,2025-10-17 00:00:00,2025-10-17 08:00:00,Critical,Closed,Email,Network Issue,A015,Tami Gutierrez,8,No,2
T01169,2025-10-15 00:00:00,2025-10-19 04:00:00,Critical,Resolved,Phone,Network Issue,A001,Maureen Quinn,100,Yes,4
T01170,2025-10-20 00:00:00,2025-10-21 04:00:00,Low,Closed,Chat,Software Bug,A008,Dr. Taylor Roberts,28,No,5
T01171,2025-12-29 00:00:00,2025-12-30 11:00:00,Low,In Progress,Phone,Login Issue,A018,Michael Salazar,35,Yes,5
T01172,2025-05-30 00:00:00,2025-05-30 06:00:00,High,In Progress,Chat,Login Issue,A021,Kayla Lambert,6,Yes,2
T01173,2026-02-26 00:00:00,2026-02-27 03:00:00,Low,Open,Chat,Access Request,A012,Michael Noble,27,No,5
T01174,2025-02-12 00:00:00,2025-02-15 19:00:00,High,In Progress,Portal,Access Request,A010,Phillip Wong,91,No,5
T01175,2025-01-30 00:00:00,2025-02-02 09:00:00,High,In Progress,Chat,Network Issue,A009,Sara Thomas,81,Yes,1
T01176,2025-10-03 00:00:00,2025-10-06 13:00:00,Low,Closed,Chat,Access Request,A018,Lisa Horne,85,Yes,5
T01177,2026-02-23 00:00:00,2026-02-25 09:00:00,High,Resolved,Phone,Access Request,A021,Andrea Bridges,57,No,2
T01178,2025-03-21 00:00:00,2025-03-23 10:00:00,Critical,Resolved,Phone,Hardware Failure,A003,Frank Perry,58,No,2
T01179,2025-04-03 00:00:00,2025-04-05 11:00:00,Medium,In Progress,Portal,Network Issue,A021,Allen Spencer,59,No,2
T01180,2025-01-11 00:00:00,2025-01-12 16:00:00,Medium,Closed,Phone,Login Issue,A005,Kimberly Soto,40,Yes,2
T01181,2025-08-07 00:00:00,2025-08-08 08:00:00,Critical,Open,Phone,Login Issue,A020,Eric Alvarado,32,Yes,4
T01182,2025-07-13 00:00:00,2025-07-15 02:00:00,Low,Open,Email,Network Issue,A008,Douglas Collins MD,50,Yes,1
T01183,2025-05-18 00:00:00,2025-05-18 19:00:00,Low,Open,Email,Access Request,A024,Paul Love,19,No,5
T01184,2026-03-13 00:00:00,2026-03-16 19:00:00,Medium,In Progress,Portal,Access Request,A015,Jared Levy,91,Yes,1
T01185,2025-06-07 00:00:00,2025-06-08 19:00:00,Medium,In Progress,Email,Access Request,A023,Marco Carter,43,No,4
T01186,2025-11-18 00:00:00,2025-11-20 22:00:00,Low,Open,Email,Access Request,A010,Robert Hudson,70,Yes,1
T01187,2025-09-19 00:00:00,2025-09-23 18:00:00,Medium,Open,Phone,Login Issue,A008,Tina Lee,114,No,4
T01188,2025-07-17 00:00:00,2025-07-17 19:00:00,High,In Progress,Portal,Login Issue,A016,Casey Robinson,19,Yes,3
T01189,2025-02-26 00:00:00,2025-02-27 05:00:00,High,Resolved,Email,Access Request,A011,John Joseph,29,Yes,1
T01190,2025-07-04 00:00:00,2025-07-08 23:00:00,Low,In Progress,Phone,Hardware Failure,A017,Melissa Schaefer,119,No,1
T01191,2025-11-04 00:00:00,2025-11-05 00:00:00,Medium,Resolved,Chat,Software Bug,A004,Gregory Gonzales,24,No,4
T01192,2025-09-13 00:00:00,2025-09-16 13:00:00,High,Open,Email,Network Issue,A025,Mr. Gary Woods,85,Yes,3
T01193,2025-06-13 00:00:00,2025-06-13 19:00:00,Critical,Closed,Email,Login Issue,A019,William Lee,19,No,4
T01194,2026-01-08 00:00:00,2026-01-09 12:00:00,Low,Resolved,Phone,Network Issue,A025,Cassidy Mitchell,36,No,2
T01195,2025-06-30 00:00:00,2025-07-01 17:00:00,Critical,Closed,Portal,Access Request,A021,Lisa Potter,41,No,4
T01196,2025-03-12 00:00:00,2025-03-16 07:00:00,Critical,Closed,Portal,Access Request,A018,Jesse Morgan,103,No,2
T01197,2025-09-30 00:00:00,2025-10-02 21:00:00,Critical,Open,Portal,Access Request,A019,Tracey Mcbride,69,Yes,2
T01198,2025-12-26 00:00:00,2025-12-26 12:00:00,High,Open,Phone,Login Issue,A012,Daniel Floyd,12,No,2
T01199,2025-03-10 00:00:00,2025-03-14 22:00:00,Low,Resolved,Chat,Network Issue,A010,Michael Robertson,118,No,1
T01200,2025-03-15 00:00:00,2025-03-19 11:00:00,Critical,In Progress,Phone,Network Issue,A002,Erica Jensen,107,Yes,5
T01201,2025-03-02 00:00:00,2025-03-05 18:00:00,Critical,Open,Portal,Software Bug,A002,Christopher Ruiz,90,Yes,2
T01202,2025-12-06 00:00:00,2025-12-09 03:00:00,Critical,In Progress,Email,Network Issue,A012,Michele Mccann,75,Yes,1
T01203,2025-02-10 00:00:00,2025-02-11 08:00:00,Low,Closed,Phone,Network Issue,A016,Mrs. Jennifer Levine MD,32,Yes,1
T01204,2026-01-19 00:00:00,2026-01-21 20:00:00,Critical,Closed,Chat,Hardware Failure,A021,Patrick Leonard,68,Yes,3
T01205,2025-05-27 00:00:00,2025-05-27 15:00:00,Low,Open,Phone,Access Request,A006,Jacqueline Trujillo,15,Yes,2
T01206,2025-07-22 00:00:00,2025-07-26 11:00:00,Critical,Resolved,Chat,Network Issue,A014,Suzanne Hamilton,107,Yes,4
T01207,2025-05-20 00:00:00,2025-05-20 12:00:00,Critical,In Progress,Phone,Hardware Failure,A020,Meredith Wilson,12,Yes,5
T01208,2025-04-23 00:00:00,2025-04-25 03:00:00,Low,Closed,Portal,Software Bug,A021,Charles Potter,51,No,2
T01209,2026-02-28 00:00:00,2026-03-02 01:00:00,Low,Resolved,Portal,Network Issue,A009,Laura Rivera,49,Yes,2
T01210,2025-02-23 00:00:00,2025-02-23 10:00:00,High,Open,Phone,Software Bug,A006,Elizabeth Lee,10,Yes,3
T01211,2025-02-03 00:00:00,2025-02-04 04:00:00,Low,Resolved,Phone,Access Request,A007,Gary Miranda,28,Yes,5
T01212,2025-05-04 00:00:00,2025-05-05 11:00:00,Low,Closed,Email,Login Issue,A011,Mark Gonzalez,35,Yes,1
T01213,2025-06-08 00:00:00,2025-06-08 02:00:00,High,Closed,Phone,Software Bug,A025,Benjamin Smith,2,No,3
T01214,2026-01-07 00:00:00,2026-01-08 22:00:00,Low,Resolved,Portal,Access Request,A004,Erica Hoover,46,Yes,2
T01215,2025-01-13 00:00:00,2025-01-16 04:00:00,Critical,Open,Chat,Network Issue,A005,Kelly Harris,76,No,4
T01216,2025-02-10 00:00:00,2025-02-14 18:00:00,Medium,In Progress,Phone,Network Issue,A017,Vincent Abbott,114,No,1
T01217,2025-08-18 00:00:00,2025-08-22 05:00:00,High,Resolved,Chat,Access Request,A014,Kathy Garrison,101,Yes,2
T01218,2025-12-31 00:00:00,2026-01-04 04:00:00,Medium,In Progress,Email,Network Issue,A019,Nicole Robertson,100,No,4
T01219,2025-02-19 00:00:00,2025-02-23 08:00:00,Medium,Resolved,Email,Hardware Failure,A004,Rachel Benton,104,No,1
T01220,2025-06-10 00:00:00,2025-06-10 22:00:00,Medium,Open,Chat,Access Request,A012,Donna Hall,22,No,3
T01221,2025-02-15 00:00:00,2025-02-15 10:00:00,Critical,Resolved,Portal,Software Bug,A025,Matthew Pruitt,10,No,2
T01222,2025-11-29 00:00:00,2025-12-03 23:00:00,Low,Closed,Email,Software Bug,A010,Tanner Black,119,No,2
T01223,2025-07-29 00:00:00,2025-08-02 14:00:00,Medium,Closed,Chat,Access Request,A020,Jessica Ramirez,110,No,5
T01224,2025-07-11 00:00:00,2025-07-11 11:00:00,Critical,Resolved,Email,Access Request,A021,Robert Mcclure,11,Yes,4
T01225,2026-01-15 00:00:00,2026-01-19 06:00:00,Low,In Progress,Email,Software Bug,A013,James Gray,102,Yes,2
T01226,2025-10-19 00:00:00,2025-10-21 04:00:00,Medium,Closed,Portal,Login Issue,A012,Sara Nunez,52,No,1
T01227,2025-08-28 00:00:00,2025-08-31 11:00:00,Critical,Open,Email,Network Issue,A024,John Johnson,83,Yes,5
T01228,2025-07-23 00:00:00,2025-07-27 03:00:00,Medium,Closed,Chat,Login Issue,A011,Diana Hobbs,99,No,4
T01229,2025-11-06 00:00:00,2025-11-08 15:00:00,Critical,Open,Chat,Hardware Failure,A002,Sarah Lutz,63,Yes,2
T01230,2025-08-29 00:00:00,2025-08-29 19:00:00,High,Open,Portal,Login Issue,A012,Rachel Golden,19,No,2
T01231,2025-08-31 00:00:00,2025-09-01 04:00:00,Medium,Open,Portal,Software Bug,A009,Jamie Valencia,28,Yes,1
T01232,2025-02-12 00:00:00,2025-02-12 19:00:00,High,Closed,Email,Software Bug,A023,Christina Obrien,19,No,1
T01233,2026-03-23 00:00:00,2026-03-25 06:00:00,Medium,Resolved,Phone,Login Issue,A003,Teresa Guzman,54,No,5
T01234,2025-06-25 00:00:00,2025-06-29 01:00:00,Medium,In Progress,Chat,Hardware Failure,A016,Stephen Wong,97,No,3
T01235,2025-10-02 00:00:00,2025-10-05 17:00:00,Critical,Resolved,Portal,Login Issue,A018,Brian Hill,89,Yes,2
T01236,2025-02-09 00:00:00,2025-02-12 21:00:00,Medium,Resolved,Chat,Login Issue,A005,Carol Hayes,93,No,5
T01237,2025-03-17 00:00:00,2025-03-19 16:00:00,Low,Closed,Chat,Access Request,A024,Michael Williams,64,Yes,3
T01238,2025-08-19 00:00:00,2025-08-23 11:00:00,Critical,Open,Email,Network Issue,A024,Amanda Jones,107,Yes,2
T01239,2025-08-04 00:00:00,2025-08-07 18:00:00,Medium,Closed,Phone,Software Bug,A007,Beverly Benson,90,Yes,5
T01240,2025-12-14 00:00:00,2025-12-17 02:00:00,High,Resolved,Email,Software Bug,A010,Wayne Lewis,74,Yes,1
T01241,2025-12-25 00:00:00,2025-12-27 16:00:00,Critical,Closed,Chat,Software Bug,A018,Joel Young,64,No,4
T01242,2025-09-25 00:00:00,2025-09-29 02:00:00,Low,In Progress,Portal,Hardware Failure,A012,Chase Madden,98,Yes,3
T01243,2025-10-11 00:00:00,2025-10-14 05:00:00,Critical,Closed,Chat,Hardware Failure,A021,Daniel Orozco,77,No,2
T01244,2025-12-26 00:00:00,2025-12-29 08:00:00,Low,Open,Email,Login Issue,A020,Lisa Ramirez,80,No,1
T01245,2025-02-23 00:00:00,2025-02-25 16:00:00,Low,Closed,Email,Software Bug,A014,Elizabeth Wallace,64,Yes,5
T01246,2025-04-25 00:00:00,2025-04-29 04:00:00,Critical,Open,Phone,Hardware Failure,A004,Amy Daniel,100,No,4
T01247,2026-02-11 00:00:00,2026-02-15 21:00:00,Critical,Closed,Email,Software Bug,A008,Stephanie Mays,117,No,4
T01248,2025-05-18 00:00:00,2025-05-22 17:00:00,High,Closed,Phone,Login Issue,A014,Jennifer Mora,113,Yes,3
T01249,2025-01-08 00:00:00,2025-01-08 04:00:00,High,Resolved,Chat,Network Issue,A019,James Brady,4,No,2
T01250,2025-05-04 00:00:00,2025-05-07 00:00:00,Medium,Closed,Email,Access Request,A014,Maria King,72,Yes,4
T01251,2025-11-22 00:00:00,2025-11-24 02:00:00,Critical,Resolved,Phone,Hardware Failure,A008,Brenda Wang,50,Yes,2
T01252,2025-12-30 00:00:00,2026-01-03 07:00:00,Low,Closed,Chat,Access Request,A006,Brandon Hughes,103,No,2
T01253,2025-04-15 00:00:00,2025-04-15 12:00:00,Low,Closed,Email,Access Request,A005,Tony Lane,12,Yes,1
T01254,2025-11-13 00:00:00,2025-11-16 19:00:00,Low,Closed,Email,Network Issue,A015,Jessica Hernandez,91,No,5
T01255,2025-04-06 00:00:00,2025-04-07 07:00:00,High,In Progress,Phone,Hardware Failure,A025,Dylan Bryant,31,No,2
T01256,2025-12-04 00:00:00,2025-12-04 07:00:00,Low,In Progress,Email,Access Request,A004,Valerie Green,7,Yes,3
T01257,2025-08-24 00:00:00,2025-08-28 23:00:00,Low,Open,Phone,Software Bug,A009,Brandon Hughes,119,Yes,5
T01258,2025-02-17 00:00:00,2025-02-17 10:00:00,High,In Progress,Portal,Login Issue,A016,Anthony Jensen,10,Yes,4
T01259,2025-07-31 00:00:00,2025-07-31 10:00:00,Low,In Progress,Portal,Hardware Failure,A011,Jessica Perez,10,No,4
T01260,2026-02-18 00:00:00,2026-02-18 21:00:00,High,Open,Phone,Access Request,A021,David Phillips,21,Yes,2
T01261,2025-03-02 00:00:00,2025-03-03 20:00:00,Critical,Open,Phone,Access Request,A024,Nicholas Horne,44,No,3
T01262,2025-03-04 00:00:00,2025-03-05 01:00:00,Low,Open,Phone,Network Issue,A012,Jeremy Smith,25,Yes,5
T01263,2025-04-22 00:00:00,2025-04-22 04:00:00,Medium,In Progress,Email,Network Issue,A009,Anthony Tapia,4,No,3
T01264,2025-09-04 00:00:00,2025-09-05 02:00:00,High,Resolved,Portal,Hardware Failure,A014,Jackson Herrera,26,No,1
T01265,2025-04-09 00:00:00,2025-04-10 09:00:00,Medium,Resolved,Portal,Login Issue,A019,Gregory Jarvis,33,No,2
T01266,2025-03-26 00:00:00,2025-03-30 06:00:00,Critical,Closed,Portal,Hardware Failure,A020,Mark Garza,102,No,2
T01267,2026-02-22 00:00:00,2026-02-23 17:00:00,Low,Closed,Portal,Network Issue,A019,Jason Daniels,41,No,5
T01268,2025-07-11 00:00:00,2025-07-15 19:00:00,Critical,In Progress,Email,Access Request,A009,Ashley Pratt,115,No,1
T01269,2025-05-31 00:00:00,2025-06-03 06:00:00,High,Closed,Email,Login Issue,A006,Derrick Dodson,78,No,5
T01270,2025-08-08 00:00:00,2025-08-12 06:00:00,High,In Progress,Email,Network Issue,A022,Jessica Ortiz,102,No,2
T01271,2025-07-10 00:00:00,2025-07-10 19:00:00,Low,Open,Chat,Login Issue,A023,Angela Crosby,19,No,3
T01272,2025-04-20 00:00:00,2025-04-22 12:00:00,High,In Progress,Email,Hardware Failure,A010,Gary Snow,60,Yes,5
T01273,2025-09-27 00:00:00,2025-09-28 04:00:00,High,Open,Portal,Hardware Failure,A011,Bradley Davis,28,No,1
T01274,2025-04-12 00:00:00,2025-04-13 02:00:00,Critical,Closed,Email,Software Bug,A014,Paul Bell,26,Yes,1
T01275,2025-03-05 00:00:00,2025-03-07 10:00:00,High,Closed,Phone,Access Request,A001,Jennifer Williams,58,No,2
T01276,2025-01-10 00:00:00,2025-01-13 11:00:00,Low,Closed,Chat,Network Issue,A013,Laura York,83,Yes,5
T01277,2025-10-01 00:00:00,2025-10-05 22:00:00,Low,Resolved,Email,Login Issue,A016,Mark Jones,118,Yes,5
T01278,2026-03-01 00:00:00,2026-03-05 07:00:00,High,Resolved,Chat,Software Bug,A013,Glenda Garcia,103,Yes,4
T01279,2025-10-12 00:00:00,2025-10-16 04:00:00,Critical,Open,Portal,Software Bug,A023,Stephen King,100,No,3
T01280,2025-09-10 00:00:00,2025-09-14 13:00:00,High,Open,Email,Network Issue,A002,Tracy Mcpherson,109,Yes,1
T01281,2025-03-13 00:00:00,2025-03-13 14:00:00,Critical,In Progress,Phone,Login Issue,A007,Cynthia Bartlett,14,No,3
T01282,2026-02-22 00:00:00,2026-02-26 20:00:00,Low,Open,Chat,Login Issue,A004,Timothy Stevenson,116,Yes,5
T01283,2025-06-05 00:00:00,2025-06-05 10:00:00,High,Closed,Chat,Network Issue,A005,Beverly Jones,10,No,3
T01284,2025-03-03 00:00:00,2025-03-03 17:00:00,Medium,Closed,Portal,Login Issue,A017,Drew Williams,17,Yes,3
T01285,2025-10-23 00:00:00,2025-10-25 14:00:00,High,Resolved,Portal,Network Issue,A003,Emily Cain,62,No,4
T01286,2026-01-28 00:00:00,2026-01-29 14:00:00,High,In Progress,Phone,Login Issue,A003,Charles Stewart,38,No,1
T01287,2025-01-31 00:00:00,2025-02-01 04:00:00,Medium,Closed,Portal,Network Issue,A016,Jeremy Munoz,28,Yes,1
T01288,2025-06-24 00:00:00,2025-06-25 03:00:00,High,Resolved,Portal,Network Issue,A017,Peter Ellis,27,Yes,5
T01289,2025-03-08 00:00:00,2025-03-09 05:00:00,Critical,Closed,Phone,Hardware Failure,A007,Barbara Walton,29,Yes,3
T01290,2025-05-23 00:00:00,2025-05-25 07:00:00,High,Open,Phone,Hardware Failure,A004,Mark Martinez,55,Yes,2
T01291,2025-05-04 00:00:00,2025-05-04 03:00:00,Medium,Resolved,Email,Hardware Failure,A022,Stacy Carter,3,No,4
T01292,2025-06-30 00:00:00,2025-07-01 10:00:00,Low,Resolved,Portal,Network Issue,A005,Maria Shaw,34,No,1
T01293,2025-09-15 00:00:00,2025-09-17 08:00:00,High,Open,Portal,Software Bug,A012,Christopher Jackson,56,Yes,5
T01294,2025-01-26 00:00:00,2025-01-29 12:00:00,Critical,In Progress,Chat,Network Issue,A013,Patricia Andrade,84,Yes,4
T01295,2025-11-01 00:00:00,2025-11-02 12:00:00,Critical,Closed,Email,Login Issue,A021,Christina Lee,36,Yes,5
T01296,2025-02-26 00:00:00,2025-02-27 05:00:00,Low,Open,Chat,Network Issue,A003,Jillian Armstrong,29,Yes,1
T01297,2025-05-22 00:00:00,2025-05-23 05:00:00,Critical,Closed,Portal,Login Issue,A008,Tracy Williams,29,No,5
T01298,2025-09-11 00:00:00,2025-09-12 03:00:00,Medium,Resolved,Chat,Access Request,A010,Tina Ramirez,27,Yes,2
T01299,2025-02-18 00:00:00,2025-02-19 00:00:00,Critical,Resolved,Phone,Network Issue,A011,Jared Dawson,24,Yes,5
T01300,2025-03-27 00:00:00,2025-03-28 00:00:00,Critical,In Progress,Email,Hardware Failure,A014,Craig Ellison,24,No,3
T01301,2025-01-11 00:00:00,2025-01-11 23:00:00,Low,In Progress,Email,Access Request,A012,Tiffany Campbell,23,No,3
T01302,2025-10-26 00:00:00,2025-10-26 01:00:00,Medium,Closed,Email,Login Issue,A001,Justin Lawson,1,No,4
T01303,2026-03-04 00:00:00,2026-03-05 06:00:00,Medium,In Progress,Email,Login Issue,A010,Crystal Smith,30,No,5
T01304,2025-08-20 00:00:00,2025-08-22 15:00:00,High,Closed,Chat,Software Bug,A015,William Frederick,63,Yes,3
T01305,2026-02-28 00:00:00,2026-03-01 22:00:00,High,Closed,Email,Software Bug,A022,Carol Baker,46,Yes,3
T01306,2025-03-17 00:00:00,2025-03-19 05:00:00,Medium,Resolved,Portal,Login Issue,A008,John Sullivan,53,No,2
T01307,2025-07-04 00:00:00,2025-07-05 03:00:00,Medium,Closed,Email,Software Bug,A021,Daniel Roberts DDS,27,No,1
T01308,2026-03-25 00:00:00,2026-03-27 20:00:00,High,Resolved,Chat,Hardware Failure,A019,Rebecca Gonzalez,68,No,2
T01309,2025-05-22 00:00:00,2025-05-23 16:00:00,Low,Resolved,Email,Hardware Failure,A015,Jeffrey Hartman,40,No,2
T01310,2025-05-28 00:00:00,2025-05-28 15:00:00,Critical,In Progress,Portal,Network Issue,A017,Sarah Garcia,15,No,1
T01311,2025-11-16 00:00:00,2025-11-19 00:00:00,High,Closed,Chat,Login Issue,A010,Mrs. Nicole Baldwin,72,Yes,2
T01312,2025-08-21 00:00:00,2025-08-21 06:00:00,High,Open,Email,Hardware Failure,A010,Mary Bullock,6,Yes,2
T01313,2025-08-09 00:00:00,2025-08-10 22:00:00,Low,Resolved,Phone,Software Bug,A010,Melanie Owens,46,Yes,1
T01314,2025-02-14 00:00:00,2025-02-17 20:00:00,Medium,In Progress,Portal,Access Request,A003,Corey Berg,92,No,3
T01315,2025-04-23 00:00:00,2025-04-23 05:00:00,High,In Progress,Portal,Hardware Failure,A013,Carl Ford,5,Yes,4
T01316,2025-05-14 00:00:00,2025-05-18 22:00:00,High,In Progress,Portal,Software Bug,A019,Zachary Garcia,118,Yes,3
T01317,2025-12-16 00:00:00,2025-12-20 03:00:00,High,In Progress,Portal,Access Request,A007,Andrew Freeman,99,No,2
T01318,2025-06-06 00:00:00,2025-06-06 11:00:00,Critical,In Progress,Portal,Hardware Failure,A004,Ryan Williams,11,Yes,3
T01319,2025-09-27 00:00:00,2025-09-29 09:00:00,High,Closed,Chat,Hardware Failure,A015,Elizabeth Smith,57,No,3
T01320,2025-07-30 00:00:00,2025-08-01 12:00:00,Low,Closed,Email,Network Issue,A020,Donald Harris,60,No,1
T01321,2026-02-07 00:00:00,2026-02-08 08:00:00,High,In Progress,Chat,Login Issue,A025,Brian Osborn DDS,32,No,5
T01322,2025-03-06 00:00:00,2025-03-08 04:00:00,Critical,Closed,Email,Login Issue,A002,Stephen Olson,52,No,1
T01323,2026-03-01 00:00:00,2026-03-04 12:00:00,High,Open,Chat,Access Request,A016,John Walker,84,No,1
T01324,2026-03-19 00:00:00,2026-03-19 08:00:00,Low,In Progress,Phone,Access Request,A024,Julia Acosta,8,No,1
T01325,2025-03-11 00:00:00,2025-03-12 05:00:00,High,Resolved,Email,Hardware Failure,A020,Joe Armstrong,29,Yes,2
T01326,2025-02-28 00:00:00,2025-02-28 09:00:00,Medium,Open,Email,Network Issue,A007,Kimberly Smith,9,Yes,1
T01327,2025-08-31 00:00:00,2025-08-31 04:00:00,Critical,Closed,Email,Login Issue,A010,Gregory Morris,4,No,5
T01328,2025-09-05 00:00:00,2025-09-06 00:00:00,High,Closed,Email,Hardware Failure,A005,Amy Stevens,24,Yes,2
T01329,2025-04-05 00:00:00,2025-04-05 19:00:00,Medium,In Progress,Portal,Hardware Failure,A010,Angela Smith,19,No,2
T01330,2025-12-08 00:00:00,2025-12-08 13:00:00,Critical,Resolved,Chat,Hardware Failure,A013,Stephen Watts,13,Yes,5
T01331,2025-08-26 00:00:00,2025-08-28 06:00:00,Medium,Open,Chat,Hardware Failure,A004,Garrett Maldonado,54,No,4
T01332,2025-01-06 00:00:00,2025-01-09 03:00:00,Low,Closed,Email,Software Bug,A005,Rachel Harrison,75,No,3
T01333,2026-01-06 00:00:00,2026-01-08 11:00:00,Low,In Progress,Chat,Access Request,A017,Allen Simpson,59,Yes,3
T01334,2025-06-28 00:00:00,2025-07-02 20:00:00,Critical,Open,Phone,Network Issue,A012,Linda Briggs,116,No,5
T01335,2025-08-24 00:00:00,2025-08-27 20:00:00,High,Resolved,Portal,Login Issue,A021,Andrea Steele,92,No,2
T01336,2025-07-12 00:00:00,2025-07-14 13:00:00,Medium,Resolved,Phone,Software Bug,A019,Diana Fox,61,No,5
T01337,2025-10-27 00:00:00,2025-10-30 08:00:00,Low,Open,Email,Network Issue,A008,Emily Patel,80,Yes,4
T01338,2025-12-07 00:00:00,2025-12-07 14:00:00,Critical,Resolved,Phone,Network Issue,A004,Paul Carr,14,Yes,4
T01339,2026-01-08 00:00:00,2026-01-12 19:00:00,Critical,Open,Email,Access Request,A009,Willie Moreno,115,Yes,4
T01340,2025-01-20 00:00:00,2025-01-24 13:00:00,Critical,Resolved,Email,Network Issue,A011,Sean Chapman,109,Yes,1
T01341,2025-12-24 00:00:00,2025-12-26 10:00:00,Medium,In Progress,Phone,Software Bug,A016,Annette Bonilla,58,No,4
T01342,2025-12-14 00:00:00,2025-12-15 13:00:00,Medium,In Progress,Portal,Access Request,A007,Kathryn Vasquez,37,Yes,2
T01343,2025-10-26 00:00:00,2025-10-26 04:00:00,Medium,Open,Phone,Login Issue,A012,Tammy Allen,4,No,1
T01344,2025-10-18 00:00:00,2025-10-20 22:00:00,High,In Progress,Portal,Network Issue,A007,Robert Johnson,70,No,1
T01345,2025-09-14 00:00:00,2025-09-15 22:00:00,Medium,Open,Portal,Hardware Failure,A021,Kelly Wade,46,No,3
T01346,2026-03-24 00:00:00,2026-03-24 10:00:00,Low,In Progress,Chat,Login Issue,A004,Hector Richardson,10,No,5
T01347,2025-04-29 00:00:00,2025-04-29 07:00:00,High,Open,Phone,Software Bug,A009,Kathleen Walsh,7,No,5
T01348,2025-12-27 00:00:00,2025-12-28 22:00:00,Medium,Resolved,Email,Access Request,A019,Timothy Green,46,Yes,1
T01349,2026-03-13 00:00:00,2026-03-15 19:00:00,High,Closed,Email,Access Request,A023,Steven Sutton,67,Yes,5
T01350,2025-10-26 00:00:00,2025-10-28 13:00:00,Low,Open,Chat,Hardware Failure,A009,Aaron Henry,61,Yes,3
T01351,2025-06-21 00:00:00,2025-06-25 18:00:00,Medium,In Progress,Chat,Login Issue,A008,Cody Callahan,114,No,1
T01352,2025-02-07 00:00:00,2025-02-11 08:00:00,Low,Resolved,Email,Hardware Failure,A020,Erin Butler,104,Yes,5
T01353,2025-10-10 00:00:00,2025-10-12 14:00:00,High,Open,Email,Login Issue,A016,Felicia Heath,62,Yes,2
T01354,2025-11-29 00:00:00,2025-11-30 21:00:00,Critical,Resolved,Phone,Login Issue,A002,Kenneth Roberson,45,Yes,4
T01355,2026-02-01 00:00:00,2026-02-05 05:00:00,Critical,Open,Portal,Login Issue,A013,John Holland,101,No,2
T01356,2025-12-23 00:00:00,2025-12-23 17:00:00,Critical,In Progress,Email,Hardware Failure,A004,Madison Johnson,17,No,4
T01357,2025-06-30 00:00:00,2025-07-01 01:00:00,Critical,Open,Phone,Network Issue,A003,Alexandra Sanders,25,Yes,3
T01358,2025-04-27 00:00:00,2025-04-29 05:00:00,Low,Open,Phone,Login Issue,A003,Michael Walter,53,Yes,5
T01359,2025-03-06 00:00:00,2025-03-08 09:00:00,High,Open,Chat,Software Bug,A020,Jennifer Garcia,57,Yes,2
T01360,2025-05-30 00:00:00,2025-05-30 17:00:00,Critical,Closed,Email,Login Issue,A003,Kevin Rose,17,No,5
T01361,2025-10-06 00:00:00,2025-10-07 03:00:00,High,In Progress,Portal,Software Bug,A012,Yvette Barrera,27,No,4
T01362,2026-03-21 00:00:00,2026-03-24 12:00:00,High,Resolved,Email,Login Issue,A012,Savannah Hayden,84,No,2
T01363,2025-12-28 00:00:00,2025-12-31 08:00:00,High,Open,Phone,Network Issue,A017,Jennifer Wilson,80,Yes,4
T01364,2025-06-06 00:00:00,2025-06-09 23:00:00,Medium,Open,Chat,Network Issue,A002,Ryan Murphy,95,Yes,5
T01365,2025-12-24 00:00:00,2025-12-26 09:00:00,Low,Open,Portal,Login Issue,A009,Brittany Green,57,No,4
T01366,2025-10-29 00:00:00,2025-10-31 02:00:00,Low,Open,Chat,Access Request,A013,Michael Fisher,50,No,3
T01367,2025-01-10 00:00:00,2025-01-14 15:00:00,Critical,Closed,Email,Network Issue,A007,James Mora,111,No,4
T01368,2025-04-05 00:00:00,2025-04-08 13:00:00,Low,Resolved,Email,Access Request,A025,Bradley Rogers,85,No,4
T01369,2025-01-14 00:00:00,2025-01-18 21:00:00,High,Resolved,Phone,Login Issue,A011,Tara Brown,117,No,5
T01370,2026-03-20 00:00:00,2026-03-22 07:00:00,Low,Closed,Chat,Access Request,A015,Paul Stevens,55,No,1
T01371,2025-10-21 00:00:00,2025-10-24 21:00:00,High,In Progress,Portal,Hardware Failure,A024,Susan Parsons,93,Yes,5
T01372,2025-03-09 00:00:00,2025-03-13 21:00:00,High,Resolved,Email,Network Issue,A025,Sara Cummings,117,No,1
T01373,2025-06-22 00:00:00,2025-06-25 02:00:00,Low,Resolved,Chat,Software Bug,A022,Amanda Hernandez,74,No,4
T01374,2026-02-05 00:00:00,2026-02-08 12:00:00,Low,Open,Chat,Access Request,A022,Denise Martinez,84,No,5
T01375,2026-03-05 00:00:00,2026-03-06 10:00:00,Critical,Closed,Email,Hardware Failure,A001,Meredith Olsen,34,No,2
T01376,2025-01-19 00:00:00,2025-01-20 22:00:00,Medium,Closed,Email,Access Request,A003,Thomas Myers,46,No,4
T01377,2025-11-09 00:00:00,2025-11-11 23:00:00,Low,Closed,Phone,Software Bug,A025,Andrew Stafford,71,No,3
T01378,2025-05-13 00:00:00,2025-05-17 16:00:00,Medium,In Progress,Phone,Network Issue,A020,Kenneth Leonard,112,Yes,4
T01379,2025-04-30 00:00:00,2025-04-30 15:00:00,Medium,Closed,Chat,Login Issue,A018,Clayton Brown,15,Yes,1
T01380,2025-02-01 00:00:00,2025-02-04 20:00:00,High,Open,Chat,Access Request,A023,Ian Singh,92,Yes,3
T01381,2025-11-04 00:00:00,2025-11-05 07:00:00,Low,Open,Portal,Login Issue,A017,Elizabeth Page,31,Yes,3
T01382,2025-05-02 00:00:00,2025-05-03 03:00:00,High,Closed,Email,Hardware Failure,A010,Patricia Adams,27,Yes,3
T01383,2025-01-13 00:00:00,2025-01-14 18:00:00,High,Resolved,Portal,Software Bug,A016,Monica Johnson,42,No,5
T01384,2025-11-15 00:00:00,2025-11-15 04:00:00,High,Open,Chat,Network Issue,A019,Mr. William Burch MD,4,Yes,2
T01385,2025-02-24 00:00:00,2025-02-27 06:00:00,High,Resolved,Phone,Hardware Failure,A019,Amy Holmes,78,Yes,2
T01386,2025-12-03 00:00:00,2025-12-06 21:00:00,Critical,Open,Email,Network Issue,A019,Patrick Farmer,93,No,2
T01387,2025-10-03 00:00:00,2025-10-06 22:00:00,Low,Closed,Portal,Software Bug,A009,Karen Clark,94,Yes,1
T01388,2026-03-05 00:00:00,2026-03-08 02:00:00,Medium,Resolved,Phone,Software Bug,A008,Cassandra Randall,74,No,3
T01389,2025-06-11 00:00:00,2025-06-15 00:00:00,Medium,Closed,Portal,Software Bug,A003,Juan Williams,96,No,1
T01390,2025-10-14 00:00:00,2025-10-16 17:00:00,High,Closed,Phone,Hardware Failure,A014,Kevin Oconnor,65,Yes,1
T01391,2025-10-19 00:00:00,2025-10-23 10:00:00,Medium,Closed,Phone,Access Request,A009,Haley Johnson,106,No,2
T01392,2025-06-24 00:00:00,2025-06-25 17:00:00,Low,Closed,Portal,Access Request,A005,Kyle Thomas,41,No,1
T01393,2025-11-20 00:00:00,2025-11-24 17:00:00,Medium,Closed,Email,Network Issue,A004,Carol Harris,113,No,2
T01394,2025-05-15 00:00:00,2025-05-19 02:00:00,Critical,Open,Phone,Login Issue,A014,Paul Perkins,98,Yes,5
T01395,2025-12-20 00:00:00,2025-12-20 22:00:00,Medium,Closed,Portal,Software Bug,A005,Gary Taylor,22,No,1
T01396,2025-12-23 00:00:00,2025-12-26 00:00:00,High,Open,Chat,Software Bug,A019,Christopher Ellis MD,72,Yes,2
T01397,2026-01-05 00:00:00,2026-01-05 06:00:00,High,Closed,Portal,Hardware Failure,A024,James Silva,6,No,1
T01398,2025-05-29 00:00:00,2025-06-02 01:00:00,Medium,In Progress,Email,Network Issue,A001,Aimee Powers,97,No,4
T01399,2025-12-12 00:00:00,2025-12-15 12:00:00,Critical,Resolved,Portal,Network Issue,A017,Tamara Goodwin,84,No,4
T01400,2026-01-31 00:00:00,2026-01-31 13:00:00,High,Closed,Chat,Login Issue,A019,Roger Carson,13,No,2
T01401,2025-05-27 00:00:00,2025-05-28 18:00:00,High,In Progress,Phone,Login Issue,A024,Bethany Garcia,42,Yes,4
T01402,2025-08-09 00:00:00,2025-08-11 19:00:00,High,Open,Chat,Software Bug,A006,Joshua Rodriguez,67,Yes,3
T01403,2025-05-28 00:00:00,2025-05-29 12:00:00,Critical,In Progress,Phone,Software Bug,A009,Bryan Martin,36,Yes,4
T01404,2025-04-29 00:00:00,2025-05-02 14:00:00,Medium,Open,Phone,Access Request,A017,David Swanson,86,Yes,3
T01405,2025-01-15 00:00:00,2025-01-18 05:00:00,Medium,Open,Portal,Login Issue,A012,Christina Hahn,77,Yes,1
T01406,2025-05-25 00:00:00,2025-05-28 02:00:00,Critical,In Progress,Portal,Software Bug,A004,Dr. Brian Irwin,74,Yes,4
T01407,2025-08-16 00:00:00,2025-08-20 18:00:00,Critical,Resolved,Email,Network Issue,A009,Jonathan Martinez,114,Yes,4
T01408,2025-07-01 00:00:00,2025-07-05 07:00:00,Medium,Open,Chat,Network Issue,A017,Stephen Hicks,103,No,1
T01409,2025-05-22 00:00:00,2025-05-24 11:00:00,Low,Resolved,Email,Hardware Failure,A004,Tiffany Holmes,59,No,5
T01410,2025-04-08 00:00:00,2025-04-12 12:00:00,Low,Open,Phone,Network Issue,A019,Mark Alexander,108,No,5
T01411,2026-03-23 00:00:00,2026-03-24 05:00:00,High,Closed,Phone,Hardware Failure,A006,William Nelson,29,No,2
T01412,2025-05-25 00:00:00,2025-05-25 17:00:00,Low,In Progress,Email,Hardware Failure,A003,Douglas Caldwell,17,No,2
T01413,2025-10-13 00:00:00,2025-10-16 07:00:00,Medium,Open,Portal,Software Bug,A020,Christopher Oneill,79,No,2
T01414,2025-11-20 00:00:00,2025-11-23 03:00:00,High,Closed,Phone,Software Bug,A008,Christine Robinson DDS,75,No,2
T01415,2025-12-09 00:00:00,2025-12-11 15:00:00,Critical,Resolved,Portal,Software Bug,A004,Laura Chapman,63,Yes,4
T01416,2025-02-27 00:00:00,2025-03-03 17:00:00,Critical,Closed,Chat,Network Issue,A022,Tammy Sanchez,113,No,3
T01417,2025-03-01 00:00:00,2025-03-01 23:00:00,High,Open,Chat,Hardware Failure,A023,Christian Heath,23,Yes,4
T01418,2026-02-01 00:00:00,2026-02-05 17:00:00,Critical,Closed,Phone,Login Issue,A010,Jennifer Clay,113,No,4
T01419,2025-09-17 00:00:00,2025-09-18 04:00:00,Low,Resolved,Chat,Software Bug,A014,Brianna Reyes,28,No,4
T01420,2026-02-19 00:00:00,2026-02-21 09:00:00,Critical,Resolved,Email,Software Bug,A016,Brooke Evans,57,Yes,4
T01421,2025-06-23 00:00:00,2025-06-26 10:00:00,High,Closed,Portal,Network Issue,A019,Melissa Miller,82,Yes,1
T01422,2025-10-02 00:00:00,2025-10-03 03:00:00,High,In Progress,Email,Login Issue,A013,Stephen Singleton,27,Yes,1
T01423,2026-02-04 00:00:00,2026-02-07 19:00:00,High,Open,Email,Access Request,A007,Eddie Wolf,91,No,3
T01424,2025-10-02 00:00:00,2025-10-03 02:00:00,Critical,In Progress,Chat,Network Issue,A012,Allison Roach,26,No,2
T01425,2025-07-31 00:00:00,2025-08-01 04:00:00,Medium,Open,Email,Login Issue,A025,Thomas Hansen,28,Yes,5
T01426,2025-09-14 00:00:00,2025-09-16 03:00:00,Low,In Progress,Chat,Software Bug,A001,Haley Mcgee,51,Yes,4
T01427,2025-11-20 00:00:00,2025-11-24 03:00:00,Low,Resolved,Email,Hardware Failure,A021,Pamela Campbell,99,No,2
T01428,2025-03-09 00:00:00,2025-03-13 09:00:00,Low,Open,Email,Access Request,A024,Rachel Wilson,105,No,3
T01429,2025-01-11 00:00:00,2025-01-11 02:00:00,Medium,Open,Portal,Network Issue,A020,Jody Anderson,2,No,5
T01430,2026-02-06 00:00:00,2026-02-07 18:00:00,Low,Resolved,Chat,Hardware Failure,A007,Tonya Mejia,42,Yes,4
T01431,2025-05-16 00:00:00,2025-05-19 12:00:00,Critical,Closed,Chat,Hardware Failure,A003,Bruce Burke,84,Yes,5
T01432,2025-07-28 00:00:00,2025-07-31 00:00:00,Critical,Resolved,Phone,Hardware Failure,A001,David Rodriguez,72,No,3
T01433,2026-01-08 00:00:00,2026-01-10 03:00:00,Low,Closed,Phone,Access Request,A001,Devin Johnson,51,No,3
T01434,2026-01-30 00:00:00,2026-01-31 06:00:00,High,Closed,Email,Software Bug,A011,Sarah Shepherd,30,Yes,4
T01435,2026-02-19 00:00:00,2026-02-22 09:00:00,Low,In Progress,Phone,Hardware Failure,A019,Maureen Johnson,81,Yes,1
T01436,2025-02-12 00:00:00,2025-02-12 19:00:00,Critical,In Progress,Email,Hardware Failure,A009,Deborah Levy,19,No,4
T01437,2025-06-09 00:00:00,2025-06-12 23:00:00,Medium,Open,Chat,Access Request,A020,Shawn Dodson,95,No,3
T01438,2026-03-23 00:00:00,2026-03-23 01:00:00,Medium,Closed,Portal,Software Bug,A021,Dana Davis,1,Yes,3
T01439,2025-06-14 00:00:00,2025-06-16 12:00:00,Low,Open,Portal,Login Issue,A013,Sarah Lucas,60,Yes,4
T01440,2026-01-23 00:00:00,2026-01-23 02:00:00,Low,In Progress,Phone,Hardware Failure,A004,Randy Ray,2,Yes,2
T01441,2025-08-06 00:00:00,2025-08-08 16:00:00,Critical,In Progress,Portal,Hardware Failure,A001,Elizabeth Cortez,64,No,2
T01442,2025-03-02 00:00:00,2025-03-04 08:00:00,High,Resolved,Chat,Access Request,A021,Anne Hardy,56,Yes,3
T01443,2025-03-14 00:00:00,2025-03-15 14:00:00,Medium,Resolved,Chat,Hardware Failure,A015,Adam King,38,Yes,5
T01444,2025-06-19 00:00:00,2025-06-23 23:00:00,Medium,Closed,Email,Software Bug,A014,Michelle Ward,119,Yes,2
T01445,2025-03-18 00:00:00,2025-03-20 13:00:00,Low,Resolved,Phone,Network Issue,A023,Derek Moyer,61,Yes,1
T01446,2025-10-03 00:00:00,2025-10-05 11:00:00,Low,Open,Portal,Access Request,A006,Brittany Morgan MD,59,Yes,3
T01447,2025-06-29 00:00:00,2025-07-02 10:00:00,Medium,Resolved,Email,Network Issue,A009,Erica Gray,82,No,5
T01448,2026-02-25 00:00:00,2026-03-01 21:00:00,High,Resolved,Portal,Software Bug,A018,Crystal James,117,Yes,4
T01449,2025-02-09 00:00:00,2025-02-12 04:00:00,Low,In Progress,Chat,Network Issue,A009,Michael Gibson II,76,Yes,2
T01450,2025-03-06 00:00:00,2025-03-10 07:00:00,Critical,Resolved,Chat,Access Request,A022,Shawn Cochran,103,No,5
T01451,2025-04-18 00:00:00,2025-04-18 22:00:00,Medium,In Progress,Email,Access Request,A005,Douglas Calderon,22,Yes,1
T01452,2025-03-26 00:00:00,2025-03-28 13:00:00,High,Open,Email,Network Issue,A017,Debra Mitchell,61,No,1
T01453,2025-08-06 00:00:00,2025-08-09 14:00:00,High,Resolved,Email,Network Issue,A018,Claudia Alvarez,86,No,4
T01454,2025-07-13 00:00:00,2025-07-17 04:00:00,Critical,Resolved,Chat,Access Request,A011,Shawn Guerra,100,Yes,4
T01455,2025-11-06 00:00:00,2025-11-10 12:00:00,Medium,Resolved,Phone,Hardware Failure,A018,Amy Frank,108,No,2
T01456,2025-09-08 00:00:00,2025-09-11 17:00:00,Low,Closed,Chat,Network Issue,A001,Ashley Kane,89,No,3
T01457,2026-03-14 00:00:00,2026-03-16 12:00:00,Critical,In Progress,Phone,Hardware Failure,A012,Laura Curtis,60,Yes,3
T01458,2026-01-18 00:00:00,2026-01-18 02:00:00,Critical,Resolved,Phone,Login Issue,A019,David Harper,2,No,2
T01459,2025-06-18 00:00:00,2025-06-18 13:00:00,High,Open,Chat,Login Issue,A021,Valerie Grant,13,No,3
T01460,2025-11-25 00:00:00,2025-11-27 14:00:00,Low,Resolved,Chat,Login Issue,A019,Beth Lee,62,Yes,4
T01461,2026-03-18 00:00:00,2026-03-21 20:00:00,Critical,Closed,Phone,Hardware Failure,A024,Tracy Bowman,92,Yes,4
T01462,2025-01-20 00:00:00,2025-01-22 00:00:00,Medium,In Progress,Phone,Login Issue,A014,Dustin Anderson,48,Yes,1
T01463,2025-01-29 00:00:00,2025-01-31 09:00:00,High,Open,Chat,Network Issue,A021,Richard Marquez,57,Yes,1
T01464,2025-06-20 00:00:00,2025-06-24 12:00:00,Medium,Resolved,Email,Hardware Failure,A014,Michelle Carrillo,108,Yes,3
T01465,2025-02-03 00:00:00,2025-02-04 01:00:00,Medium,Resolved,Email,Network Issue,A015,Danielle Short,25,Yes,5
T01466,2025-05-22 00:00:00,2025-05-25 06:00:00,Critical,In Progress,Email,Software Bug,A009,Carmen Morris,78,No,2
T01467,2025-03-02 00:00:00,2025-03-03 20:00:00,Low,Closed,Email,Login Issue,A003,Jeanette Owen,44,Yes,4
T01468,2026-01-09 00:00:00,2026-01-09 12:00:00,High,Open,Phone,Login Issue,A007,Christopher Harris,12,No,2
T01469,2025-08-24 00:00:00,2025-08-24 11:00:00,High,In Progress,Phone,Software Bug,A002,Stacy Lawrence,11,No,2
T01470,2025-12-28 00:00:00,2025-12-29 13:00:00,High,In Progress,Chat,Hardware Failure,A008,Leslie Sanchez,37,Yes,2
T01471,2025-05-20 00:00:00,2025-05-24 18:00:00,Medium,Resolved,Chat,Hardware Failure,A009,Frank Jordan,114,Yes,2
T01472,2025-09-08 00:00:00,2025-09-09 22:00:00,High,Resolved,Portal,Network Issue,A002,Kenneth Porter,46,No,5
T01473,2025-03-21 00:00:00,2025-03-23 21:00:00,Medium,Closed,Chat,Software Bug,A007,Julie Williams,69,No,5
T01474,2025-12-25 00:00:00,2025-12-27 17:00:00,High,Open,Phone,Software Bug,A007,Anita Freeman,65,No,5
T01475,2025-05-14 00:00:00,2025-05-14 05:00:00,Medium,Closed,Phone,Hardware Failure,A019,Kenneth Garrett,5,No,1
T01476,2025-07-10 00:00:00,2025-07-13 01:00:00,Low,Resolved,Email,Software Bug,A001,Dennis Horne,73,Yes,4
T01477,2025-08-04 00:00:00,2025-08-06 13:00:00,High,Open,Phone,Software Bug,A010,Jacob Wilkerson PhD,61,Yes,3
T01478,2025-08-28 00:00:00,2025-08-30 22:00:00,Low,Closed,Portal,Access Request,A019,James Horn,70,No,2
T01479,2026-01-10 00:00:00,2026-01-12 04:00:00,Medium,Resolved,Chat,Access Request,A011,Brittany Thomas,52,No,4
T01480,2025-12-14 00:00:00,2025-12-16 04:00:00,Low,In Progress,Email,Hardware Failure,A014,Suzanne Stark,52,No,3
T01481,2025-10-23 00:00:00,2025-10-25 04:00:00,Low,In Progress,Phone,Software Bug,A020,Jennifer Guzman,52,Yes,5
T01482,2025-10-18 00:00:00,2025-10-22 01:00:00,Medium,Resolved,Email,Login Issue,A010,Cheryl Valenzuela,97,Yes,2
T01483,2026-02-15 00:00:00,2026-02-16 21:00:00,Critical,In Progress,Portal,Login Issue,A022,Monica Perez,45,Yes,4
T01484,2025-04-13 00:00:00,2025-04-17 18:00:00,High,Resolved,Email,Network Issue,A008,Sarah Norton,114,Yes,2
T01485,2025-08-12 00:00:00,2025-08-12 12:00:00,Medium,Resolved,Email,Hardware Failure,A006,Nancy Krause,12,No,2
T01486,2025-02-21 00:00:00,2025-02-23 13:00:00,Critical,In Progress,Portal,Hardware Failure,A015,Tanya Miller,61,Yes,5
T01487,2026-01-26 00:00:00,2026-01-30 22:00:00,Critical,In Progress,Chat,Network Issue,A013,Susan Adams,118,No,1
T01488,2025-05-25 00:00:00,2025-05-29 09:00:00,Critical,Open,Chat,Hardware Failure,A022,Regina Morris,105,Yes,4
T01489,2025-04-24 00:00:00,2025-04-28 18:00:00,Medium,In Progress,Chat,Software Bug,A011,Brady Smith,114,Yes,5
T01490,2025-11-09 00:00:00,2025-11-12 05:00:00,Low,In Progress,Phone,Hardware Failure,A007,Charles Washington,77,Yes,4
T01491,2025-04-19 00:00:00,2025-04-20 15:00:00,Low,Resolved,Portal,Network Issue,A014,Phillip Tanner,39,Yes,4
T01492,2025-05-26 00:00:00,2025-05-27 16:00:00,Critical,Open,Chat,Hardware Failure,A006,Patricia Snow,40,Yes,4
T01493,2025-07-23 00:00:00,2025-07-26 16:00:00,Low,Closed,Email,Software Bug,A022,Ebony Velez,88,Yes,5
T01494,2025-12-02 00:00:00,2025-12-06 15:00:00,Low,In Progress,Chat,Network Issue,A019,Jennifer Mason,111,No,4
T01495,2025-12-18 00:00:00,2025-12-20 11:00:00,Critical,Closed,Portal,Login Issue,A010,Cody Jarvis,59,No,1
T01496,2025-05-13 00:00:00,2025-05-16 23:00:00,Critical,Resolved,Portal,Software Bug,A018,Paul Rogers,95,No,1
T01497,2025-02-27 00:00:00,2025-03-03 05:00:00,Critical,Closed,Email,Network Issue,A001,Johnny Watson,101,No,2
T01498,2025-12-29 00:00:00,2026-01-01 04:00:00,Medium,Closed,Portal,Login Issue,A015,Zachary Michael,76,No,3
T01499,2025-01-21 00:00:00,2025-01-21 16:00:00,Critical,Resolved,Email,Access Request,A022,Sheryl Bradley,16,No,4
T01500,2025-05-10 00:00:00,2025-05-12 07:00:00,High,Open,Chat,Network Issue,A010,Wendy Turner,55,No,3
T01501,2025-08-02 00:00:00,2025-08-02 03:00:00,High,Resolved,Email,Access Request,A004,Wyatt Dean,3,No,4
T01502,2026-01-10 00:00:00,2026-01-10 05:00:00,Critical,In Progress,Phone,Login Issue,A018,Brian Gonzales,5,Yes,5
T01503,2025-03-06 00:00:00,2025-03-09 22:00:00,Critical,Closed,Chat,Software Bug,A015,Kristin Jackson,94,Yes,2
T01504,2026-02-27 00:00:00,2026-03-03 20:00:00,Critical,Open,Email,Software Bug,A012,Richard Page,116,Yes,5
T01505,2025-03-17 00:00:00,2025-03-20 06:00:00,Critical,Open,Chat,Software Bug,A014,Jacob Singleton,78,No,1
T01506,2025-01-12 00:00:00,2025-01-13 00:00:00,Low,Closed,Email,Network Issue,A019,David Conner,24,No,3
T01507,2025-06-05 00:00:00,2025-06-08 07:00:00,Medium,Open,Chat,Access Request,A016,Samantha French,79,Yes,5
T01508,2026-01-25 00:00:00,2026-01-30 00:00:00,High,In Progress,Chat,Access Request,A022,Benjamin Allen,120,Yes,4
T01509,2025-11-06 00:00:00,2025-11-08 04:00:00,High,Resolved,Email,Hardware Failure,A007,Ruth Baldwin,52,Yes,2
T01510,2026-02-05 00:00:00,2026-02-07 06:00:00,High,Resolved,Portal,Access Request,A021,Laura Henson,54,No,2
T01511,2025-02-19 00:00:00,2025-02-20 05:00:00,Low,Resolved,Phone,Login Issue,A020,Ronald Buckley,29,No,2
T01512,2026-01-08 00:00:00,2026-01-11 20:00:00,Critical,Closed,Chat,Access Request,A013,Mckenzie Wilson,92,No,5
T01513,2025-10-13 00:00:00,2025-10-13 02:00:00,High,Resolved,Chat,Hardware Failure,A005,Madison Perkins,2,No,3
T01514,2026-03-14 00:00:00,2026-03-18 00:00:00,Medium,In Progress,Portal,Software Bug,A013,Teresa Williams,96,Yes,4
T01515,2025-12-05 00:00:00,2025-12-09 14:00:00,Low,Closed,Chat,Login Issue,A007,William Adams,110,No,5
T01516,2025-06-05 00:00:00,2025-06-06 14:00:00,Critical,Closed,Email,Network Issue,A020,Steven Baker,38,Yes,3
T01517,2025-11-16 00:00:00,2025-11-17 22:00:00,Critical,Closed,Email,Software Bug,A018,Christopher Perez,46,No,5
T01518,2025-05-01 00:00:00,2025-05-03 01:00:00,Medium,Closed,Email,Login Issue,A013,Jamie Robertson,49,Yes,5
T01519,2025-04-19 00:00:00,2025-04-19 15:00:00,High,In Progress,Phone,Hardware Failure,A018,Tim Valdez,15,No,5
T01520,2025-06-30 00:00:00,2025-07-04 01:00:00,Critical,Resolved,Chat,Software Bug,A021,Jasmine Rodriguez,97,Yes,2
T01521,2025-12-07 00:00:00,2025-12-11 18:00:00,Critical,In Progress,Portal,Hardware Failure,A025,James Cruz,114,No,3
T01522,2025-05-27 00:00:00,2025-05-31 10:00:00,Medium,In Progress,Portal,Software Bug,A001,Chad Owens II,106,No,4
T01523,2026-01-26 00:00:00,2026-01-28 12:00:00,Low,Closed,Portal,Hardware Failure,A014,Caleb Thornton,60,Yes,2
T01524,2025-11-22 00:00:00,2025-11-22 04:00:00,Medium,In Progress,Email,Access Request,A019,Amanda Mitchell,4,No,5
T01525,2025-01-12 00:00:00,2025-01-13 18:00:00,Medium,In Progress,Portal,Login Issue,A012,Carol Jordan,42,Yes,5
T01526,2026-01-16 00:00:00,2026-01-19 05:00:00,Medium,In Progress,Portal,Software Bug,A024,Joshua Wright,77,Yes,4
T01527,2025-03-31 00:00:00,2025-04-02 13:00:00,High,In Progress,Chat,Login Issue,A001,David Tate,61,Yes,2
T01528,2025-10-23 00:00:00,2025-10-25 12:00:00,Medium,Closed,Phone,Network Issue,A015,Jennifer Henderson,60,Yes,4
T01529,2026-02-16 00:00:00,2026-02-19 06:00:00,Medium,In Progress,Portal,Login Issue,A001,Michael Conway,78,Yes,3
T01530,2025-12-16 00:00:00,2025-12-19 15:00:00,Critical,Closed,Email,Hardware Failure,A009,Tracy Rodgers,87,Yes,4
T01531,2026-01-02 00:00:00,2026-01-06 04:00:00,Low,Closed,Portal,Login Issue,A010,Martha Simmons,100,No,5
T01532,2026-03-01 00:00:00,2026-03-05 10:00:00,High,Closed,Portal,Hardware Failure,A004,Barbara Le,106,Yes,1
T01533,2025-03-16 00:00:00,2025-03-20 13:00:00,Low,In Progress,Chat,Hardware Failure,A022,Thomas Turner,109,No,3
T01534,2025-03-14 00:00:00,2025-03-18 21:00:00,Critical,In Progress,Chat,Login Issue,A011,Ricky Cortez,117,Yes,2
T01535,2025-08-23 00:00:00,2025-08-27 20:00:00,Medium,Resolved,Chat,Software Bug,A023,Randy Barnett,116,No,4
T01536,2025-06-19 00:00:00,2025-06-23 05:00:00,High,Resolved,Email,Network Issue,A005,Jennifer Cox,101,No,4
T01537,2025-01-14 00:00:00,2025-01-15 05:00:00,High,Resolved,Chat,Network Issue,A019,Amanda Moore,29,No,3
T01538,2025-09-01 00:00:00,2025-09-04 20:00:00,High,In Progress,Phone,Network Issue,A020,Aaron Ramos,92,No,4
T01539,2026-03-16 00:00:00,2026-03-18 02:00:00,Medium,Open,Phone,Access Request,A010,Megan Santos,50,Yes,3
T01540,2025-10-27 00:00:00,2025-10-27 02:00:00,High,Closed,Portal,Access Request,A006,Tracy Mcdaniel,2,No,3
T01541,2025-11-26 00:00:00,2025-11-26 20:00:00,High,Resolved,Portal,Hardware Failure,A021,Cindy Mitchell,20,Yes,5
T01542,2026-03-22 00:00:00,2026-03-24 20:00:00,Medium,Closed,Portal,Login Issue,A022,Robert Henry,68,Yes,4
T01543,2025-06-25 00:00:00,2025-06-26 05:00:00,Medium,In Progress,Phone,Software Bug,A020,Cory Ward DVM,29,Yes,3
T01544,2025-11-29 00:00:00,2025-11-30 02:00:00,Critical,Closed,Email,Access Request,A008,Patricia Hall,26,Yes,3
T01545,2025-07-06 00:00:00,2025-07-09 14:00:00,Critical,Open,Chat,Access Request,A003,Carl Monroe,86,No,1
T01546,2025-10-11 00:00:00,2025-10-13 21:00:00,Low,Open,Portal,Access Request,A017,Patrick Mason,69,Yes,5
T01547,2025-05-06 00:00:00,2025-05-07 09:00:00,Medium,In Progress,Portal,Network Issue,A002,Leon Lowe,33,No,2
T01548,2025-10-10 00:00:00,2025-10-11 12:00:00,Medium,Open,Phone,Access Request,A010,Sandra Collins,36,Yes,1
T01549,2025-04-17 00:00:00,2025-04-18 06:00:00,Critical,Closed,Email,Access Request,A002,Kevin Smith,30,No,2
T01550,2026-02-09 00:00:00,2026-02-12 10:00:00,Medium,Closed,Email,Hardware Failure,A003,Thomas Moore,82,No,1
T01551,2025-04-12 00:00:00,2025-04-12 13:00:00,Medium,Closed,Chat,Access Request,A001,Ms. Ann Mercer,13,No,5
T01552,2026-03-17 00:00:00,2026-03-21 20:00:00,Critical,In Progress,Portal,Login Issue,A009,Laura Walsh,116,No,1
T01553,2025-11-04 00:00:00,2025-11-05 11:00:00,Medium,Resolved,Portal,Access Request,A010,Sherri Smith,35,No,4
T01554,2025-05-16 00:00:00,2025-05-20 16:00:00,Medium,Resolved,Chat,Access Request,A017,Patricia Hayes,112,No,5
T01555,2025-11-17 00:00:00,2025-11-19 09:00:00,Medium,Closed,Email,Software Bug,A017,David Reynolds,57,No,1
T01556,2025-09-11 00:00:00,2025-09-11 21:00:00,Low,Closed,Chat,Login Issue,A015,Alan Thompson,21,No,2
T01557,2025-11-23 00:00:00,2025-11-26 16:00:00,Medium,In Progress,Email,Network Issue,A007,Kimberly Sullivan,88,No,5
T01558,2025-09-14 00:00:00,2025-09-15 16:00:00,Critical,Open,Chat,Access Request,A007,Faith Clarke,40,Yes,3
T01559,2025-06-15 00:00:00,2025-06-15 21:00:00,Critical,In Progress,Phone,Access Request,A022,Madison Allen,21,Yes,2
T01560,2025-06-16 00:00:00,2025-06-18 19:00:00,Critical,Resolved,Phone,Software Bug,A016,Mikayla Stephens,67,No,4
T01561,2025-07-09 00:00:00,2025-07-09 19:00:00,High,Resolved,Chat,Hardware Failure,A010,Matthew Wilson,19,No,3
T01562,2025-10-16 00:00:00,2025-10-18 03:00:00,Low,Closed,Email,Hardware Failure,A012,Laura Garrett,51,Yes,4
T01563,2025-08-22 00:00:00,2025-08-26 03:00:00,Low,In Progress,Phone,Software Bug,A010,Diana Allen,99,No,3
T01564,2025-01-13 00:00:00,2025-01-14 18:00:00,Critical,Resolved,Phone,Network Issue,A020,Erin Alexander,42,No,4
T01565,2026-03-15 00:00:00,2026-03-16 12:00:00,Low,In Progress,Phone,Software Bug,A024,Robert Sanchez,36,No,1
T01566,2026-01-05 00:00:00,2026-01-08 04:00:00,Low,Closed,Portal,Network Issue,A009,Laura Rojas,76,No,4
T01567,2025-01-31 00:00:00,2025-01-31 13:00:00,High,Resolved,Chat,Hardware Failure,A010,Jill Berger,13,Yes,1
T01568,2025-08-30 00:00:00,2025-08-30 18:00:00,High,Closed,Phone,Network Issue,A019,Zachary Chandler Jr.,18,No,1
T01569,2025-10-21 00:00:00,2025-10-22 02:00:00,Low,Closed,Phone,Software Bug,A019,Patrick Wade,26,No,5
T01570,2025-10-13 00:00:00,2025-10-15 20:00:00,Low,In Progress,Email,Software Bug,A012,Anthony Meyer,68,No,3
T01571,2026-01-18 00:00:00,2026-01-22 18:00:00,Medium,Resolved,Portal,Network Issue,A015,Linda Ward,114,No,2
T01572,2025-06-20 00:00:00,2025-06-21 02:00:00,High,Open,Phone,Login Issue,A021,Sandra Williams,26,No,3
T01573,2025-08-07 00:00:00,2025-08-09 03:00:00,Low,Open,Chat,Login Issue,A019,Brian Patel,51,No,4
T01574,2025-01-17 00:00:00,2025-01-19 17:00:00,Critical,Resolved,Chat,Login Issue,A024,Janet Case,65,Yes,3
T01575,2025-10-17 00:00:00,2025-10-17 12:00:00,Low,In Progress,Email,Access Request,A015,Megan Best,12,Yes,5
T01576,2026-01-20 00:00:00,2026-01-20 10:00:00,High,Closed,Portal,Network Issue,A021,Carolyn Wilson,10,No,4
T01577,2025-02-07 00:00:00,2025-02-08 00:00:00,High,Closed,Portal,Login Issue,A013,Christopher Walker,24,No,5
T01578,2025-01-04 00:00:00,2025-01-07 08:00:00,Low,Open,Phone,Software Bug,A014,Whitney Holmes,80,Yes,4
T01579,2025-05-13 00:00:00,2025-05-17 14:00:00,High,Closed,Phone,Access Request,A012,Emma Brown,110,Yes,2
T01580,2025-04-07 00:00:00,2025-04-11 03:00:00,Medium,Resolved,Phone,Login Issue,A001,Emily Banks,99,Yes,2
T01581,2026-02-04 00:00:00,2026-02-04 17:00:00,High,Open,Chat,Software Bug,A008,Donald Miles,17,Yes,5
T01582,2025-04-14 00:00:00,2025-04-15 15:00:00,Critical,Resolved,Phone,Network Issue,A025,Cory Sullivan,39,No,2
T01583,2025-01-14 00:00:00,2025-01-14 18:00:00,Low,Closed,Email,Hardware Failure,A024,Kelly Stevenson,18,Yes,4
T01584,2025-07-14 00:00:00,2025-07-14 07:00:00,Critical,Closed,Phone,Network Issue,A025,Gary Bowers,7,No,4
T01585,2025-10-30 00:00:00,2025-11-03 09:00:00,Low,In Progress,Email,Network Issue,A025,Mark Roy,105,Yes,1
T01586,2025-03-03 00:00:00,2025-03-05 15:00:00,High,Resolved,Portal,Network Issue,A007,Theresa Moreno,63,Yes,5
T01587,2026-02-14 00:00:00,2026-02-16 17:00:00,Critical,Resolved,Email,Hardware Failure,A001,Wanda Wheeler,65,Yes,3
T01588,2025-07-14 00:00:00,2025-07-18 07:00:00,Critical,Open,Chat,Software Bug,A010,Wendy Cox,103,Yes,4
T01589,2025-08-11 00:00:00,2025-08-15 13:00:00,Medium,Open,Portal,Hardware Failure,A001,Alyssa Young,109,No,3
T01590,2026-01-09 00:00:00,2026-01-12 11:00:00,Low,In Progress,Phone,Network Issue,A019,Alyssa Wheeler,83,Yes,3
T01591,2025-03-07 00:00:00,2025-03-09 19:00:00,Medium,Closed,Email,Login Issue,A020,Nathaniel Hays,67,Yes,2
T01592,2026-03-20 00:00:00,2026-03-23 23:00:00,High,Closed,Phone,Hardware Failure,A006,Judy Sherman,95,Yes,3
T01593,2025-09-23 00:00:00,2025-09-23 20:00:00,High,Open,Phone,Login Issue,A016,Louis Barnes,20,Yes,2
T01594,2025-06-06 00:00:00,2025-06-08 04:00:00,High,Resolved,Email,Login Issue,A011,Richard Doyle,52,Yes,3
T01595,2025-08-29 00:00:00,2025-08-29 05:00:00,Critical,Open,Portal,Access Request,A024,Joshua Calderon,5,Yes,2
T01596,2025-03-22 00:00:00,2025-03-22 13:00:00,High,In Progress,Email,Hardware Failure,A003,Cory Hampton,13,Yes,1
T01597,2025-09-01 00:00:00,2025-09-03 12:00:00,Critical,In Progress,Email,Software Bug,A016,Garrett Olson,60,No,4
T01598,2025-05-12 00:00:00,2025-05-12 17:00:00,High,Open,Portal,Hardware Failure,A024,Xavier Crawford,17,Yes,3
T01599,2025-03-06 00:00:00,2025-03-07 05:00:00,Medium,In Progress,Phone,Login Issue,A024,James Jones,29,Yes,5
T01600,2026-01-03 00:00:00,2026-01-05 04:00:00,Low,In Progress,Phone,Software Bug,A006,Jane Hawkins,52,No,3
T01601,2025-06-18 00:00:00,2025-06-21 19:00:00,High,In Progress,Chat,Hardware Failure,A012,Michael Conner,91,Yes,4
T01602,2025-10-24 00:00:00,2025-10-27 23:00:00,Critical,Open,Phone,Network Issue,A001,Erica Blake,95,Yes,1
T01603,2025-11-21 00:00:00,2025-11-21 05:00:00,Medium,Closed,Chat,Login Issue,A019,Holly Franklin,5,No,2
T01604,2025-09-05 00:00:00,2025-09-09 14:00:00,Medium,Closed,Portal,Network Issue,A015,Brandi Thompson,110,No,3
T01605,2025-10-07 00:00:00,2025-10-09 09:00:00,High,Resolved,Chat,Network Issue,A009,Robert Cook,57,No,1
T01606,2026-02-18 00:00:00,2026-02-22 16:00:00,Critical,Open,Chat,Access Request,A009,Andre Anderson,112,Yes,4
T01607,2026-02-05 00:00:00,2026-02-06 23:00:00,Low,In Progress,Email,Network Issue,A015,Kerry Edwards,47,Yes,4
T01608,2025-03-03 00:00:00,2025-03-05 23:00:00,Medium,Resolved,Chat,Hardware Failure,A014,Brittany Roberts,71,Yes,3
T01609,2026-03-20 00:00:00,2026-03-22 17:00:00,Critical,In Progress,Phone,Network Issue,A025,Michael Sosa,65,Yes,2
T01610,2025-04-12 00:00:00,2025-04-15 22:00:00,Medium,Open,Chat,Access Request,A008,Brandon Ellis,94,Yes,3
T01611,2025-07-11 00:00:00,2025-07-11 21:00:00,Medium,In Progress,Phone,Access Request,A020,Michelle Chandler,21,No,1
T01612,2026-03-16 00:00:00,2026-03-17 02:00:00,Low,Closed,Chat,Hardware Failure,A017,Natalie Spencer,26,No,3
T01613,2025-09-01 00:00:00,2025-09-03 12:00:00,Medium,Resolved,Email,Login Issue,A009,Erica Campbell,60,No,3
T01614,2025-04-17 00:00:00,2025-04-21 23:00:00,Low,Open,Portal,Network Issue,A005,Christopher Moreno,119,No,5
T01615,2026-02-26 00:00:00,2026-02-26 21:00:00,Critical,In Progress,Portal,Hardware Failure,A019,Justin Goodwin,21,Yes,2
T01616,2025-05-08 00:00:00,2025-05-12 11:00:00,Low,In Progress,Chat,Network Issue,A013,Joshua Spencer,107,Yes,3
T01617,2026-01-07 00:00:00,2026-01-10 23:00:00,Medium,In Progress,Portal,Network Issue,A022,Margaret Lawson,95,No,5
T01618,2026-01-25 00:00:00,2026-01-26 18:00:00,Low,Resolved,Email,Access Request,A016,Claudia Mueller,42,Yes,1
T01619,2025-12-05 00:00:00,2025-12-07 09:00:00,Low,Closed,Phone,Login Issue,A025,Melissa Snyder,57,No,3
T01620,2026-03-25 00:00:00,2026-03-26 11:00:00,Critical,Resolved,Email,Hardware Failure,A014,Randall Scott,35,Yes,1
T01621,2026-03-25 00:00:00,2026-03-28 19:00:00,High,In Progress,Email,Login Issue,A024,Clifford Hernandez,91,No,4
T01622,2025-05-04 00:00:00,2025-05-08 16:00:00,Critical,Closed,Email,Login Issue,A025,Miguel Wallace,112,No,4
T01623,2026-03-08 00:00:00,2026-03-11 21:00:00,High,Resolved,Portal,Software Bug,A012,Jason Woods,93,Yes,3
T01624,2025-01-07 00:00:00,2025-01-07 13:00:00,Medium,Closed,Phone,Access Request,A014,Laura Anderson,13,No,4
T01625,2025-02-23 00:00:00,2025-02-27 04:00:00,Critical,Closed,Email,Access Request,A004,Zachary Morris,100,Yes,4
T01626,2025-10-22 00:00:00,2025-10-22 13:00:00,Medium,Resolved,Portal,Hardware Failure,A023,Amanda Brown,13,Yes,1
T01627,2025-06-27 00:00:00,2025-06-30 11:00:00,Critical,Open,Portal,Hardware Failure,A022,Rachel Morgan,83,Yes,4
T01628,2025-04-21 00:00:00,2025-04-24 01:00:00,Low,Resolved,Email,Software Bug,A014,Sarah Watkins,73,Yes,2
T01629,2026-01-09 00:00:00,2026-01-11 11:00:00,High,Resolved,Chat,Network Issue,A009,Timothy Hicks,59,No,3
T01630,2026-02-06 00:00:00,2026-02-06 07:00:00,Critical,Resolved,Phone,Network Issue,A018,Sara Thomas,7,No,3
T01631,2026-01-15 00:00:00,2026-01-17 04:00:00,Medium,Closed,Email,Software Bug,A012,Karen Kelly,52,Yes,3
T01632,2025-06-12 00:00:00,2025-06-16 11:00:00,Low,Open,Portal,Software Bug,A020,Jonathon Anderson,107,No,3
T01633,2025-11-24 00:00:00,2025-11-25 00:00:00,Medium,Resolved,Portal,Software Bug,A011,Laura Shaw,24,No,4
T01634,2025-07-05 00:00:00,2025-07-09 01:00:00,Medium,Resolved,Email,Login Issue,A007,Taylor Johnson,97,No,2
T01635,2025-09-17 00:00:00,2025-09-20 18:00:00,High,In Progress,Portal,Access Request,A023,Stephen Bradford,90,Yes,5
T01636,2025-04-12 00:00:00,2025-04-12 12:00:00,Critical,Resolved,Phone,Software Bug,A018,Nathan Crawford,12,No,1
T01637,2025-07-23 00:00:00,2025-07-23 18:00:00,Low,Resolved,Email,Software Bug,A008,Kimberly Sullivan,18,No,4
T01638,2026-02-27 00:00:00,2026-02-27 06:00:00,Medium,Resolved,Email,Hardware Failure,A008,Jon Webb,6,Yes,2
T01639,2025-05-06 00:00:00,2025-05-10 17:00:00,Critical,In Progress,Phone,Login Issue,A010,William Martinez,113,Yes,2
T01640,2025-01-11 00:00:00,2025-01-15 14:00:00,Critical,Closed,Portal,Access Request,A018,Greg Brady,110,Yes,5
T01641,2025-07-31 00:00:00,2025-08-01 00:00:00,Critical,Closed,Chat,Software Bug,A009,Terry Weber,24,No,5
T01642,2025-07-09 00:00:00,2025-07-10 23:00:00,High,Resolved,Email,Network Issue,A011,Diane Schmitt,47,Yes,2
T01643,2026-02-12 00:00:00,2026-02-14 21:00:00,Medium,Open,Portal,Access Request,A011,Sandra Black,69,Yes,5
T01644,2026-02-18 00:00:00,2026-02-22 10:00:00,Medium,Resolved,Phone,Hardware Failure,A009,Scott Spencer,106,Yes,5
T01645,2025-08-24 00:00:00,2025-08-27 08:00:00,Critical,Closed,Email,Network Issue,A001,Anthony Adkins,80,No,4
T01646,2025-10-14 00:00:00,2025-10-17 12:00:00,High,Closed,Phone,Login Issue,A022,Sherry Douglas,84,No,1
T01647,2025-02-03 00:00:00,2025-02-06 21:00:00,High,Open,Portal,Hardware Failure,A023,James Moran,93,Yes,3
T01648,2025-07-22 00:00:00,2025-07-23 04:00:00,High,Resolved,Chat,Network Issue,A019,Kevin Allen,28,No,4
T01649,2025-03-15 00:00:00,2025-03-19 03:00:00,High,Open,Email,Software Bug,A019,Michael Williams,99,Yes,5
T01650,2026-02-01 00:00:00,2026-02-01 10:00:00,Low,Closed,Phone,Network Issue,A008,Lawrence Walker,10,Yes,5
T01651,2026-03-04 00:00:00,2026-03-05 00:00:00,Critical,Open,Chat,Login Issue,A004,William Flores,24,No,1
T01652,2025-10-21 00:00:00,2025-10-24 18:00:00,Critical,Closed,Portal,Network Issue,A011,Juan Martinez,90,Yes,4
T01653,2025-02-19 00:00:00,2025-02-20 16:00:00,Medium,Closed,Chat,Hardware Failure,A003,Jennifer Wilson,40,Yes,3
T01654,2025-05-14 00:00:00,2025-05-16 04:00:00,Medium,Resolved,Email,Software Bug,A015,Catherine Barrera,52,Yes,2
T01655,2025-09-26 00:00:00,2025-09-27 09:00:00,Low,Open,Chat,Login Issue,A006,Pamela Norris,33,Yes,1
T01656,2025-09-28 00:00:00,2025-09-28 02:00:00,High,Closed,Chat,Login Issue,A019,Rachael Snyder,2,No,1
T01657,2026-03-16 00:00:00,2026-03-16 09:00:00,Medium,Closed,Phone,Access Request,A007,Logan Smith,9,No,2
T01658,2025-02-19 00:00:00,2025-02-23 16:00:00,High,In Progress,Portal,Network Issue,A017,Robin Trevino,112,Yes,2
T01659,2026-02-21 00:00:00,2026-02-25 09:00:00,Low,Open,Email,Software Bug,A010,Jessica Morgan,105,Yes,4
T01660,2025-06-28 00:00:00,2025-07-01 16:00:00,Medium,Open,Portal,Network Issue,A020,Shelby Ware,88,Yes,2
T01661,2025-11-10 00:00:00,2025-11-14 22:00:00,Critical,Closed,Portal,Login Issue,A022,Megan Jones,118,Yes,3
T01662,2025-06-23 00:00:00,2025-06-24 08:00:00,Medium,In Progress,Portal,Network Issue,A013,Claudia Anderson,32,Yes,3
T01663,2025-07-03 00:00:00,2025-07-03 08:00:00,Low,Open,Chat,Access Request,A019,David Sanchez,8,No,4
T01664,2026-01-23 00:00:00,2026-01-25 22:00:00,High,Resolved,Phone,Hardware Failure,A025,Stephen Fox,70,Yes,2
T01665,2025-05-30 00:00:00,2025-06-02 09:00:00,Critical,Closed,Portal,Login Issue,A016,Clinton Graham,81,Yes,4
T01666,2025-09-09 00:00:00,2025-09-09 14:00:00,Critical,Closed,Chat,Hardware Failure,A025,Elizabeth Hill,14,No,3
T01667,2026-01-30 00:00:00,2026-02-02 16:00:00,Low,In Progress,Email,Software Bug,A019,Joyce Washington,88,Yes,1
T01668,2025-11-25 00:00:00,2025-11-26 17:00:00,Low,Open,Chat,Hardware Failure,A007,Beverly Santana,41,No,1
T01669,2025-10-03 00:00:00,2025-10-03 07:00:00,Medium,Resolved,Email,Network Issue,A004,Rebecca Massey,7,No,4
T01670,2025-04-06 00:00:00,2025-04-10 19:00:00,High,Open,Phone,Hardware Failure,A007,Brandon Morrison,115,Yes,2
T01671,2025-01-24 00:00:00,2025-01-28 23:00:00,Medium,Open,Chat,Login Issue,A008,Jimmy Chapman,119,No,4
T01672,2025-04-01 00:00:00,2025-04-03 02:00:00,High,Closed,Email,Network Issue,A005,Kelly Fleming,50,Yes,2
T01673,2025-11-15 00:00:00,2025-11-18 14:00:00,Critical,Resolved,Phone,Software Bug,A014,Christopher Davis,86,Yes,3
T01674,2025-08-01 00:00:00,2025-08-05 10:00:00,Critical,Resolved,Phone,Hardware Failure,A009,Mary Smith,106,Yes,4
T01675,2025-11-17 00:00:00,2025-11-20 17:00:00,Low,Closed,Phone,Network Issue,A003,Katrina Nelson,89,Yes,4
T01676,2025-03-01 00:00:00,2025-03-01 21:00:00,Low,In Progress,Chat,Network Issue,A024,William Osborne,21,No,4
T01677,2025-12-15 00:00:00,2025-12-18 20:00:00,High,Resolved,Chat,Access Request,A009,Michelle Fisher,92,Yes,4
T01678,2026-01-25 00:00:00,2026-01-25 16:00:00,Medium,Open,Portal,Network Issue,A005,Robert Cox,16,Yes,4
T01679,2025-08-29 00:00:00,2025-08-31 14:00:00,Low,In Progress,Email,Hardware Failure,A006,Nicholas Miller,62,Yes,1
T01680,2026-01-26 00:00:00,2026-01-29 17:00:00,Medium,Closed,Chat,Hardware Failure,A024,Brandy Gonzalez,89,Yes,1
T01681,2025-08-15 00:00:00,2025-08-18 05:00:00,Medium,In Progress,Chat,Login Issue,A019,Gloria Myers,77,Yes,1
T01682,2025-03-20 00:00:00,2025-03-21 20:00:00,Medium,Resolved,Portal,Network Issue,A021,Anita Martin,44,Yes,3
T01683,2025-07-20 00:00:00,2025-07-22 01:00:00,High,Open,Phone,Network Issue,A021,Peggy Marquez,49,Yes,2
T01684,2025-06-21 00:00:00,2025-06-24 13:00:00,Low,Closed,Email,Network Issue,A020,Kimberly Tran,85,No,4
T01685,2025-10-13 00:00:00,2025-10-13 21:00:00,High,Open,Email,Login Issue,A014,Brittany Douglas,21,Yes,2
T01686,2025-11-13 00:00:00,2025-11-16 21:00:00,High,Resolved,Email,Network Issue,A004,John Johnson,93,Yes,2
T01687,2025-01-04 00:00:00,2025-01-06 01:00:00,Low,Closed,Email,Network Issue,A025,Steve Hill,49,Yes,1
T01688,2025-10-16 00:00:00,2025-10-18 22:00:00,Low,Closed,Portal,Software Bug,A022,Wayne Barnes,70,No,1
T01689,2025-08-19 00:00:00,2025-08-23 21:00:00,Critical,Resolved,Chat,Hardware Failure,A016,Jose Anderson,117,Yes,2
T01690,2025-08-21 00:00:00,2025-08-23 21:00:00,Medium,In Progress,Chat,Network Issue,A013,Dr. Miranda Mccoy DDS,69,No,3
T01691,2025-03-24 00:00:00,2025-03-26 00:00:00,Critical,Resolved,Phone,Login Issue,A015,Jeanette Hamilton,48,No,1
T01692,2025-12-30 00:00:00,2026-01-03 17:00:00,Medium,Closed,Phone,Software Bug,A007,Vanessa Perkins,113,No,5
T01693,2025-08-04 00:00:00,2025-08-08 18:00:00,Critical,Closed,Portal,Hardware Failure,A015,Melissa Herrera,114,No,4
T01694,2025-06-22 00:00:00,2025-06-23 18:00:00,Medium,In Progress,Phone,Network Issue,A023,Melissa Craig,42,Yes,4
T01695,2025-10-19 00:00:00,2025-10-20 01:00:00,High,Closed,Portal,Software Bug,A021,Jill Evans,25,No,5
T01696,2025-04-20 00:00:00,2025-04-22 03:00:00,Critical,Open,Portal,Software Bug,A025,Brooke Mcdowell,51,No,2
T01697,2025-01-27 00:00:00,2025-01-28 02:00:00,High,In Progress,Portal,Access Request,A014,Valerie Bird,26,Yes,2
T01698,2025-08-15 00:00:00,2025-08-15 04:00:00,Critical,In Progress,Chat,Access Request,A025,Daniel Goodman,4,Yes,2
T01699,2025-11-25 00:00:00,2025-11-27 04:00:00,Medium,In Progress,Portal,Software Bug,A015,Valerie Guerra,52,Yes,5
T01700,2026-03-21 00:00:00,2026-03-24 23:00:00,Critical,Resolved,Email,Login Issue,A003,Jennifer Hood,95,Yes,2
T01701,2025-01-11 00:00:00,2025-01-11 02:00:00,High,Open,Chat,Software Bug,A007,Joshua Robertson,2,Yes,1
T01702,2025-04-20 00:00:00,2025-04-21 16:00:00,High,Resolved,Portal,Hardware Failure,A011,Cynthia Miller,40,Yes,1
T01703,2025-05-29 00:00:00,2025-05-30 15:00:00,Medium,In Progress,Phone,Hardware Failure,A004,Richard Harris,39,No,1
T01704,2025-03-23 00:00:00,2025-03-26 00:00:00,Critical,Resolved,Phone,Login Issue,A022,Christine Scott,72,Yes,5
T01705,2025-08-16 00:00:00,2025-08-16 13:00:00,Medium,Closed,Portal,Hardware Failure,A016,Michael Fletcher,13,Yes,1
T01706,2026-01-28 00:00:00,2026-01-28 03:00:00,High,Closed,Phone,Hardware Failure,A001,Alexander Mitchell,3,No,5
T01707,2025-12-10 00:00:00,2025-12-13 01:00:00,High,Open,Chat,Login Issue,A006,Daniel Mercer,73,Yes,3
T01708,2025-11-16 00:00:00,2025-11-17 15:00:00,Medium,Open,Phone,Software Bug,A010,Mary Jackson,39,Yes,4
T01709,2025-07-01 00:00:00,2025-07-04 06:00:00,Low,Closed,Phone,Software Bug,A009,Rebecca Calhoun,78,Yes,4
T01710,2025-09-20 00:00:00,2025-09-21 12:00:00,Low,Closed,Chat,Network Issue,A002,Richard Blake,36,Yes,5
T01711,2025-12-25 00:00:00,2025-12-26 16:00:00,Critical,Closed,Chat,Login Issue,A009,Kevin Berry,40,No,3
T01712,2025-12-04 00:00:00,2025-12-04 11:00:00,Low,In Progress,Email,Access Request,A001,Ryan Watson,11,No,3
T01713,2025-07-14 00:00:00,2025-07-15 02:00:00,Critical,Closed,Email,Software Bug,A023,Tamara Brown,26,No,4
T01714,2025-06-21 00:00:00,2025-06-22 23:00:00,Critical,Closed,Chat,Network Issue,A012,Timothy Stevens,47,No,5
T01715,2025-10-10 00:00:00,2025-10-11 01:00:00,High,Resolved,Email,Hardware Failure,A022,Karen Hart,25,Yes,4
T01716,2026-02-17 00:00:00,2026-02-20 14:00:00,Low,Open,Phone,Login Issue,A008,Charles Kelly,86,Yes,3
T01717,2025-04-01 00:00:00,2025-04-03 00:00:00,Medium,In Progress,Email,Login Issue,A001,David Walters,48,Yes,1
T01718,2026-01-13 00:00:00,2026-01-17 08:00:00,Low,In Progress,Portal,Software Bug,A022,John Lara,104,Yes,3
T01719,2025-11-10 00:00:00,2025-11-10 16:00:00,Medium,In Progress,Email,Network Issue,A003,Jacqueline Aguirre,16,Yes,1
T01720,2025-01-02 00:00:00,2025-01-04 08:00:00,Medium,Open,Email,Hardware Failure,A011,Patricia Craig,56,Yes,2
T01721,2025-09-01 00:00:00,2025-09-05 09:00:00,Critical,In Progress,Portal,Software Bug,A024,Jamie Ochoa,105,Yes,2
T01722,2025-08-15 00:00:00,2025-08-16 00:00:00,Low,Open,Phone,Network Issue,A009,Miguel Garrett,24,Yes,5
T01723,2026-03-26 00:00:00,2026-03-28 22:00:00,Medium,Open,Email,Network Issue,A006,Stephanie Woodward,70,No,5
T01724,2026-01-23 00:00:00,2026-01-24 06:00:00,Critical,Resolved,Portal,Access Request,A021,Teresa Ramirez,30,No,2
T01725,2025-04-22 00:00:00,2025-04-24 07:00:00,High,In Progress,Email,Software Bug,A010,Sean Turner,55,Yes,3
T01726,2025-02-03 00:00:00,2025-02-03 08:00:00,Critical,Resolved,Email,Access Request,A025,Paul Walton,8,No,1
T01727,2025-02-10 00:00:00,2025-02-13 15:00:00,Low,Open,Chat,Access Request,A025,Steven Chavez,87,No,4
T01728,2025-12-24 00:00:00,2025-12-27 16:00:00,Low,Resolved,Chat,Hardware Failure,A012,Logan Nelson,88,No,5
T01729,2025-07-09 00:00:00,2025-07-11 16:00:00,Critical,Resolved,Phone,Network Issue,A019,Tanya Lewis,64,Yes,3
T01730,2025-01-22 00:00:00,2025-01-25 17:00:00,Critical,Closed,Portal,Software Bug,A013,Thomas Carter,89,No,3
T01731,2026-03-21 00:00:00,2026-03-25 20:00:00,Critical,In Progress,Phone,Hardware Failure,A014,Douglas Moore,116,Yes,4
T01732,2026-03-24 00:00:00,2026-03-24 18:00:00,Critical,In Progress,Portal,Software Bug,A001,Jennifer Luna,18,No,3
T01733,2026-02-10 00:00:00,2026-02-14 09:00:00,Medium,In Progress,Phone,Login Issue,A001,Alexander Rosales,105,No,2
T01734,2025-08-30 00:00:00,2025-08-30 20:00:00,High,In Progress,Email,Hardware Failure,A013,Laura Clark,20,Yes,3
T01735,2025-06-05 00:00:00,2025-06-09 11:00:00,High,In Progress,Phone,Hardware Failure,A020,Kevin Lawrence,107,No,5
T01736,2025-08-10 00:00:00,2025-08-12 08:00:00,Critical,Open,Chat,Login Issue,A003,Brian Tran,56,No,2
T01737,2025-12-28 00:00:00,2025-12-30 14:00:00,High,In Progress,Phone,Access Request,A016,Dustin Long,62,Yes,5
T01738,2025-08-02 00:00:00,2025-08-04 15:00:00,High,In Progress,Chat,Software Bug,A022,Aaron Morales,63,No,1
T01739,2025-11-10 00:00:00,2025-11-10 16:00:00,Medium,Resolved,Chat,Software Bug,A023,Allison Wilkinson,16,Yes,5
T01740,2025-07-09 00:00:00,2025-07-12 01:00:00,Low,Open,Portal,Software Bug,A014,Mary Hall,73,Yes,4
T01741,2025-04-18 00:00:00,2025-04-19 18:00:00,High,Closed,Chat,Access Request,A011,Zachary Brown,42,No,2
T01742,2025-12-24 00:00:00,2025-12-25 01:00:00,High,In Progress,Phone,Network Issue,A016,Anna Lopez,25,No,2
T01743,2025-01-10 00:00:00,2025-01-11 17:00:00,Low,Closed,Phone,Access Request,A011,Paul Burnett,41,Yes,5
T01744,2025-09-28 00:00:00,2025-09-30 15:00:00,High,Open,Portal,Hardware Failure,A025,Steven Whitney,63,Yes,4
T01745,2026-02-10 00:00:00,2026-02-14 03:00:00,Medium,Resolved,Email,Hardware Failure,A008,Frank Gomez,99,Yes,3
T01746,2025-11-21 00:00:00,2025-11-21 01:00:00,High,Closed,Phone,Software Bug,A011,Jack Tucker,1,No,3
T01747,2025-06-10 00:00:00,2025-06-13 06:00:00,Medium,In Progress,Email,Software Bug,A024,Jacob Cantrell,78,Yes,5
T01748,2026-01-12 00:00:00,2026-01-16 18:00:00,High,In Progress,Portal,Hardware Failure,A023,Sarah Flynn,114,Yes,2
T01749,2025-06-02 00:00:00,2025-06-03 10:00:00,Medium,Resolved,Email,Login Issue,A021,Alexandria Henry,34,No,2
T01750,2025-02-10 00:00:00,2025-02-12 00:00:00,Medium,Closed,Portal,Access Request,A006,Rebecca Manning,48,No,4
T01751,2026-01-24 00:00:00,2026-01-25 17:00:00,High,Closed,Chat,Network Issue,A023,Evelyn Perkins,41,No,1
T01752,2025-05-26 00:00:00,2025-05-26 21:00:00,Medium,Resolved,Email,Login Issue,A002,Travis Goodwin,21,No,5
T01753,2025-10-10 00:00:00,2025-10-12 14:00:00,Medium,Resolved,Portal,Access Request,A001,Kenneth Mullen,62,No,3
T01754,2025-11-27 00:00:00,2025-11-28 18:00:00,Medium,Resolved,Email,Software Bug,A011,Daniel Thompson,42,Yes,4
T01755,2025-09-19 00:00:00,2025-09-19 08:00:00,Critical,Open,Email,Network Issue,A005,Samuel Graham,8,Yes,2
T01756,2025-09-25 00:00:00,2025-09-25 21:00:00,Low,Resolved,Chat,Software Bug,A003,Jennifer Scott,21,No,2
T01757,2025-06-25 00:00:00,2025-06-29 01:00:00,Critical,Closed,Email,Access Request,A014,Brandon Pham,97,No,1
T01758,2025-12-22 00:00:00,2025-12-22 20:00:00,Low,In Progress,Portal,Network Issue,A004,Raymond Ramirez,20,No,5
T01759,2025-04-27 00:00:00,2025-04-28 07:00:00,Low,Open,Phone,Hardware Failure,A002,Justin Russell,31,Yes,1
T01760,2025-04-23 00:00:00,2025-04-27 02:00:00,Medium,In Progress,Chat,Software Bug,A013,Michelle Tate,98,No,2
T01761,2025-01-10 00:00:00,2025-01-12 18:00:00,Critical,Open,Portal,Access Request,A003,Christopher Taylor,66,Yes,3
T01762,2025-04-13 00:00:00,2025-04-16 04:00:00,Medium,In Progress,Portal,Login Issue,A012,Matthew Lee,76,Yes,1
T01763,2025-10-25 00:00:00,2025-10-29 17:00:00,Medium,Closed,Phone,Network Issue,A018,Alexis Diaz,113,Yes,3
T01764,2025-11-18 00:00:00,2025-11-22 00:00:00,High,Resolved,Chat,Access Request,A013,Ashley Maxwell,96,Yes,5
T01765,2026-03-04 00:00:00,2026-03-05 02:00:00,High,Resolved,Phone,Software Bug,A009,Matthew Hood,26,No,5
T01766,2025-03-03 00:00:00,2025-03-06 12:00:00,Critical,Open,Portal,Access Request,A021,Cody Harris,84,No,3
T01767,2025-04-15 00:00:00,2025-04-16 00:00:00,Low,Closed,Email,Network Issue,A007,Keith Jackson,24,No,1
T01768,2026-03-03 00:00:00,2026-03-06 17:00:00,High,Resolved,Portal,Login Issue,A021,Christopher Young,89,Yes,2
T01769,2025-10-18 00:00:00,2025-10-22 18:00:00,Medium,Open,Chat,Login Issue,A007,Amber Cox,114,Yes,3
T01770,2026-03-17 00:00:00,2026-03-18 19:00:00,Critical,Closed,Chat,Hardware Failure,A013,Sierra Miller,43,Yes,2
T01771,2025-09-09 00:00:00,2025-09-11 14:00:00,High,In Progress,Email,Access Request,A004,Sean Wilson,62,Yes,5
T01772,2026-03-13 00:00:00,2026-03-13 04:00:00,Low,Open,Chat,Login Issue,A010,Nicholas Cook,4,No,5
T01773,2025-07-15 00:00:00,2025-07-18 22:00:00,Medium,Open,Email,Software Bug,A007,Carmen Morrison,94,Yes,5
T01774,2025-08-05 00:00:00,2025-08-08 23:00:00,Low,Resolved,Portal,Login Issue,A010,Mr. James Townsend,95,Yes,3
T01775,2025-03-03 00:00:00,2025-03-04 15:00:00,High,Closed,Phone,Login Issue,A021,Shannon Francis,39,Yes,2
T01776,2026-03-27 00:00:00,2026-04-01 00:00:00,Medium,Open,Email,Login Issue,A024,Erika Baldwin,120,Yes,4
T01777,2025-08-22 00:00:00,2025-08-26 16:00:00,High,Resolved,Email,Access Request,A016,Sarah Arnold,112,Yes,5
T01778,2026-01-10 00:00:00,2026-01-13 17:00:00,Medium,Open,Portal,Hardware Failure,A001,Victoria Cox,89,Yes,2
T01779,2025-09-12 00:00:00,2025-09-14 08:00:00,Critical,In Progress,Email,Access Request,A002,Susan Hudson,56,Yes,4
T01780,2026-01-30 00:00:00,2026-02-03 17:00:00,High,Closed,Phone,Software Bug,A001,Tyler Stephens,113,No,3
T01781,2026-03-23 00:00:00,2026-03-24 01:00:00,Critical,Open,Email,Access Request,A014,Kelsey Thompson,25,No,2
T01782,2026-02-10 00:00:00,2026-02-11 06:00:00,High,Resolved,Email,Access Request,A012,Steven Burgess,30,No,1
T01783,2026-02-25 00:00:00,2026-02-27 13:00:00,Medium,Resolved,Chat,Access Request,A018,Randall Lang,61,Yes,5
T01784,2025-06-14 00:00:00,2025-06-17 23:00:00,Critical,In Progress,Portal,Software Bug,A015,Allison Charles,95,No,3
T01785,2026-01-28 00:00:00,2026-01-29 14:00:00,Critical,Closed,Chat,Hardware Failure,A003,Alyssa Lee,38,No,2
T01786,2025-03-12 00:00:00,2025-03-13 19:00:00,Critical,Closed,Phone,Login Issue,A011,Allison Brown,43,Yes,3
T01787,2025-11-03 00:00:00,2025-11-04 20:00:00,Medium,In Progress,Phone,Hardware Failure,A003,Joshua Walker,44,No,5
T01788,2026-03-27 00:00:00,2026-03-27 15:00:00,Low,Open,Email,Software Bug,A018,Timothy George,15,Yes,5
T01789,2026-01-14 00:00:00,2026-01-15 06:00:00,Critical,Open,Chat,Software Bug,A018,Alicia Rojas,30,No,3
T01790,2025-09-25 00:00:00,2025-09-28 13:00:00,Medium,Resolved,Portal,Login Issue,A008,Sandra Carr,85,No,4
T01791,2025-03-21 00:00:00,2025-03-25 11:00:00,Low,Open,Portal,Network Issue,A003,Sharon Schroeder,107,No,2
T01792,2025-05-04 00:00:00,2025-05-08 01:00:00,High,In Progress,Email,Network Issue,A001,Holly Ferguson,97,Yes,4
T01793,2025-01-16 00:00:00,2025-01-17 14:00:00,Medium,In Progress,Email,Login Issue,A009,Cameron Gomez,38,No,1
T01794,2025-03-02 00:00:00,2025-03-04 07:00:00,Critical,Open,Chat,Software Bug,A013,Sara Stanton,55,No,3
T01795,2025-04-17 00:00:00,2025-04-18 15:00:00,Critical,Open,Portal,Login Issue,A016,Douglas Sparks,39,No,4
T01796,2025-06-29 00:00:00,2025-06-29 04:00:00,Critical,Closed,Email,Hardware Failure,A023,Monique Jones DDS,4,No,3
T01797,2025-12-17 00:00:00,2025-12-19 15:00:00,Critical,Open,Portal,Login Issue,A016,Stephen Cunningham,63,No,1
T01798,2025-10-06 00:00:00,2025-10-06 12:00:00,Medium,Open,Portal,Hardware Failure,A024,Katherine Walker,12,No,1
T01799,2025-05-04 00:00:00,2025-05-07 06:00:00,Low,Resolved,Chat,Access Request,A025,Sean Avila,78,No,4
T01800,2025-04-21 00:00:00,2025-04-24 07:00:00,Low,Open,Phone,Access Request,A022,James Lopez,79,Yes,4
T01801,2025-09-17 00:00:00,2025-09-19 09:00:00,Medium,Closed,Chat,Access Request,A013,Maurice Edwards,57,Yes,1
T01802,2025-05-10 00:00:00,2025-05-13 03:00:00,Critical,In Progress,Portal,Software Bug,A006,Dr. Olivia Duncan,75,Yes,1
T01803,2025-05-29 00:00:00,2025-06-01 05:00:00,Critical,Open,Phone,Login Issue,A007,Dylan Myers,77,No,3
T01804,2025-09-06 00:00:00,2025-09-07 08:00:00,Critical,In Progress,Portal,Login Issue,A010,Joshua Bowen,32,Yes,1
T01805,2025-04-25 00:00:00,2025-04-26 20:00:00,Critical,In Progress,Portal,Login Issue,A004,Larry West,44,Yes,5
T01806,2025-03-13 00:00:00,2025-03-13 17:00:00,Low,Closed,Portal,Software Bug,A023,Susan Mcmahon,17,No,5
T01807,2025-01-11 00:00:00,2025-01-14 19:00:00,High,Open,Portal,Hardware Failure,A002,Derek Arias,91,No,5
T01808,2025-08-12 00:00:00,2025-08-15 00:00:00,Low,Open,Email,Software Bug,A022,Michael Thompson,72,No,4
T01809,2025-09-01 00:00:00,2025-09-03 04:00:00,Medium,In Progress,Email,Login Issue,A006,Lindsay Johnson,52,Yes,5
T01810,2025-10-20 00:00:00,2025-10-21 00:00:00,Critical,Resolved,Chat,Hardware Failure,A003,Jessica Lopez,24,Yes,2
T01811,2025-10-26 00:00:00,2025-10-28 05:00:00,Low,In Progress,Phone,Network Issue,A010,Denise Bruce,53,Yes,1
T01812,2026-01-18 00:00:00,2026-01-21 18:00:00,Low,Resolved,Email,Access Request,A001,Allison Oconnell,90,Yes,4
T01813,2025-09-26 00:00:00,2025-09-29 14:00:00,Low,Resolved,Phone,Software Bug,A008,Sandy Reyes,86,No,3
T01814,2026-02-15 00:00:00,2026-02-16 04:00:00,Critical,Closed,Portal,Network Issue,A004,Cynthia Brown,28,Yes,2
T01815,2025-07-18 00:00:00,2025-07-20 23:00:00,Low,In Progress,Phone,Access Request,A005,James Figueroa,71,Yes,5
T01816,2025-09-02 00:00:00,2025-09-04 18:00:00,Medium,In Progress,Portal,Software Bug,A008,Kristina Cordova,66,No,1
T01817,2025-07-28 00:00:00,2025-07-28 08:00:00,Low,Resolved,Portal,Login Issue,A007,Julie Ferguson,8,No,4
T01818,2025-07-20 00:00:00,2025-07-22 10:00:00,Medium,In Progress,Portal,Access Request,A017,Neil Morales,58,No,5
T01819,2025-11-27 00:00:00,2025-12-01 16:00:00,Medium,Resolved,Portal,Login Issue,A014,William Patel,112,Yes,2
T01820,2025-08-02 00:00:00,2025-08-02 09:00:00,Low,In Progress,Email,Software Bug,A009,Cynthia Howe,9,No,5
T01821,2025-05-24 00:00:00,2025-05-26 12:00:00,High,Resolved,Chat,Hardware Failure,A017,Kim Smith,60,No,3
T01822,2025-07-17 00:00:00,2025-07-21 01:00:00,Medium,Closed,Chat,Login Issue,A023,Christopher Taylor,97,No,5
T01823,2025-06-25 00:00:00,2025-06-27 21:00:00,Low,Resolved,Chat,Software Bug,A010,Brian Morrison,69,Yes,5
T01824,2025-06-10 00:00:00,2025-06-14 23:00:00,Medium,In Progress,Chat,Software Bug,A007,Lisa Flowers,119,No,3
T01825,2025-09-23 00:00:00,2025-09-26 15:00:00,High,Resolved,Portal,Network Issue,A025,Jessica Smith,87,Yes,4
T01826,2026-02-15 00:00:00,2026-02-19 03:00:00,Medium,Resolved,Chat,Network Issue,A015,Stephen Whitaker,99,Yes,3
T01827,2025-03-02 00:00:00,2025-03-05 21:00:00,Medium,In Progress,Chat,Network Issue,A021,Jacob Campbell,93,No,3
T01828,2025-07-11 00:00:00,2025-07-12 08:00:00,Critical,Resolved,Portal,Access Request,A011,Jose Castillo,32,Yes,4
T01829,2025-05-11 00:00:00,2025-05-14 06:00:00,High,Open,Portal,Access Request,A013,Sabrina Morrow,78,Yes,1
T01830,2025-02-04 00:00:00,2025-02-05 01:00:00,Critical,Closed,Chat,Access Request,A019,Julie Kelly,25,No,3
T01831,2025-04-12 00:00:00,2025-04-13 11:00:00,Critical,Closed,Email,Hardware Failure,A014,Jessica Melendez,35,No,1
T01832,2025-06-10 00:00:00,2025-06-10 16:00:00,Medium,Open,Chat,Login Issue,A002,Christopher Hernandez,16,Yes,2
T01833,2025-05-23 00:00:00,2025-05-23 14:00:00,High,In Progress,Email,Hardware Failure,A007,Michelle Callahan,14,Yes,5
T01834,2025-12-05 00:00:00,2025-12-08 01:00:00,Low,Open,Chat,Access Request,A024,Fred Valentine,73,No,1
T01835,2025-05-26 00:00:00,2025-05-28 08:00:00,Medium,In Progress,Chat,Access Request,A012,Bradley Hunter,56,Yes,2
T01836,2025-03-19 00:00:00,2025-03-19 03:00:00,High,In Progress,Phone,Hardware Failure,A007,Ashley Jimenez,3,Yes,5
T01837,2025-03-24 00:00:00,2025-03-24 12:00:00,High,Closed,Email,Login Issue,A008,Lisa Durham,12,No,5
T01838,2025-04-24 00:00:00,2025-04-25 07:00:00,Medium,In Progress,Phone,Software Bug,A004,Monique Lee,31,Yes,4
T01839,2025-05-03 00:00:00,2025-05-06 14:00:00,Critical,Closed,Portal,Network Issue,A008,Joshua Hampton,86,Yes,3
T01840,2026-03-10 00:00:00,2026-03-10 11:00:00,Critical,Closed,Phone,Hardware Failure,A020,Michael Davis,11,No,4
T01841,2025-01-12 00:00:00,2025-01-14 22:00:00,Medium,Closed,Portal,Access Request,A011,Kathryn Hill,70,No,3
T01842,2025-01-11 00:00:00,2025-01-13 16:00:00,Critical,Closed,Phone,Software Bug,A005,Caroline Williams,64,Yes,5
T01843,2025-11-04 00:00:00,2025-11-08 12:00:00,Medium,Closed,Phone,Network Issue,A011,Victoria Vargas,108,No,4
T01844,2025-07-27 00:00:00,2025-07-28 12:00:00,High,In Progress,Portal,Access Request,A016,William Ware,36,Yes,2
T01845,2025-12-18 00:00:00,2025-12-23 00:00:00,Medium,Open,Portal,Login Issue,A013,Ronald Sanchez,120,No,5
T01846,2025-07-04 00:00:00,2025-07-06 01:00:00,Critical,Closed,Portal,Hardware Failure,A003,Emily Bell,49,No,1
T01847,2025-05-11 00:00:00,2025-05-12 21:00:00,High,Resolved,Chat,Hardware Failure,A006,Juan Miller,45,Yes,2
T01848,2025-04-23 00:00:00,2025-04-27 14:00:00,Medium,Open,Portal,Software Bug,A002,Joseph Gross,110,Yes,5
T01849,2025-02-16 00:00:00,2025-02-19 19:00:00,Low,Open,Chat,Login Issue,A017,Cindy Hudson,91,No,2
T01850,2025-08-20 00:00:00,2025-08-20 20:00:00,Medium,Closed,Chat,Network Issue,A008,Suzanne Smith,20,No,3
T01851,2025-06-09 00:00:00,2025-06-09 22:00:00,Low,In Progress,Email,Access Request,A002,Mark Hughes,22,Yes,5
T01852,2025-05-28 00:00:00,2025-05-30 23:00:00,Critical,In Progress,Phone,Login Issue,A007,Erin Manning,71,Yes,4
T01853,2025-02-04 00:00:00,2025-02-08 03:00:00,High,In Progress,Email,Hardware Failure,A018,Mark Mendoza,99,No,1
T01854,2026-01-06 00:00:00,2026-01-06 23:00:00,Medium,In Progress,Email,Software Bug,A006,Anne Suarez,23,No,2
T01855,2025-09-20 00:00:00,2025-09-24 09:00:00,Low,Closed,Phone,Network Issue,A002,Joshua Manning,105,No,1
T01856,2025-03-21 00:00:00,2025-03-25 13:00:00,Medium,Resolved,Chat,Hardware Failure,A008,Luis Turner,109,No,2
T01857,2025-03-31 00:00:00,2025-04-03 19:00:00,Medium,In Progress,Email,Login Issue,A013,Amy Sutton,91,Yes,1
T01858,2025-01-01 00:00:00,2025-01-02 13:00:00,Critical,Closed,Portal,Access Request,A015,Melissa Gutierrez,37,No,4
T01859,2026-02-07 00:00:00,2026-02-10 06:00:00,Critical,Resolved,Portal,Network Issue,A017,Steven Jacobs,78,No,5
T01860,2025-03-06 00:00:00,2025-03-10 08:00:00,Medium,Open,Chat,Software Bug,A004,Robert Zhang,104,No,1
T01861,2025-07-15 00:00:00,2025-07-17 01:00:00,High,Open,Chat,Hardware Failure,A007,Brenda Gonzales,49,Yes,3
T01862,2025-04-21 00:00:00,2025-04-23 08:00:00,Critical,In Progress,Chat,Hardware Failure,A008,Russell Bowers,56,Yes,2
T01863,2025-01-09 00:00:00,2025-01-13 20:00:00,Critical,Resolved,Portal,Hardware Failure,A015,Erin Jackson,116,No,2
T01864,2025-07-10 00:00:00,2025-07-14 17:00:00,Critical,In Progress,Portal,Login Issue,A008,Brandi Hays,113,Yes,2
T01865,2025-11-24 00:00:00,2025-11-28 23:00:00,High,Resolved,Email,Software Bug,A015,Charles Ballard,119,No,1
T01866,2025-12-01 00:00:00,2025-12-05 16:00:00,Low,Resolved,Chat,Access Request,A018,Sherry Rubio,112,No,4
T01867,2025-01-21 00:00:00,2025-01-26 00:00:00,Low,Resolved,Chat,Network Issue,A010,Emily Lee,120,Yes,4
T01868,2025-01-06 00:00:00,2025-01-06 13:00:00,High,Open,Email,Access Request,A007,Robin Evans,13,No,2
T01869,2025-01-13 00:00:00,2025-01-15 10:00:00,High,Closed,Chat,Access Request,A011,Carol Brown,58,No,4
T01870,2025-07-08 00:00:00,2025-07-08 07:00:00,Low,Closed,Portal,Hardware Failure,A025,Randall Cox,7,Yes,5
T01871,2025-12-08 00:00:00,2025-12-12 04:00:00,Low,In Progress,Portal,Software Bug,A022,Karen Hale,100,No,5
T01872,2026-01-10 00:00:00,2026-01-13 21:00:00,Medium,In Progress,Phone,Login Issue,A020,Mrs. Hannah Brown,93,No,3
T01873,2025-05-22 00:00:00,2025-05-24 03:00:00,Low,Open,Chat,Login Issue,A005,Joseph Collins,51,Yes,2
T01874,2025-08-03 00:00:00,2025-08-06 01:00:00,Critical,In Progress,Portal,Access Request,A019,Samantha Cannon DDS,73,No,2
T01875,2025-04-18 00:00:00,2025-04-18 01:00:00,Medium,Open,Chat,Hardware Failure,A003,Brenda Walker,1,Yes,1
T01876,2025-08-28 00:00:00,2025-09-01 22:00:00,Critical,Open,Email,Hardware Failure,A011,Lydia Lopez,118,No,2
T01877,2026-03-12 00:00:00,2026-03-14 13:00:00,High,Resolved,Phone,Access Request,A017,Amanda Duncan,61,No,3
T01878,2026-02-17 00:00:00,2026-02-20 05:00:00,Medium,Open,Portal,Hardware Failure,A009,Jennifer Lawrence,77,No,2
T01879,2025-09-18 00:00:00,2025-09-19 15:00:00,Critical,Open,Chat,Software Bug,A004,Danielle Rodriguez,39,Yes,4
T01880,2025-10-12 00:00:00,2025-10-13 05:00:00,Medium,Closed,Phone,Login Issue,A023,Madeline Browning,29,No,2
T01881,2025-07-31 00:00:00,2025-08-04 00:00:00,Critical,Resolved,Chat,Login Issue,A008,Jenny Murray,96,Yes,4
T01882,2025-11-16 00:00:00,2025-11-18 14:00:00,High,Open,Portal,Hardware Failure,A014,Dr. Kara Garrison,62,Yes,1
T01883,2025-08-01 00:00:00,2025-08-03 13:00:00,High,Resolved,Email,Software Bug,A008,Chad Garcia,61,No,1
T01884,2026-03-27 00:00:00,2026-03-29 15:00:00,Medium,Closed,Portal,Network Issue,A010,Vincent Sanchez,63,Yes,4
T01885,2025-11-09 00:00:00,2025-11-13 07:00:00,High,In Progress,Chat,Access Request,A013,Teresa Jackson,103,Yes,2
T01886,2025-02-21 00:00:00,2025-02-21 11:00:00,Low,In Progress,Portal,Hardware Failure,A003,Krista Garcia,11,Yes,1
T01887,2025-01-27 00:00:00,2025-01-27 01:00:00,Medium,Open,Phone,Software Bug,A012,Lindsay Garcia,1,No,4
T01888,2025-12-08 00:00:00,2025-12-11 02:00:00,Low,In Progress,Chat,Software Bug,A004,Joseph Richards,74,Yes,1
T01889,2025-10-26 00:00:00,2025-10-26 11:00:00,Low,In Progress,Phone,Hardware Failure,A016,Emily Byrd,11,Yes,1
T01890,2025-05-17 00:00:00,2025-05-20 04:00:00,Low,Resolved,Phone,Login Issue,A015,Joel Long,76,No,3
T01891,2025-03-22 00:00:00,2025-03-25 11:00:00,Low,Closed,Phone,Software Bug,A002,Lisa Phillips,83,No,5
T01892,2026-03-13 00:00:00,2026-03-14 20:00:00,Critical,Closed,Chat,Access Request,A010,Justin Walters,44,No,2
T01893,2025-12-01 00:00:00,2025-12-04 19:00:00,Critical,In Progress,Chat,Software Bug,A007,Douglas Wilkinson,91,Yes,4
T01894,2025-08-25 00:00:00,2025-08-25 20:00:00,Low,Open,Email,Access Request,A004,Sandra Richardson,20,Yes,2
T01895,2025-02-25 00:00:00,2025-02-27 10:00:00,Medium,Open,Chat,Software Bug,A023,Kathleen Hubbard,58,No,2
T01896,2025-10-24 00:00:00,2025-10-25 07:00:00,Critical,Closed,Email,Access Request,A024,Scott Watkins DDS,31,No,4
T01897,2025-12-30 00:00:00,2025-12-31 03:00:00,Low,Resolved,Phone,Hardware Failure,A007,David Sandoval,27,No,4
T01898,2025-02-03 00:00:00,2025-02-03 07:00:00,High,Closed,Phone,Hardware Failure,A015,Kevin Russo,7,No,1
T01899,2026-02-06 00:00:00,2026-02-09 19:00:00,Critical,In Progress,Chat,Hardware Failure,A022,Elizabeth Garcia,91,No,3
T01900,2026-01-20 00:00:00,2026-01-23 01:00:00,Low,In Progress,Chat,Hardware Failure,A003,Adam Brown,73,No,2
T01901,2026-03-25 00:00:00,2026-03-26 19:00:00,Low,In Progress,Phone,Access Request,A020,Daniel Hobbs,43,No,2
T01902,2025-05-23 00:00:00,2025-05-27 21:00:00,Medium,Closed,Email,Login Issue,A021,Richard Ayala,117,No,2
T01903,2025-12-31 00:00:00,2026-01-01 20:00:00,High,Resolved,Email,Login Issue,A016,Patrick Chen,44,Yes,5
T01904,2025-04-19 00:00:00,2025-04-19 19:00:00,High,Closed,Phone,Hardware Failure,A025,Sarah Downs,19,Yes,3
T01905,2025-08-21 00:00:00,2025-08-24 21:00:00,High,Closed,Email,Software Bug,A011,Mark Brown,93,Yes,5
T01906,2025-07-28 00:00:00,2025-07-31 04:00:00,Critical,Closed,Portal,Access Request,A019,Sean Hood,76,Yes,1
T01907,2025-06-11 00:00:00,2025-06-15 11:00:00,Medium,Closed,Chat,Software Bug,A021,Crystal Hughes,107,Yes,5
T01908,2026-02-23 00:00:00,2026-02-24 06:00:00,High,Closed,Chat,Login Issue,A017,Michael Guerrero,30,Yes,5
T01909,2025-01-21 00:00:00,2025-01-22 05:00:00,Medium,Closed,Email,Hardware Failure,A002,Dana Madden,29,Yes,4
T01910,2026-02-15 00:00:00,2026-02-19 07:00:00,Critical,Open,Chat,Access Request,A022,Kathleen Sampson,103,Yes,3
T01911,2025-09-12 00:00:00,2025-09-15 03:00:00,High,Open,Phone,Hardware Failure,A018,Susan Miller,75,No,2
T01912,2025-04-01 00:00:00,2025-04-03 22:00:00,Low,Closed,Email,Software Bug,A021,Dr. Mark Gregory,70,Yes,2
T01913,2025-09-03 00:00:00,2025-09-03 03:00:00,Medium,Resolved,Phone,Software Bug,A022,Beverly Williams,3,No,1
T01914,2025-08-01 00:00:00,2025-08-01 21:00:00,Medium,In Progress,Chat,Login Issue,A025,William Simpson,21,No,4
T01915,2025-06-08 00:00:00,2025-06-10 22:00:00,Low,Open,Phone,Login Issue,A001,Scott Andrews,70,Yes,5
T01916,2025-02-03 00:00:00,2025-02-07 04:00:00,Medium,Open,Portal,Software Bug,A004,Derrick Jackson,100,No,3
T01917,2025-09-19 00:00:00,2025-09-19 16:00:00,High,Open,Chat,Login Issue,A012,Hector Freeman,16,Yes,4
T01918,2025-07-18 00:00:00,2025-07-22 08:00:00,High,Open,Email,Login Issue,A006,Amanda Rodriguez,104,Yes,2
T01919,2025-06-25 00:00:00,2025-06-25 21:00:00,Medium,Closed,Chat,Login Issue,A011,Jacqueline Hurst,21,No,5
T01920,2026-02-10 00:00:00,2026-02-14 01:00:00,Low,Closed,Phone,Network Issue,A007,Karen Barry,97,No,4
T01921,2026-02-01 00:00:00,2026-02-04 04:00:00,Medium,Closed,Portal,Hardware Failure,A011,Lindsay Barnes,76,No,1
T01922,2025-04-12 00:00:00,2025-04-16 20:00:00,Low,Closed,Phone,Login Issue,A019,Sean Small,116,No,1
T01923,2025-01-09 00:00:00,2025-01-12 14:00:00,High,Closed,Email,Software Bug,A015,Christine Wang,86,Yes,3
T01924,2025-03-10 00:00:00,2025-03-14 12:00:00,Low,In Progress,Portal,Hardware Failure,A018,Joseph Warner,108,No,1
T01925,2025-03-03 00:00:00,2025-03-06 08:00:00,High,In Progress,Chat,Access Request,A014,Vincent Sharp,80,No,1
T01926,2025-01-20 00:00:00,2025-01-24 14:00:00,Low,Resolved,Phone,Software Bug,A013,Patricia Russell,110,Yes,1
T01927,2025-05-24 00:00:00,2025-05-25 20:00:00,Low,Resolved,Email,Hardware Failure,A010,Henry Huber,44,No,4
T01928,2025-07-28 00:00:00,2025-07-28 03:00:00,High,Resolved,Phone,Login Issue,A005,Emily Boyer,3,Yes,1
T01929,2025-07-05 00:00:00,2025-07-05 15:00:00,High,Resolved,Chat,Login Issue,A006,Andre Conner,15,Yes,1
T01930,2025-10-26 00:00:00,2025-10-30 07:00:00,Medium,Open,Chat,Software Bug,A025,Scott Figueroa,103,Yes,1
T01931,2026-02-20 00:00:00,2026-02-23 20:00:00,High,Resolved,Email,Hardware Failure,A025,Kristin Vasquez,92,Yes,5
T01932,2025-06-09 00:00:00,2025-06-13 22:00:00,Low,Resolved,Chat,Login Issue,A005,David Gordon,118,Yes,4
T01933,2025-02-18 00:00:00,2025-02-21 04:00:00,Low,Closed,Email,Hardware Failure,A012,Lauren Sanchez,76,No,1
T01934,2025-10-05 00:00:00,2025-10-05 14:00:00,Medium,In Progress,Email,Software Bug,A006,Virginia Santiago,14,Yes,3
T01935,2025-11-29 00:00:00,2025-12-03 22:00:00,Low,Open,Portal,Network Issue,A024,Lisa Riggs,118,Yes,5
T01936,2025-03-28 00:00:00,2025-03-31 23:00:00,Medium,Closed,Email,Access Request,A009,Richard Graham,95,Yes,5
T01937,2025-09-10 00:00:00,2025-09-12 23:00:00,Low,Closed,Phone,Access Request,A022,James Brandt,71,No,2
T01938,2025-04-09 00:00:00,2025-04-13 10:00:00,High,Resolved,Phone,Hardware Failure,A019,Caitlin Guerrero,106,No,5
T01939,2025-10-24 00:00:00,2025-10-25 13:00:00,Medium,Open,Portal,Software Bug,A021,Glenn Wheeler,37,No,3
T01940,2025-01-01 00:00:00,2025-01-01 15:00:00,Medium,Resolved,Phone,Access Request,A006,Amanda Burke,15,Yes,4
T01941,2025-12-10 00:00:00,2025-12-11 08:00:00,Low,In Progress,Phone,Login Issue,A024,Frances Hanna,32,Yes,2
T01942,2025-12-17 00:00:00,2025-12-19 03:00:00,Medium,Resolved,Email,Access Request,A001,Dr. Sharon Hernandez,51,Yes,2
T01943,2026-01-03 00:00:00,2026-01-03 15:00:00,Critical,Open,Chat,Network Issue,A015,Makayla Tate,15,Yes,1
T01944,2025-03-17 00:00:00,2025-03-20 21:00:00,High,Resolved,Portal,Hardware Failure,A022,Nicolas Farrell,93,No,1
T01945,2025-08-16 00:00:00,2025-08-19 13:00:00,Medium,In Progress,Portal,Software Bug,A007,Jennifer Green,85,Yes,2
T01946,2025-09-08 00:00:00,2025-09-10 15:00:00,Critical,Open,Chat,Login Issue,A014,Susan Brown,63,No,3
T01947,2025-03-23 00:00:00,2025-03-23 08:00:00,Critical,Resolved,Phone,Hardware Failure,A004,Michael Williams,8,No,1
T01948,2025-03-14 00:00:00,2025-03-15 13:00:00,Medium,Closed,Email,Hardware Failure,A025,James Williams,37,Yes,3
T01949,2025-10-28 00:00:00,2025-10-30 11:00:00,High,In Progress,Portal,Network Issue,A023,Rebecca Rivers,59,No,3
T01950,2026-03-06 00:00:00,2026-03-08 14:00:00,High,In Progress,Portal,Network Issue,A015,Carlos Stephens,62,Yes,4
T01951,2025-01-09 00:00:00,2025-01-13 04:00:00,Critical,Closed,Phone,Access Request,A017,Michelle Ward,100,Yes,2
T01952,2025-02-26 00:00:00,2025-02-27 11:00:00,High,Open,Chat,Access Request,A010,John Brown,35,No,3
T01953,2025-01-11 00:00:00,2025-01-11 09:00:00,Low,In Progress,Chat,Software Bug,A008,Alec Reeves,9,Yes,5
T01954,2025-11-18 00:00:00,2025-11-20 16:00:00,Low,In Progress,Email,Software Bug,A025,Megan Christian,64,No,5
T01955,2025-10-18 00:00:00,2025-10-19 20:00:00,Critical,In Progress,Phone,Login Issue,A024,Pamela Ortiz,44,No,1
T01956,2026-01-05 00:00:00,2026-01-09 02:00:00,High,Resolved,Phone,Hardware Failure,A022,Douglas Wilson,98,No,4
T01957,2025-02-19 00:00:00,2025-02-21 01:00:00,Medium,In Progress,Chat,Login Issue,A011,Marissa Hopkins,49,No,4
T01958,2025-08-30 00:00:00,2025-09-03 02:00:00,High,Closed,Phone,Hardware Failure,A018,Becky Hardy,98,Yes,2
T01959,2025-12-20 00:00:00,2025-12-20 10:00:00,Medium,In Progress,Portal,Login Issue,A007,Laurie Alvarado,10,No,1
T01960,2025-07-31 00:00:00,2025-08-02 21:00:00,Low,Closed,Phone,Network Issue,A024,Maria Smith,69,Yes,1
T01961,2025-04-22 00:00:00,2025-04-24 00:00:00,Low,Resolved,Email,Access Request,A014,Jordan Reed,48,Yes,1
T01962,2025-05-24 00:00:00,2025-05-27 11:00:00,Critical,In Progress,Email,Software Bug,A008,Mary Delgado,83,Yes,5
T01963,2025-02-17 00:00:00,2025-02-21 08:00:00,Medium,Open,Portal,Software Bug,A018,Donald Glover,104,Yes,3
T01964,2025-12-03 00:00:00,2025-12-07 01:00:00,Critical,In Progress,Portal,Software Bug,A004,Stephanie Wilson,97,Yes,1
T01965,2025-09-15 00:00:00,2025-09-18 03:00:00,High,Open,Portal,Software Bug,A012,Frederick Johnson,75,No,2
T01966,2025-10-12 00:00:00,2025-10-15 18:00:00,Low,Open,Email,Software Bug,A007,Claudia Massey,90,Yes,2
T01967,2026-02-26 00:00:00,2026-02-26 21:00:00,Low,In Progress,Phone,Network Issue,A007,Marie Schroeder,21,Yes,2
T01968,2025-06-01 00:00:00,2025-06-03 11:00:00,Critical,In Progress,Phone,Login Issue,A004,Trevor Williams,59,Yes,1
T01969,2025-07-07 00:00:00,2025-07-10 09:00:00,Critical,In Progress,Email,Network Issue,A016,Timothy Pugh,81,No,3
T01970,2025-01-04 00:00:00,2025-01-04 22:00:00,Low,In Progress,Portal,Login Issue,A003,Christina Oliver,22,Yes,3
T01971,2025-04-19 00:00:00,2025-04-19 10:00:00,Critical,Open,Portal,Network Issue,A023,Joseph Kim,10,Yes,2
T01972,2025-05-17 00:00:00,2025-05-20 20:00:00,High,Closed,Phone,Access Request,A018,Zachary Miller,92,Yes,5
T01973,2025-08-18 00:00:00,2025-08-20 07:00:00,Critical,Resolved,Chat,Software Bug,A020,Donald Scott,55,Yes,2
T01974,2026-01-11 00:00:00,2026-01-15 07:00:00,Medium,Closed,Chat,Hardware Failure,A025,John Drake,103,No,1
T01975,2025-02-16 00:00:00,2025-02-20 16:00:00,Low,In Progress,Email,Network Issue,A024,John Mcgee,112,Yes,5
T01976,2025-10-14 00:00:00,2025-10-16 14:00:00,Medium,Open,Phone,Access Request,A008,Ann Williams,62,Yes,4
T01977,2025-05-04 00:00:00,2025-05-08 21:00:00,Low,In Progress,Email,Software Bug,A017,Madison Cruz,117,Yes,1
T01978,2025-05-13 00:00:00,2025-05-14 10:00:00,Medium,In Progress,Email,Hardware Failure,A016,Daniel Parker,34,Yes,3
T01979,2025-03-13 00:00:00,2025-03-17 07:00:00,Low,In Progress,Portal,Login Issue,A014,Karen Lee,103,Yes,2
T01980,2026-01-13 00:00:00,2026-01-17 02:00:00,Critical,In Progress,Chat,Software Bug,A001,Patrick Howard,98,Yes,3
T01981,2026-01-27 00:00:00,2026-01-27 02:00:00,Low,Open,Email,Software Bug,A006,Wesley Miranda,2,Yes,1
T01982,2025-02-12 00:00:00,2025-02-15 17:00:00,Critical,Open,Portal,Access Request,A021,Sydney Nixon,89,No,2
T01983,2025-01-30 00:00:00,2025-02-03 05:00:00,Low,In Progress,Chat,Software Bug,A013,Miss Rachel Clark,101,Yes,5
T01984,2026-02-11 00:00:00,2026-02-15 22:00:00,High,Resolved,Chat,Network Issue,A003,Cody Miller,118,Yes,5
T01985,2025-11-04 00:00:00,2025-11-07 14:00:00,Critical,Resolved,Portal,Access Request,A025,Patricia Ramsey,86,Yes,5
T01986,2025-03-19 00:00:00,2025-03-19 23:00:00,Low,Resolved,Portal,Hardware Failure,A002,Joe Barr MD,23,No,3
T01987,2025-08-28 00:00:00,2025-08-28 04:00:00,Low,Open,Chat,Network Issue,A013,Madeline Chen,4,No,1
T01988,2025-11-22 00:00:00,2025-11-23 20:00:00,High,Resolved,Phone,Hardware Failure,A013,Crystal Gonzalez,44,Yes,1
T01989,2025-05-01 00:00:00,2025-05-03 05:00:00,High,In Progress,Chat,Software Bug,A022,Dr. Stephanie Warner DVM,53,Yes,2
T01990,2025-07-07 00:00:00,2025-07-08 16:00:00,Critical,Open,Email,Hardware Failure,A002,John Brown,40,No,2
T01991,2025-04-17 00:00:00,2025-04-18 07:00:00,Critical,Resolved,Email,Access Request,A025,Victoria Bennett,31,Yes,4
T01992,2025-03-06 00:00:00,2025-03-06 09:00:00,High,Open,Email,Hardware Failure,A009,Emma Williams,9,Yes,1
T01993,2025-10-12 00:00:00,2025-10-16 22:00:00,Low,Resolved,Chat,Network Issue,A018,Lauren Robinson,118,No,5
T01994,2025-09-13 00:00:00,2025-09-17 17:00:00,Medium,Closed,Phone,Access Request,A021,Stephen Torres,113,Yes,2
T01995,2025-07-24 00:00:00,2025-07-25 11:00:00,Medium,Open,Phone,Hardware Failure,A020,Luis Graves,35,No,2
T01996,2026-01-07 00:00:00,2026-01-07 22:00:00,High,Closed,Chat,Network Issue,A001,Drew Dudley,22,Yes,5
T01997,2026-03-27 00:00:00,2026-03-29 06:00:00,High,Closed,Phone,Login Issue,A010,Jesse Turner,54,No,2
T01998,2025-02-12 00:00:00,2025-02-14 12:00:00,Critical,Resolved,Portal,Network Issue,A012,Joe Green,60,No,1
T01999,2026-01-23 00:00:00,2026-01-24 14:00:00,Medium,Closed,Phone,Software Bug,A011,Angela Smith MD,38,Yes,1
T02000,2025-05-31 00:00:00,2025-06-01 01:00:00,Low,Closed,Portal,Software Bug,A014,Elizabeth Peterson,25,No,1
T02001,2026-03-18 00:00:00,2026-03-19 14:00:00,Low,In Progress,Email,Software Bug,A008,William Huerta,38,Yes,5
T02002,2026-03-02 00:00:00,2026-03-03 12:00:00,Medium,Closed,Email,Software Bug,A002,Sarah Wong,36,No,3
T02003,2025-12-18 00:00:00,2025-12-21 10:00:00,High,In Progress,Phone,Network Issue,A007,Diane Moss,82,No,1
T02004,2025-04-10 00:00:00,2025-04-14 11:00:00,High,Resolved,Email,Hardware Failure,A024,Stanley Guzman,107,Yes,5
T02005,2026-02-18 00:00:00,2026-02-18 19:00:00,Low,Open,Portal,Access Request,A015,John Ortiz,19,Yes,1
T02006,2025-10-06 00:00:00,2025-10-06 07:00:00,Medium,In Progress,Email,Network Issue,A016,Larry Nelson,7,Yes,5
T02007,2025-03-10 00:00:00,2025-03-12 04:00:00,Medium,Open,Portal,Login Issue,A024,Mario Flores,52,Yes,3
T02008,2025-02-12 00:00:00,2025-02-16 22:00:00,Critical,Resolved,Portal,Login Issue,A015,Dr. Tyler Merritt,118,No,5
T02009,2026-02-03 00:00:00,2026-02-05 23:00:00,Low,Open,Phone,Network Issue,A001,Linda Lopez,71,Yes,5
T02010,2025-10-28 00:00:00,2025-10-28 14:00:00,Critical,Open,Phone,Access Request,A017,Kyle Johnson,14,Yes,3
T02011,2025-05-06 00:00:00,2025-05-09 17:00:00,High,Closed,Portal,Software Bug,A024,Brian Whitney,89,No,4
T02012,2026-02-26 00:00:00,2026-03-01 05:00:00,Critical,Open,Phone,Hardware Failure,A012,Kara Peters,77,No,1
T02013,2025-03-10 00:00:00,2025-03-14 18:00:00,Low,Resolved,Email,Login Issue,A017,Julie Martin,114,No,1
T02014,2025-02-25 00:00:00,2025-02-27 22:00:00,Medium,In Progress,Portal,Access Request,A016,Amy Lowe,70,No,3
T02015,2026-03-06 00:00:00,2026-03-06 04:00:00,Medium,Closed,Phone,Network Issue,A024,Carmen Price,4,Yes,5
T02016,2025-04-21 00:00:00,2025-04-24 06:00:00,Medium,Open,Phone,Hardware Failure,A009,Philip Richardson MD,78,No,5
T02017,2025-06-22 00:00:00,2025-06-24 06:00:00,Low,Resolved,Email,Software Bug,A005,Edward Garcia,54,No,1
T02018,2026-01-18 00:00:00,2026-01-18 06:00:00,Low,Resolved,Phone,Hardware Failure,A013,Anthony Johnson,6,No,3
T02019,2025-08-11 00:00:00,2025-08-15 06:00:00,Low,Open,Phone,Hardware Failure,A025,Timothy Haley,102,Yes,1
T02020,2025-01-22 00:00:00,2025-01-23 01:00:00,Medium,Resolved,Portal,Hardware Failure,A020,Anthony Ramirez,25,Yes,1
T02021,2026-02-23 00:00:00,2026-02-27 16:00:00,Critical,In Progress,Portal,Login Issue,A011,Denise Thomas,112,Yes,1
T02022,2025-02-21 00:00:00,2025-02-21 23:00:00,High,Resolved,Chat,Login Issue,A014,Monique French,23,Yes,2
T02023,2025-08-12 00:00:00,2025-08-15 02:00:00,Critical,Closed,Portal,Access Request,A021,Megan Mccoy,74,Yes,1
T02024,2025-11-15 00:00:00,2025-11-16 03:00:00,High,Resolved,Email,Login Issue,A008,Kelly Morgan,27,No,5
T02025,2025-10-11 00:00:00,2025-10-11 01:00:00,Critical,In Progress,Chat,Software Bug,A008,Jonathan Porter,1,No,5
T02026,2026-03-18 00:00:00,2026-03-21 14:00:00,Medium,Closed,Email,Network Issue,A008,Tammy Krause,86,No,5
T02027,2025-11-11 00:00:00,2025-11-14 21:00:00,Low,Open,Chat,Hardware Failure,A023,Rodney Patel Jr.,93,Yes,1
T02028,2025-11-07 00:00:00,2025-11-11 10:00:00,High,Open,Chat,Software Bug,A019,Gabriel Harris,106,Yes,1
T02029,2025-01-09 00:00:00,2025-01-12 20:00:00,High,In Progress,Portal,Access Request,A023,Heather Huff,92,No,4
T02030,2026-01-28 00:00:00,2026-01-31 08:00:00,Critical,Resolved,Portal,Login Issue,A017,Leah Short,80,No,5
T02031,2025-03-16 00:00:00,2025-03-18 21:00:00,Critical,In Progress,Phone,Software Bug,A019,Carol Hunter,69,Yes,3
T02032,2025-05-31 00:00:00,2025-05-31 03:00:00,High,In Progress,Phone,Network Issue,A004,Elizabeth Leach,3,Yes,5
T02033,2026-03-06 00:00:00,2026-03-10 04:00:00,High,In Progress,Portal,Hardware Failure,A019,Taylor Palmer,100,Yes,2
T02034,2025-07-28 00:00:00,2025-07-31 08:00:00,Critical,In Progress,Portal,Login Issue,A015,Melissa Burke DDS,80,No,1
T02035,2025-01-16 00:00:00,2025-01-19 11:00:00,Medium,In Progress,Chat,Access Request,A024,Sarah Henderson,83,Yes,4
T02036,2025-09-24 00:00:00,2025-09-27 06:00:00,High,Resolved,Phone,Access Request,A005,William Middleton,78,Yes,2
T02037,2026-03-05 00:00:00,2026-03-09 09:00:00,Low,Resolved,Portal,Login Issue,A005,Keith Frazier,105,No,3
T02038,2025-06-24 00:00:00,2025-06-24 04:00:00,Medium,Closed,Chat,Access Request,A022,Caitlin Clark,4,Yes,5
T02039,2025-08-11 00:00:00,2025-08-14 13:00:00,Low,Closed,Portal,Software Bug,A014,Joe Davis,85,Yes,3
T02040,2026-03-01 00:00:00,2026-03-02 04:00:00,Critical,Closed,Email,Network Issue,A025,Brandy Sanchez,28,Yes,1
T02041,2026-02-18 00:00:00,2026-02-20 20:00:00,High,Open,Chat,Network Issue,A025,Sophia Dudley,68,No,3
T02042,2025-07-24 00:00:00,2025-07-26 22:00:00,Medium,Resolved,Chat,Login Issue,A001,Jennifer Duffy,70,Yes,2
T02043,2025-09-02 00:00:00,2025-09-06 01:00:00,Low,Open,Portal,Access Request,A013,Kristin Robertson,97,No,2
T02044,2025-02-02 00:00:00,2025-02-02 08:00:00,Critical,In Progress,Email,Login Issue,A022,Christopher Brandt MD,8,Yes,1
T02045,2026-02-21 00:00:00,2026-02-24 07:00:00,Low,Open,Email,Hardware Failure,A017,Jennifer Sheppard,79,Yes,3
T02046,2025-11-10 00:00:00,2025-11-13 11:00:00,Low,Resolved,Email,Software Bug,A002,Jose Munoz,83,No,3
T02047,2025-07-28 00:00:00,2025-08-01 04:00:00,Medium,Closed,Portal,Network Issue,A002,Samantha Walker,100,No,2
T02048,2025-04-23 00:00:00,2025-04-26 10:00:00,High,Open,Portal,Hardware Failure,A015,Melissa Hughes,82,No,3
T02049,2025-07-20 00:00:00,2025-07-20 21:00:00,Critical,In Progress,Portal,Hardware Failure,A022,Thomas Kent,21,Yes,1
T02050,2025-11-02 00:00:00,2025-11-02 18:00:00,Low,Open,Portal,Hardware Failure,A013,Alejandro Roberts,18,Yes,3
T02051,2025-03-24 00:00:00,2025-03-27 01:00:00,Low,Resolved,Email,Hardware Failure,A017,Donald Dixon,73,No,5
T02052,2025-02-04 00:00:00,2025-02-05 01:00:00,Medium,Closed,Phone,Login Issue,A005,Danny Ramirez,25,No,2
T02053,2025-07-03 00:00:00,2025-07-06 20:00:00,Medium,Resolved,Portal,Login Issue,A015,Tina Campbell,92,Yes,2
T02054,2025-08-26 00:00:00,2025-08-26 02:00:00,Medium,Open,Email,Access Request,A006,Keith Thompson,2,Yes,2
T02055,2025-07-14 00:00:00,2025-07-14 15:00:00,Critical,In Progress,Chat,Network Issue,A015,Kim Buckley,15,No,2
T02056,2025-10-07 00:00:00,2025-10-10 02:00:00,Critical,Open,Phone,Network Issue,A015,Anna Anderson,74,Yes,3
T02057,2025-12-08 00:00:00,2025-12-10 22:00:00,High,Resolved,Email,Network Issue,A019,Brittany Wright,70,No,3
T02058,2025-01-25 00:00:00,2025-01-25 19:00:00,High,Open,Email,Hardware Failure,A009,Alex French,19,No,4
T02059,2025-01-28 00:00:00,2025-01-29 07:00:00,Medium,Resolved,Email,Hardware Failure,A016,Susan Liu,31,Yes,4
T02060,2025-03-14 00:00:00,2025-03-18 20:00:00,Critical,In Progress,Phone,Login Issue,A001,Dana Phillips,116,Yes,4
T02061,2025-11-24 00:00:00,2025-11-24 12:00:00,Medium,Open,Phone,Software Bug,A017,Stephen Mitchell,12,No,4
T02062,2025-03-29 00:00:00,2025-04-01 02:00:00,High,Closed,Portal,Network Issue,A025,Misty Shelton,74,No,5
T02063,2026-03-20 00:00:00,2026-03-24 10:00:00,Medium,Open,Phone,Access Request,A022,Hunter Zuniga,106,No,2
T02064,2025-07-29 00:00:00,2025-07-29 04:00:00,Medium,Closed,Email,Hardware Failure,A023,Kevin Simmons,4,No,3
T02065,2025-07-26 00:00:00,2025-07-29 16:00:00,Critical,Closed,Email,Hardware Failure,A016,Diane Jones,88,Yes,1
T02066,2025-07-27 00:00:00,2025-07-29 19:00:00,Low,Resolved,Email,Hardware Failure,A018,Wendy Larson,67,Yes,2
T02067,2025-02-13 00:00:00,2025-02-16 13:00:00,Medium,In Progress,Chat,Software Bug,A022,Mark Fleming,85,Yes,2
T02068,2025-02-14 00:00:00,2025-02-16 03:00:00,Low,Resolved,Portal,Login Issue,A022,Sara Hernandez,51,No,3
T02069,2025-07-27 00:00:00,2025-07-30 01:00:00,Low,In Progress,Email,Access Request,A005,Javier Williams,73,No,2
T02070,2025-10-18 00:00:00,2025-10-20 03:00:00,Low,Resolved,Phone,Hardware Failure,A020,Brian Bennett,51,No,4
T02071,2026-02-06 00:00:00,2026-02-08 22:00:00,Medium,In Progress,Email,Software Bug,A002,Richard Miller,70,Yes,1
T02072,2025-12-06 00:00:00,2025-12-10 12:00:00,Critical,Resolved,Chat,Network Issue,A010,Aaron Choi,108,No,5
T02073,2026-03-10 00:00:00,2026-03-13 23:00:00,Low,Open,Chat,Software Bug,A015,Claudia Cain,95,No,5
T02074,2026-02-19 00:00:00,2026-02-23 01:00:00,Critical,Open,Chat,Network Issue,A008,Angela Alvarez,97,No,1
T02075,2025-08-18 00:00:00,2025-08-20 02:00:00,Medium,In Progress,Email,Access Request,A015,Jason Thompson,50,No,4
T02076,2025-07-14 00:00:00,2025-07-18 04:00:00,Low,Closed,Portal,Access Request,A018,Mrs. Susan Ross,100,No,1
T02077,2025-07-16 00:00:00,2025-07-18 22:00:00,Critical,Closed,Phone,Network Issue,A011,Nicolas Howell,70,Yes,2
T02078,2025-09-10 00:00:00,2025-09-14 00:00:00,High,Open,Portal,Network Issue,A022,Danielle Miranda,96,Yes,1
T02079,2025-07-08 00:00:00,2025-07-08 07:00:00,Low,Resolved,Portal,Hardware Failure,A024,Susan Adams,7,No,3
T02080,2025-12-18 00:00:00,2025-12-20 11:00:00,Low,Open,Email,Network Issue,A009,Melvin Kane,59,Yes,5
T02081,2026-02-03 00:00:00,2026-02-07 00:00:00,High,Resolved,Chat,Network Issue,A017,Thomas Bray,96,No,3
T02082,2025-08-24 00:00:00,2025-08-27 04:00:00,Medium,In Progress,Chat,Access Request,A010,Margaret Jordan,76,Yes,4
T02083,2025-11-23 00:00:00,2025-11-24 08:00:00,High,Closed,Phone,Network Issue,A018,Luis Sanchez,32,Yes,2
T02084,2025-06-24 00:00:00,2025-06-26 04:00:00,High,Open,Chat,Network Issue,A018,Julie Owen,52,No,2
T02085,2026-01-05 00:00:00,2026-01-10 00:00:00,Medium,Resolved,Portal,Network Issue,A019,Shawn Moyer,120,Yes,4
T02086,2025-07-26 00:00:00,2025-07-29 04:00:00,Medium,Resolved,Chat,Login Issue,A008,Ashley Jackson,76,Yes,2
T02087,2025-10-14 00:00:00,2025-10-17 19:00:00,High,Resolved,Email,Hardware Failure,A017,Luke Coleman,91,No,4
T02088,2025-07-17 00:00:00,2025-07-21 13:00:00,High,Open,Chat,Hardware Failure,A025,Erik Tucker,109,No,5
T02089,2026-02-27 00:00:00,2026-02-28 10:00:00,Low,In Progress,Chat,Access Request,A004,Stephanie Phillips,34,Yes,2
T02090,2026-03-03 00:00:00,2026-03-03 15:00:00,Critical,In Progress,Email,Network Issue,A017,Heather Davis,15,No,4
T02091,2025-10-25 00:00:00,2025-10-26 07:00:00,Low,Open,Chat,Network Issue,A013,Jeremiah Rodriguez,31,No,3
T02092,2025-02-15 00:00:00,2025-02-16 18:00:00,Critical,Open,Chat,Software Bug,A007,Krista Singh,42,Yes,3
T02093,2025-04-21 00:00:00,2025-04-24 22:00:00,High,In Progress,Portal,Hardware Failure,A024,Shawn Hobbs,94,Yes,2
T02094,2025-05-02 00:00:00,2025-05-06 07:00:00,Critical,Resolved,Email,Login Issue,A020,Sheryl Schwartz,103,No,4
T02095,2026-03-10 00:00:00,2026-03-10 20:00:00,High,Open,Email,Software Bug,A006,Jennifer Park,20,No,1
T02096,2025-07-16 00:00:00,2025-07-19 07:00:00,Low,Closed,Email,Access Request,A024,Meghan Harris,79,Yes,5
T02097,2026-01-23 00:00:00,2026-01-25 14:00:00,High,Resolved,Phone,Network Issue,A017,Brianna Little,62,No,1
T02098,2025-07-25 00:00:00,2025-07-25 21:00:00,High,Closed,Portal,Login Issue,A011,Richard White,21,No,2
T02099,2026-02-10 00:00:00,2026-02-14 01:00:00,Critical,Resolved,Chat,Network Issue,A005,Mitchell Stevenson,97,No,4
T02100,2025-12-28 00:00:00,2025-12-29 20:00:00,High,Resolved,Chat,Access Request,A014,Jeremy Peck,44,No,5
T02101,2026-02-12 00:00:00,2026-02-16 15:00:00,High,In Progress,Phone,Software Bug,A020,John Reynolds,111,Yes,3
T02102,2025-02-12 00:00:00,2025-02-16 08:00:00,High,Open,Phone,Login Issue,A002,Ralph Thomas,104,Yes,4
T02103,2025-03-21 00:00:00,2025-03-25 07:00:00,High,In Progress,Phone,Login Issue,A008,Lauren Li,103,Yes,3
T02104,2025-11-26 00:00:00,2025-11-30 17:00:00,High,Resolved,Email,Network Issue,A001,Gina King,113,No,1
T02105,2025-06-24 00:00:00,2025-06-26 14:00:00,Medium,Closed,Phone,Login Issue,A010,Ronnie Haas,62,No,1
T02106,2025-05-26 00:00:00,2025-05-30 13:00:00,Critical,Closed,Portal,Network Issue,A016,Monica Rodriguez,109,Yes,5
T02107,2025-08-05 00:00:00,2025-08-07 10:00:00,High,Closed,Phone,Login Issue,A005,Jo Neal DDS,58,No,4
T02108,2026-03-10 00:00:00,2026-03-12 18:00:00,High,Resolved,Phone,Login Issue,A017,Denise Martinez,66,Yes,2
T02109,2026-02-17 00:00:00,2026-02-21 09:00:00,Low,In Progress,Phone,Login Issue,A005,Matthew Mcpherson,105,Yes,2
T02110,2025-11-07 00:00:00,2025-11-07 19:00:00,High,Open,Email,Hardware Failure,A024,Rhonda Taylor,19,Yes,1
T02111,2025-02-16 00:00:00,2025-02-18 19:00:00,Critical,Resolved,Portal,Network Issue,A007,Katherine Yates,67,No,2
T02112,2025-06-26 00:00:00,2025-06-26 04:00:00,Medium,Closed,Portal,Access Request,A023,Tiffany Johnson,4,Yes,5
T02113,2025-12-07 00:00:00,2025-12-09 11:00:00,Medium,Resolved,Portal,Hardware Failure,A011,Michael Wheeler,59,No,2
T02114,2026-01-18 00:00:00,2026-01-19 23:00:00,High,Closed,Phone,Hardware Failure,A005,Tanya Taylor,47,Yes,5
T02115,2025-06-16 00:00:00,2025-06-16 19:00:00,Low,Closed,Portal,Access Request,A008,Gregory Hughes,19,Yes,5
T02116,2025-07-20 00:00:00,2025-07-20 07:00:00,Medium,Closed,Email,Hardware Failure,A006,Bryan Hernandez,7,Yes,5
T02117,2025-08-23 00:00:00,2025-08-26 16:00:00,Medium,Closed,Phone,Access Request,A021,Betty Mendoza,88,Yes,2
T02118,2026-03-05 00:00:00,2026-03-09 23:00:00,High,In Progress,Phone,Network Issue,A019,Jennifer Sanders,119,Yes,1
T02119,2026-01-15 00:00:00,2026-01-17 05:00:00,Low,Closed,Chat,Access Request,A003,Paul Ward,53,No,2
T02120,2025-05-01 00:00:00,2025-05-03 23:00:00,Medium,In Progress,Phone,Software Bug,A021,Tracy Hunter,71,No,5
T02121,2025-12-26 00:00:00,2025-12-27 08:00:00,Medium,Resolved,Chat,Software Bug,A014,Sharon Gay,32,Yes,5
T02122,2025-09-08 00:00:00,2025-09-11 21:00:00,Critical,In Progress,Phone,Hardware Failure,A010,Michael Gonzalez,93,Yes,4
T02123,2025-01-11 00:00:00,2025-01-14 02:00:00,High,Resolved,Portal,Access Request,A023,Shirley Bennett,74,Yes,3
T02124,2025-04-03 00:00:00,2025-04-07 19:00:00,Critical,Open,Phone,Access Request,A006,David Fields,115,No,4
T02125,2025-02-05 00:00:00,2025-02-05 21:00:00,High,In Progress,Portal,Access Request,A016,Juan Hammond,21,Yes,1
T02126,2025-04-20 00:00:00,2025-04-22 15:00:00,Medium,In Progress,Phone,Network Issue,A001,John Stephenson,63,Yes,3
T02127,2025-03-10 00:00:00,2025-03-14 06:00:00,Critical,Open,Phone,Network Issue,A002,Christie Watson,102,Yes,3
T02128,2025-05-16 00:00:00,2025-05-20 02:00:00,Critical,Closed,Portal,Software Bug,A022,Rachel Savage,98,Yes,5
T02129,2025-12-21 00:00:00,2025-12-24 23:00:00,High,In Progress,Phone,Access Request,A013,Holly Hernandez DVM,95,Yes,3
T02130,2026-02-13 00:00:00,2026-02-17 12:00:00,Medium,Open,Chat,Software Bug,A008,Jennifer Jones,108,No,1
T02131,2025-11-27 00:00:00,2025-11-27 11:00:00,High,Open,Portal,Login Issue,A012,Ronald Simon,11,Yes,5
T02132,2025-04-18 00:00:00,2025-04-22 16:00:00,Low,Open,Phone,Access Request,A006,Robert Davidson,112,No,5
T02133,2025-12-06 00:00:00,2025-12-06 04:00:00,High,In Progress,Portal,Software Bug,A021,Danielle Castaneda,4,Yes,1
T02134,2025-01-30 00:00:00,2025-02-02 07:00:00,Low,Closed,Portal,Login Issue,A007,Joseph Lee,79,No,2
T02135,2025-02-17 00:00:00,2025-02-20 06:00:00,Medium,Closed,Email,Network Issue,A024,Lisa Rodriguez,78,Yes,1
T02136,2025-03-01 00:00:00,2025-03-02 03:00:00,Low,Closed,Portal,Hardware Failure,A025,Pam Jones,27,Yes,2
T02137,2025-01-28 00:00:00,2025-01-28 15:00:00,Low,Open,Email,Hardware Failure,A013,David Farmer,15,Yes,5
T02138,2025-03-08 00:00:00,2025-03-12 21:00:00,Low,Open,Email,Hardware Failure,A005,Steven Myers,117,No,2
T02139,2025-12-05 00:00:00,2025-12-09 00:00:00,Critical,In Progress,Phone,Access Request,A024,Wendy Little,96,Yes,5
T02140,2025-01-19 00:00:00,2025-01-20 14:00:00,Medium,Closed,Portal,Software Bug,A007,Sherry Salinas,38,Yes,5
T02141,2025-12-05 00:00:00,2025-12-05 23:00:00,High,Open,Phone,Software Bug,A006,Summer Martin,23,Yes,4
T02142,2025-02-16 00:00:00,2025-02-17 13:00:00,Critical,In Progress,Chat,Login Issue,A019,Jessica Yang,37,No,1
T02143,2025-03-10 00:00:00,2025-03-10 20:00:00,High,Closed,Phone,Login Issue,A019,Lisa Cantrell,20,Yes,5
T02144,2025-12-25 00:00:00,2025-12-29 13:00:00,High,Closed,Email,Login Issue,A007,Bill Sanchez,109,No,3
T02145,2025-03-07 00:00:00,2025-03-11 04:00:00,Critical,Open,Email,Network Issue,A015,Charles Patel,100,Yes,5
T02146,2025-03-14 00:00:00,2025-03-15 12:00:00,Critical,Resolved,Chat,Access Request,A012,Derek Mccullough,36,No,2
T02147,2025-06-07 00:00:00,2025-06-11 02:00:00,Medium,Open,Chat,Login Issue,A024,Donald Ward,98,Yes,2
T02148,2025-01-14 00:00:00,2025-01-14 19:00:00,Low,Closed,Email,Software Bug,A020,Elizabeth Johnston,19,Yes,4
T02149,2025-09-03 00:00:00,2025-09-04 06:00:00,Critical,Resolved,Email,Network Issue,A020,Kevin Green,30,Yes,5
T02150,2025-08-15 00:00:00,2025-08-18 21:00:00,Critical,Closed,Email,Hardware Failure,A008,Nicole Cooper,93,Yes,1
T02151,2025-03-06 00:00:00,2025-03-10 15:00:00,Low,Resolved,Chat,Software Bug,A006,Krystal Wood,111,Yes,3
T02152,2025-04-24 00:00:00,2025-04-27 18:00:00,Low,In Progress,Email,Login Issue,A001,Rachel Gilmore,90,No,3
T02153,2025-07-27 00:00:00,2025-07-29 16:00:00,Critical,Resolved,Portal,Software Bug,A020,David Reynolds,64,Yes,5
T02154,2025-07-09 00:00:00,2025-07-11 09:00:00,High,Resolved,Chat,Hardware Failure,A006,Nicole Miller,57,Yes,5
T02155,2025-05-09 00:00:00,2025-05-11 14:00:00,Medium,Resolved,Portal,Hardware Failure,A001,Jacqueline Rollins,62,Yes,1
T02156,2025-01-23 00:00:00,2025-01-26 00:00:00,Low,Open,Email,Network Issue,A001,Alexandria Rios,72,No,1
T02157,2025-10-11 00:00:00,2025-10-12 06:00:00,Critical,Closed,Chat,Login Issue,A016,Charles Reeves,30,Yes,1
T02158,2025-08-05 00:00:00,2025-08-07 19:00:00,Low,Open,Chat,Hardware Failure,A004,Bethany Owens,67,Yes,1
T02159,2025-10-31 00:00:00,2025-10-31 04:00:00,High,Open,Portal,Login Issue,A007,Lauren Garner,4,Yes,1
T02160,2025-07-29 00:00:00,2025-07-31 10:00:00,Medium,Open,Portal,Network Issue,A011,Lawrence Mitchell,58,Yes,1
T02161,2025-01-25 00:00:00,2025-01-29 09:00:00,High,Resolved,Portal,Software Bug,A007,David Andrade,105,No,3
T02162,2025-03-31 00:00:00,2025-03-31 15:00:00,Low,Open,Portal,Network Issue,A012,Lawrence Green,15,No,2
T02163,2025-08-17 00:00:00,2025-08-19 07:00:00,High,Closed,Email,Network Issue,A004,Catherine Farrell,55,Yes,4
T02164,2025-06-20 00:00:00,2025-06-21 02:00:00,Critical,In Progress,Portal,Software Bug,A014,Anthony Smith,26,No,2
T02165,2025-08-12 00:00:00,2025-08-16 10:00:00,Low,Resolved,Email,Access Request,A008,Robert Perez,106,Yes,2
T02166,2025-12-25 00:00:00,2025-12-29 14:00:00,Low,Open,Email,Software Bug,A013,Billy Williams,110,No,4
T02167,2025-08-06 00:00:00,2025-08-06 13:00:00,High,Open,Email,Login Issue,A002,Rebecca Herring,13,No,3
T02168,2025-10-29 00:00:00,2025-10-31 15:00:00,Low,Resolved,Email,Login Issue,A024,Jack Wright,63,No,4
T02169,2025-10-27 00:00:00,2025-10-28 07:00:00,Low,Resolved,Email,Software Bug,A008,Dominique White,31,Yes,5
T02170,2025-06-12 00:00:00,2025-06-16 05:00:00,Low,Resolved,Email,Access Request,A010,Keith Graham,101,No,2
T02171,2025-07-22 00:00:00,2025-07-26 05:00:00,Critical,In Progress,Email,Network Issue,A015,Richard Dawson,101,No,5
T02172,2025-12-17 00:00:00,2025-12-17 16:00:00,Critical,Resolved,Email,Hardware Failure,A013,Jodi Wallace,16,Yes,4
T02173,2025-03-18 00:00:00,2025-03-19 04:00:00,High,Open,Portal,Hardware Failure,A019,Mrs. Barbara Parker DDS,28,No,4
T02174,2025-05-08 00:00:00,2025-05-09 06:00:00,High,Closed,Phone,Network Issue,A024,Carolyn Ramirez,30,No,2
T02175,2025-10-26 00:00:00,2025-10-29 01:00:00,Critical,Open,Email,Software Bug,A006,Mark Fernandez,73,No,1
T02176,2026-03-11 00:00:00,2026-03-14 13:00:00,Low,In Progress,Portal,Login Issue,A017,Marissa Faulkner,85,No,2
T02177,2026-02-24 00:00:00,2026-02-28 20:00:00,Medium,Open,Email,Hardware Failure,A002,Felicia Mejia,116,Yes,5
T02178,2025-12-05 00:00:00,2025-12-08 14:00:00,High,Open,Email,Network Issue,A012,Stephanie Davis,86,No,1
T02179,2025-03-17 00:00:00,2025-03-21 19:00:00,Low,Closed,Email,Access Request,A017,Gerald Bowman,115,No,1
T02180,2025-12-05 00:00:00,2025-12-07 18:00:00,Low,Closed,Chat,Software Bug,A018,Andrew Carter,66,Yes,1
T02181,2025-03-24 00:00:00,2025-03-28 02:00:00,Critical,Resolved,Phone,Access Request,A015,Maureen Roberts,98,No,1
T02182,2025-08-13 00:00:00,2025-08-18 00:00:00,Medium,Open,Email,Software Bug,A018,Brenda Parker,120,Yes,1
T02183,2025-08-03 00:00:00,2025-08-05 13:00:00,Critical,Open,Phone,Network Issue,A013,Scott Carter,61,Yes,3
T02184,2025-06-03 00:00:00,2025-06-06 05:00:00,Low,Open,Phone,Access Request,A016,Robert Collins,77,No,4
T02185,2026-02-10 00:00:00,2026-02-10 22:00:00,Critical,In Progress,Portal,Hardware Failure,A019,James Wilson,22,No,5
T02186,2025-12-07 00:00:00,2025-12-10 10:00:00,High,Open,Chat,Network Issue,A023,Diane Johnson,82,Yes,1
T02187,2025-05-13 00:00:00,2025-05-17 20:00:00,Critical,Open,Chat,Hardware Failure,A002,David Ramos,116,No,1
T02188,2025-10-10 00:00:00,2025-10-13 11:00:00,Medium,Closed,Chat,Access Request,A018,Cory Miranda,83,Yes,2
T02189,2025-06-20 00:00:00,2025-06-23 21:00:00,High,Open,Portal,Access Request,A022,Sarah Ramos,93,No,4
T02190,2025-04-04 00:00:00,2025-04-05 14:00:00,Critical,Resolved,Portal,Hardware Failure,A018,Mrs. Kelly Wright MD,38,Yes,1
T02191,2026-01-04 00:00:00,2026-01-05 10:00:00,Critical,Open,Chat,Hardware Failure,A017,Mrs. Paula Sherman,34,No,5
T02192,2025-03-19 00:00:00,2025-03-19 09:00:00,Low,In Progress,Chat,Login Issue,A013,Emily Meyer,9,Yes,4
T02193,2025-03-23 00:00:00,2025-03-28 00:00:00,Medium,Closed,Chat,Access Request,A018,Michaela Alexander,120,Yes,3
T02194,2025-01-01 00:00:00,2025-01-03 17:00:00,Medium,Resolved,Portal,Access Request,A023,Maria Pearson,65,Yes,5
T02195,2025-11-11 00:00:00,2025-11-11 06:00:00,Medium,Resolved,Portal,Hardware Failure,A005,Elizabeth Murray,6,No,4
T02196,2025-11-05 00:00:00,2025-11-08 02:00:00,Critical,Open,Email,Login Issue,A010,Tracy Gregory,74,Yes,1
T02197,2025-04-20 00:00:00,2025-04-24 11:00:00,Medium,Resolved,Phone,Network Issue,A023,Cynthia Ward,107,No,1
T02198,2025-02-25 00:00:00,2025-02-26 06:00:00,Critical,Closed,Email,Software Bug,A006,Pamela Castillo,30,Yes,2
T02199,2025-01-23 00:00:00,2025-01-27 22:00:00,High,Open,Portal,Software Bug,A025,Felicia Brown,118,Yes,3
T02200,2025-03-26 00:00:00,2025-03-27 23:00:00,High,Closed,Phone,Software Bug,A004,Amanda Richardson,47,Yes,3
T02201,2025-08-08 00:00:00,2025-08-09 17:00:00,Medium,Resolved,Chat,Login Issue,A019,Angela Taylor,41,No,1
T02202,2025-07-25 00:00:00,2025-07-29 13:00:00,Critical,Closed,Email,Access Request,A005,Albert Gonzalez,109,No,1
T02203,2025-11-01 00:00:00,2025-11-03 21:00:00,Low,Open,Portal,Hardware Failure,A018,Reginald Cole,69,Yes,5
T02204,2025-02-19 00:00:00,2025-02-20 11:00:00,Critical,Resolved,Portal,Access Request,A004,Andrew Conrad,35,Yes,1
T02205,2026-03-06 00:00:00,2026-03-07 18:00:00,Medium,Closed,Portal,Software Bug,A018,Stephanie Fritz,42,No,5
T02206,2025-11-12 00:00:00,2025-11-15 13:00:00,Medium,Closed,Portal,Software Bug,A017,Brenda Melton,85,No,5
T02207,2025-10-18 00:00:00,2025-10-19 16:00:00,High,Resolved,Chat,Software Bug,A022,Dawn Nichols,40,Yes,1
T02208,2025-02-26 00:00:00,2025-02-26 16:00:00,Medium,In Progress,Email,Hardware Failure,A012,Kayla Pruitt,16,Yes,5
T02209,2025-12-23 00:00:00,2025-12-27 23:00:00,Low,Resolved,Email,Login Issue,A016,Tammy Robles,119,Yes,4
T02210,2025-08-05 00:00:00,2025-08-08 16:00:00,Medium,Closed,Phone,Hardware Failure,A011,Sarah Kennedy,88,Yes,1
T02211,2025-07-30 00:00:00,2025-08-02 19:00:00,Low,Resolved,Chat,Software Bug,A020,Richard White,91,Yes,2
T02212,2025-07-14 00:00:00,2025-07-16 15:00:00,Low,Open,Chat,Network Issue,A010,Troy Carpenter,63,No,1
T02213,2025-04-02 00:00:00,2025-04-02 07:00:00,Critical,Closed,Chat,Access Request,A020,William Baker,7,No,3
T02214,2025-08-09 00:00:00,2025-08-11 16:00:00,Low,Resolved,Portal,Software Bug,A006,Rachel Carey,64,Yes,4
T02215,2026-02-24 00:00:00,2026-02-28 06:00:00,High,Closed,Chat,Hardware Failure,A025,Sarah Bowman,102,No,3
T02216,2025-06-24 00:00:00,2025-06-26 21:00:00,Critical,Resolved,Chat,Network Issue,A007,Jennifer Compton,69,Yes,1
T02217,2025-08-06 00:00:00,2025-08-06 17:00:00,High,Resolved,Portal,Hardware Failure,A005,Olivia Robinson,17,Yes,2
T02218,2026-01-30 00:00:00,2026-02-01 06:00:00,High,Open,Email,Hardware Failure,A021,Brenda Davis,54,No,3
T02219,2025-11-06 00:00:00,2025-11-09 06:00:00,Medium,Open,Email,Hardware Failure,A006,Janice Gonzalez,78,Yes,3
T02220,2025-03-02 00:00:00,2025-03-02 23:00:00,High,In Progress,Portal,Hardware Failure,A016,William Stewart,23,No,2
T02221,2025-06-09 00:00:00,2025-06-11 04:00:00,High,Open,Portal,Login Issue,A004,Christine Ponce,52,Yes,2
T02222,2025-04-01 00:00:00,2025-04-02 12:00:00,Low,Resolved,Chat,Access Request,A017,Angela Knox,36,No,1
T02223,2025-01-31 00:00:00,2025-01-31 01:00:00,Low,Open,Portal,Access Request,A017,Brandon Nguyen,1,No,5
T02224,2025-09-04 00:00:00,2025-09-07 20:00:00,Medium,In Progress,Email,Network Issue,A019,Judith Acosta,92,No,4
T02225,2025-08-16 00:00:00,2025-08-21 00:00:00,High,Closed,Phone,Hardware Failure,A009,Paige Gardner,120,Yes,1
T02226,2025-11-23 00:00:00,2025-11-27 08:00:00,Low,In Progress,Email,Network Issue,A002,Michael Little,104,Yes,4
T02227,2025-09-28 00:00:00,2025-09-29 09:00:00,Critical,Resolved,Phone,Hardware Failure,A012,Andrew Smith,33,No,2
T02228,2026-03-20 00:00:00,2026-03-24 01:00:00,Low,Closed,Chat,Network Issue,A012,Vanessa Bowers,97,No,5
T02229,2025-09-21 00:00:00,2025-09-21 23:00:00,Medium,Open,Phone,Access Request,A011,Stephanie Martinez,23,No,3
T02230,2025-07-05 00:00:00,2025-07-09 07:00:00,Low,Open,Portal,Software Bug,A010,George Gould,103,No,3
T02231,2025-05-27 00:00:00,2025-05-30 12:00:00,High,In Progress,Phone,Login Issue,A004,Justin Johnson,84,Yes,4
T02232,2025-04-10 00:00:00,2025-04-10 20:00:00,High,Closed,Email,Hardware Failure,A015,Amanda Jacobs,20,No,4
T02233,2026-01-27 00:00:00,2026-01-28 03:00:00,High,In Progress,Portal,Network Issue,A001,Bonnie Phillips,27,Yes,2
T02234,2026-03-21 00:00:00,2026-03-25 11:00:00,Critical,In Progress,Email,Hardware Failure,A012,Tracy Spencer,107,Yes,5
T02235,2025-12-02 00:00:00,2025-12-04 22:00:00,Low,Closed,Phone,Login Issue,A009,Michael Lee,70,No,1
T02236,2026-01-01 00:00:00,2026-01-04 10:00:00,Low,Closed,Phone,Software Bug,A024,Christopher Cox,82,Yes,2
T02237,2025-05-17 00:00:00,2025-05-20 08:00:00,High,In Progress,Chat,Login Issue,A002,Kristin Stevens,80,Yes,2
T02238,2025-09-21 00:00:00,2025-09-21 09:00:00,Critical,Closed,Chat,Access Request,A003,Tara Browning,9,No,4
T02239,2025-06-26 00:00:00,2025-06-26 23:00:00,High,Resolved,Chat,Software Bug,A009,Michele Perez,23,No,3
T02240,2025-01-28 00:00:00,2025-02-01 10:00:00,Medium,Resolved,Email,Hardware Failure,A020,Elizabeth Wong,106,Yes,5
T02241,2025-08-19 00:00:00,2025-08-22 19:00:00,Low,Open,Chat,Network Issue,A021,Nancy Knight,91,Yes,5
T02242,2025-03-17 00:00:00,2025-03-19 21:00:00,High,Closed,Portal,Access Request,A017,Joshua Williams,69,Yes,4
T02243,2026-01-27 00:00:00,2026-01-30 17:00:00,Low,Resolved,Chat,Hardware Failure,A019,Tiffany Bolton,89,Yes,5
T02244,2026-03-05 00:00:00,2026-03-07 14:00:00,High,Closed,Phone,Software Bug,A013,Angela Graves MD,62,Yes,1
T02245,2025-01-19 00:00:00,2025-01-23 08:00:00,Critical,Resolved,Phone,Software Bug,A005,Dr. Austin Gonzalez,104,Yes,1
T02246,2026-03-02 00:00:00,2026-03-05 00:00:00,Critical,In Progress,Phone,Network Issue,A019,Anna Johnson,72,Yes,2
T02247,2025-03-19 00:00:00,2025-03-19 15:00:00,Critical,Open,Portal,Network Issue,A019,Amanda Patel,15,Yes,5
T02248,2025-03-30 00:00:00,2025-04-01 19:00:00,Low,In Progress,Phone,Network Issue,A004,Jessica Larson,67,Yes,5
T02249,2026-02-22 00:00:00,2026-02-22 15:00:00,Medium,In Progress,Phone,Login Issue,A001,Paul Ortega,15,Yes,1
T02250,2025-12-21 00:00:00,2025-12-23 19:00:00,Critical,Closed,Portal,Login Issue,A002,Aaron Conley,67,Yes,4
T02251,2025-09-18 00:00:00,2025-09-22 12:00:00,Critical,Closed,Email,Login Issue,A018,Mark Crawford,108,Yes,5
T02252,2026-02-23 00:00:00,2026-02-24 14:00:00,High,Closed,Email,Software Bug,A002,Christopher King,38,Yes,2
T02253,2025-10-11 00:00:00,2025-10-12 14:00:00,Medium,Open,Email,Hardware Failure,A009,Cynthia Graham,38,No,3
T02254,2026-02-05 00:00:00,2026-02-09 01:00:00,Medium,In Progress,Chat,Software Bug,A014,Rachel Haynes,97,No,5
T02255,2026-03-03 00:00:00,2026-03-06 15:00:00,Low,Open,Phone,Login Issue,A015,Alexander Rivera,87,No,1
T02256,2025-04-04 00:00:00,2025-04-04 01:00:00,High,Resolved,Portal,Hardware Failure,A003,Dr. Stacy Cummings,1,No,3
T02257,2025-01-11 00:00:00,2025-01-15 20:00:00,Critical,Closed,Portal,Hardware Failure,A009,Pamela Pham,116,Yes,1
T02258,2025-02-07 00:00:00,2025-02-07 02:00:00,High,Resolved,Email,Login Issue,A023,Wendy Stone,2,Yes,4
T02259,2025-05-25 00:00:00,2025-05-25 01:00:00,High,Open,Portal,Access Request,A019,Amanda Lopez,1,No,4
T02260,2026-01-31 00:00:00,2026-02-03 08:00:00,Low,Open,Chat,Access Request,A025,Sharon King DDS,80,Yes,4
T02261,2025-08-09 00:00:00,2025-08-11 06:00:00,Medium,Resolved,Phone,Hardware Failure,A018,John Peterson,54,No,5
T02262,2025-03-23 00:00:00,2025-03-25 02:00:00,Critical,Open,Phone,Access Request,A014,Richard Dougherty,50,Yes,5
T02263,2025-08-30 00:00:00,2025-09-01 20:00:00,Low,Resolved,Email,Software Bug,A019,Amanda Quinn,68,No,4
T02264,2025-04-03 00:00:00,2025-04-04 23:00:00,Low,Closed,Portal,Login Issue,A023,Anthony Poole,47,Yes,4
T02265,2025-03-06 00:00:00,2025-03-06 03:00:00,Medium,Closed,Chat,Hardware Failure,A021,Maurice Thomas,3,Yes,1
T02266,2025-07-14 00:00:00,2025-07-14 02:00:00,Low,Open,Chat,Network Issue,A003,Emily Waller,2,No,3
T02267,2025-07-04 00:00:00,2025-07-05 19:00:00,High,Open,Portal,Hardware Failure,A015,Scott Wolf,43,No,5
T02268,2025-12-28 00:00:00,2025-12-28 12:00:00,Critical,Resolved,Portal,Access Request,A006,Michael Blair,12,Yes,2
T02269,2025-02-19 00:00:00,2025-02-21 22:00:00,Medium,Resolved,Email,Access Request,A023,Justin Daniels,70,No,5
T02270,2025-03-12 00:00:00,2025-03-14 08:00:00,Medium,In Progress,Phone,Access Request,A016,Alicia George,56,No,3
T02271,2025-09-20 00:00:00,2025-09-23 04:00:00,Critical,Open,Chat,Software Bug,A009,Joshua Hardy,76,Yes,1
T02272,2025-02-23 00:00:00,2025-02-27 10:00:00,High,Resolved,Chat,Hardware Failure,A002,Pamela Smith,106,No,5
T02273,2025-08-11 00:00:00,2025-08-15 04:00:00,Medium,Open,Phone,Network Issue,A012,Eric Carter,100,No,5
T02274,2026-03-02 00:00:00,2026-03-02 01:00:00,Low,Open,Email,Hardware Failure,A008,Mrs. Jessica Jensen,1,No,5
T02275,2025-07-29 00:00:00,2025-07-30 12:00:00,Critical,In Progress,Phone,Network Issue,A009,Barbara Morrow,36,No,1
T02276,2025-04-01 00:00:00,2025-04-03 17:00:00,High,Resolved,Email,Login Issue,A003,Karen Taylor,65,No,2
T02277,2025-09-24 00:00:00,2025-09-27 12:00:00,Medium,In Progress,Chat,Hardware Failure,A008,Curtis Bennett,84,Yes,5
T02278,2025-03-11 00:00:00,2025-03-13 06:00:00,Critical,Resolved,Email,Hardware Failure,A003,Jessica Molina,54,Yes,1
T02279,2026-02-07 00:00:00,2026-02-08 21:00:00,Low,Open,Email,Access Request,A012,Dr. Kevin Moore,45,Yes,5
T02280,2025-11-09 00:00:00,2025-11-09 23:00:00,Low,Open,Chat,Network Issue,A014,Keith Nixon,23,Yes,4
T02281,2026-01-18 00:00:00,2026-01-22 17:00:00,High,In Progress,Portal,Login Issue,A019,Joseph Jensen,113,Yes,1
T02282,2025-04-13 00:00:00,2025-04-13 06:00:00,Critical,Open,Portal,Access Request,A011,Michael Cohen,6,Yes,1
T02283,2025-01-03 00:00:00,2025-01-05 14:00:00,Low,Resolved,Chat,Software Bug,A008,Andrea Flores,62,Yes,3
T02284,2026-02-13 00:00:00,2026-02-16 01:00:00,Critical,Closed,Phone,Hardware Failure,A012,Michael Ward,73,Yes,5
T02285,2025-11-01 00:00:00,2025-11-02 09:00:00,Critical,Open,Portal,Login Issue,A020,Mr. Robert Dennis DDS,33,Yes,3
T02286,2025-08-31 00:00:00,2025-09-01 02:00:00,Low,In Progress,Email,Login Issue,A009,Thomas Greene,26,No,3
T02287,2025-01-24 00:00:00,2025-01-24 20:00:00,Critical,In Progress,Phone,Login Issue,A015,Thomas Cook,20,No,3
T02288,2025-04-20 00:00:00,2025-04-24 17:00:00,Critical,Resolved,Phone,Software Bug,A005,Dustin Cherry,113,No,3
T02289,2025-09-29 00:00:00,2025-09-29 08:00:00,High,Closed,Email,Hardware Failure,A015,Jose Brown,8,Yes,4
T02290,2025-10-29 00:00:00,2025-10-31 23:00:00,High,Resolved,Phone,Access Request,A010,Teresa Owens,71,Yes,2
T02291,2025-06-12 00:00:00,2025-06-16 07:00:00,Critical,Resolved,Portal,Network Issue,A018,Destiny Brown,103,Yes,2
T02292,2025-06-19 00:00:00,2025-06-20 19:00:00,Critical,Closed,Chat,Login Issue,A013,Jason Santana,43,No,1
T02293,2025-08-18 00:00:00,2025-08-21 08:00:00,High,Open,Chat,Hardware Failure,A006,Michele Alvarez,80,Yes,3
T02294,2025-10-17 00:00:00,2025-10-18 00:00:00,Low,Resolved,Chat,Login Issue,A002,Joseph Lane,24,No,1
T02295,2025-11-19 00:00:00,2025-11-22 18:00:00,Low,Open,Phone,Login Issue,A003,Rachel King,90,Yes,3
T02296,2025-08-25 00:00:00,2025-08-29 04:00:00,Critical,Open,Email,Network Issue,A011,Kenneth King,100,No,5
T02297,2025-12-27 00:00:00,2025-12-29 09:00:00,Low,In Progress,Phone,Login Issue,A013,Christine Berry,57,No,4
T02298,2025-04-30 00:00:00,2025-05-01 17:00:00,Low,In Progress,Email,Login Issue,A022,Michele Campos,41,Yes,3
T02299,2025-04-04 00:00:00,2025-04-06 09:00:00,High,Open,Email,Network Issue,A014,Steven Bell,57,Yes,3
T02300,2025-02-10 00:00:00,2025-02-11 17:00:00,High,In Progress,Phone,Software Bug,A021,Richard Eaton,41,No,1
T02301,2025-08-14 00:00:00,2025-08-17 10:00:00,High,Open,Portal,Software Bug,A002,John Fitzpatrick,82,No,5
T02302,2025-02-21 00:00:00,2025-02-25 02:00:00,Medium,In Progress,Portal,Access Request,A018,Donald Frank,98,Yes,4
T02303,2025-07-01 00:00:00,2025-07-04 19:00:00,High,Open,Phone,Login Issue,A002,Scott Rivera,91,Yes,5
T02304,2025-07-21 00:00:00,2025-07-22 13:00:00,Medium,Resolved,Email,Network Issue,A023,Gregory Pitts,37,Yes,5
T02305,2025-01-02 00:00:00,2025-01-03 12:00:00,Medium,Open,Phone,Hardware Failure,A002,Steve Anderson,36,No,3
T02306,2025-02-02 00:00:00,2025-02-02 10:00:00,High,Open,Phone,Software Bug,A020,James Lee,10,Yes,5
T02307,2025-10-07 00:00:00,2025-10-08 22:00:00,Medium,Resolved,Chat,Network Issue,A002,Kathryn Mullins,46,No,3
T02308,2025-07-18 00:00:00,2025-07-18 10:00:00,Low,Closed,Portal,Access Request,A019,Laura Mcgee,10,Yes,1
T02309,2025-11-26 00:00:00,2025-11-26 03:00:00,Critical,Open,Email,Access Request,A013,Thomas Carter,3,No,4
T02310,2025-09-02 00:00:00,2025-09-03 10:00:00,Medium,Closed,Chat,Network Issue,A023,Heather Wilson,34,Yes,1
T02311,2025-12-06 00:00:00,2025-12-07 01:00:00,High,Resolved,Chat,Network Issue,A001,Jennifer Jones,25,Yes,5
T02312,2025-07-21 00:00:00,2025-07-23 15:00:00,Critical,In Progress,Chat,Software Bug,A001,Sandra Miller,63,Yes,4
T02313,2025-03-24 00:00:00,2025-03-27 10:00:00,Low,Open,Portal,Network Issue,A013,Stephanie Wells,82,No,3
T02314,2025-05-11 00:00:00,2025-05-11 17:00:00,Medium,Resolved,Email,Hardware Failure,A018,Alexa Proctor,17,No,4
T02315,2025-04-05 00:00:00,2025-04-08 03:00:00,Medium,In Progress,Phone,Network Issue,A010,Hailey Moody,75,No,1
T02316,2026-03-15 00:00:00,2026-03-15 13:00:00,Low,Open,Email,Hardware Failure,A022,Robert Mathews,13,Yes,1
T02317,2025-07-02 00:00:00,2025-07-03 08:00:00,Critical,Resolved,Phone,Login Issue,A005,Morgan Henry,32,Yes,1
T02318,2025-02-15 00:00:00,2025-02-17 02:00:00,Critical,In Progress,Phone,Access Request,A001,Daniel Winters,50,No,4
T02319,2025-12-14 00:00:00,2025-12-15 19:00:00,High,Closed,Chat,Access Request,A006,Paul Elliott,43,Yes,4
T02320,2025-03-29 00:00:00,2025-04-01 04:00:00,Critical,Resolved,Phone,Hardware Failure,A002,Mr. Joel Kirby,76,Yes,5
T02321,2026-03-08 00:00:00,2026-03-09 07:00:00,Medium,Open,Phone,Hardware Failure,A012,Cody Newman,31,No,4
T02322,2025-09-24 00:00:00,2025-09-25 00:00:00,High,Closed,Portal,Login Issue,A023,Tammy Robertson,24,Yes,1
T02323,2025-01-01 00:00:00,2025-01-05 21:00:00,Low,Open,Chat,Network Issue,A008,Tammy Griffin,117,Yes,4
T02324,2025-04-03 00:00:00,2025-04-04 01:00:00,Medium,Open,Phone,Login Issue,A012,Sherri Tucker,25,Yes,4
T02325,2025-09-25 00:00:00,2025-09-28 02:00:00,Low,Resolved,Email,Hardware Failure,A004,Jose Williams,74,Yes,4
T02326,2025-09-15 00:00:00,2025-09-17 08:00:00,High,Resolved,Email,Access Request,A011,Jeremy Mendez,56,No,2
T02327,2025-12-20 00:00:00,2025-12-22 13:00:00,Low,Closed,Email,Login Issue,A025,Crystal Thomas,61,No,2
T02328,2025-05-02 00:00:00,2025-05-04 14:00:00,Medium,Open,Portal,Access Request,A005,Colin Cooper,62,No,5
T02329,2025-03-30 00:00:00,2025-04-03 07:00:00,High,Resolved,Chat,Login Issue,A022,Andrew Brown,103,Yes,5
T02330,2025-09-21 00:00:00,2025-09-21 18:00:00,Critical,In Progress,Email,Login Issue,A006,Alexandra Hutchinson,18,Yes,2
T02331,2025-11-11 00:00:00,2025-11-12 14:00:00,Medium,In Progress,Phone,Network Issue,A002,Shannon Jimenez,38,No,5
T02332,2025-02-15 00:00:00,2025-02-16 12:00:00,Critical,Resolved,Phone,Network Issue,A024,Ronald Moon,36,Yes,3
T02333,2025-02-03 00:00:00,2025-02-05 06:00:00,Medium,Open,Phone,Login Issue,A005,Justin Nixon,54,Yes,3
T02334,2025-11-21 00:00:00,2025-11-22 03:00:00,High,In Progress,Phone,Network Issue,A005,Stephanie Wilson,27,No,1
T02335,2025-09-12 00:00:00,2025-09-13 22:00:00,Low,In Progress,Chat,Network Issue,A002,Ryan Johnson,46,Yes,2
T02336,2025-09-15 00:00:00,2025-09-15 12:00:00,High,Open,Portal,Software Bug,A013,Sydney Reeves,12,Yes,4
T02337,2025-01-02 00:00:00,2025-01-05 16:00:00,High,In Progress,Portal,Hardware Failure,A015,Hannah Reese,88,No,1
T02338,2025-07-23 00:00:00,2025-07-27 20:00:00,Low,In Progress,Phone,Login Issue,A022,William Lopez,116,Yes,5
T02339,2025-11-30 00:00:00,2025-11-30 21:00:00,Low,Closed,Email,Hardware Failure,A010,Alexander Robbins,21,No,5
T02340,2026-03-19 00:00:00,2026-03-22 06:00:00,Medium,In Progress,Email,Login Issue,A009,Melissa Baker,78,Yes,1
T02341,2026-03-08 00:00:00,2026-03-11 23:00:00,High,Open,Portal,Hardware Failure,A006,Kevin Moore Jr.,95,Yes,5
T02342,2025-10-18 00:00:00,2025-10-18 11:00:00,Low,Closed,Portal,Login Issue,A017,Ronald Murphy,11,Yes,2
T02343,2025-07-07 00:00:00,2025-07-09 04:00:00,High,Closed,Portal,Hardware Failure,A025,Tiffany Goodwin,52,Yes,5
T02344,2025-07-16 00:00:00,2025-07-17 06:00:00,Medium,Open,Portal,Software Bug,A012,Eric Moran,30,Yes,4
T02345,2025-06-05 00:00:00,2025-06-08 03:00:00,High,Resolved,Email,Hardware Failure,A014,Jack Stewart,75,No,3
T02346,2025-04-11 00:00:00,2025-04-14 16:00:00,Medium,In Progress,Portal,Software Bug,A001,Peter Sandoval,88,No,3
T02347,2025-11-28 00:00:00,2025-12-01 06:00:00,Medium,Closed,Phone,Network Issue,A006,Jamie Roberts,78,No,4
T02348,2025-03-10 00:00:00,2025-03-12 08:00:00,Low,Resolved,Phone,Software Bug,A007,Jennifer Soto,56,No,1
T02349,2025-12-07 00:00:00,2025-12-07 18:00:00,High,Resolved,Phone,Login Issue,A022,Jeffrey Gill,18,Yes,3
T02350,2025-10-01 00:00:00,2025-10-04 23:00:00,Low,Closed,Phone,Network Issue,A024,Jessica Hill,95,No,4
T02351,2026-02-25 00:00:00,2026-02-28 20:00:00,Critical,Resolved,Phone,Network Issue,A018,Ms. April Fields,92,No,1
T02352,2026-02-17 00:00:00,2026-02-18 07:00:00,High,Closed,Phone,Software Bug,A022,Deborah Phillips,31,Yes,2
T02353,2025-07-06 00:00:00,2025-07-08 21:00:00,Medium,In Progress,Chat,Network Issue,A002,Pamela Beard,69,Yes,2
T02354,2025-02-09 00:00:00,2025-02-09 11:00:00,Critical,Closed,Email,Software Bug,A024,Eric Thompson,11,No,3
T02355,2025-07-09 00:00:00,2025-07-13 15:00:00,Critical,Resolved,Portal,Software Bug,A015,Michael Ramirez,111,No,4
T02356,2025-10-28 00:00:00,2025-10-31 20:00:00,High,In Progress,Chat,Network Issue,A014,Sara Williams,92,No,3
T02357,2025-10-16 00:00:00,2025-10-18 13:00:00,Critical,Closed,Portal,Login Issue,A014,Karen Schultz,61,Yes,3
T02358,2025-05-24 00:00:00,2025-05-24 17:00:00,Medium,Resolved,Chat,Software Bug,A001,Patrick Mcgee,17,Yes,1
T02359,2025-10-21 00:00:00,2025-10-22 19:00:00,High,Open,Chat,Network Issue,A025,Jacob Nelson,43,No,5
T02360,2025-11-02 00:00:00,2025-11-02 19:00:00,High,Closed,Portal,Software Bug,A015,Stefanie White,19,Yes,3
T02361,2025-02-27 00:00:00,2025-03-03 14:00:00,Low,Closed,Chat,Network Issue,A008,Jennifer Campbell,110,No,2
T02362,2026-02-02 00:00:00,2026-02-05 20:00:00,Low,Resolved,Phone,Hardware Failure,A004,Brittany Bennett,92,No,5
T02363,2025-01-27 00:00:00,2025-01-30 14:00:00,Medium,In Progress,Phone,Hardware Failure,A004,Stephanie Gardner,86,No,3
T02364,2026-02-02 00:00:00,2026-02-03 17:00:00,Medium,Open,Portal,Access Request,A014,Brittney Bennett,41,Yes,3
T02365,2025-12-03 00:00:00,2025-12-07 03:00:00,Medium,Open,Email,Login Issue,A018,Joshua Montgomery,99,Yes,4
T02366,2025-09-11 00:00:00,2025-09-13 20:00:00,Medium,In Progress,Email,Login Issue,A012,Ashley Adams,68,No,3
T02367,2025-02-17 00:00:00,2025-02-21 22:00:00,High,Resolved,Phone,Network Issue,A012,William Baxter,118,No,5
T02368,2026-01-14 00:00:00,2026-01-18 19:00:00,Critical,Closed,Chat,Software Bug,A022,Laura Nguyen,115,No,2
T02369,2025-01-25 00:00:00,2025-01-25 15:00:00,Medium,In Progress,Email,Access Request,A014,Breanna Fowler,15,No,4
T02370,2026-03-25 00:00:00,2026-03-28 23:00:00,Medium,Closed,Portal,Hardware Failure,A005,Mark Figueroa,95,No,2
T02371,2025-07-24 00:00:00,2025-07-27 16:00:00,Critical,In Progress,Phone,Hardware Failure,A001,Doris Reyes,88,Yes,3
T02372,2025-05-23 00:00:00,2025-05-27 21:00:00,Low,Resolved,Phone,Hardware Failure,A018,Michael Davis,117,Yes,1
T02373,2025-01-13 00:00:00,2025-01-17 23:00:00,High,Open,Email,Login Issue,A005,Crystal Rodgers,119,No,3
T02374,2026-03-15 00:00:00,2026-03-18 16:00:00,Medium,Open,Chat,Network Issue,A011,Angela Smith,88,No,2
T02375,2025-12-06 00:00:00,2025-12-10 13:00:00,Low,Closed,Email,Access Request,A010,Jessica Campbell,109,Yes,2
T02376,2025-10-21 00:00:00,2025-10-24 17:00:00,Medium,Closed,Email,Hardware Failure,A006,Steven Klein,89,Yes,1
T02377,2025-04-12 00:00:00,2025-04-12 16:00:00,Critical,Resolved,Chat,Network Issue,A017,Krista Mayer,16,No,2
T02378,2025-04-01 00:00:00,2025-04-05 21:00:00,Medium,Closed,Phone,Software Bug,A005,Natalie Preston,117,No,1
T02379,2025-11-12 00:00:00,2025-11-13 22:00:00,Medium,In Progress,Phone,Network Issue,A021,Ethan Freeman,46,No,2
T02380,2025-04-27 00:00:00,2025-04-30 18:00:00,Medium,In Progress,Email,Software Bug,A012,Sergio Herrera,90,No,5
T02381,2025-12-20 00:00:00,2025-12-23 17:00:00,High,In Progress,Phone,Network Issue,A014,Heather Mccullough,89,No,2
T02382,2025-02-14 00:00:00,2025-02-16 17:00:00,Low,Closed,Portal,Login Issue,A002,Mr. Gregory Wilson,65,No,3
T02383,2025-01-24 00:00:00,2025-01-26 18:00:00,Critical,Closed,Email,Access Request,A006,Elizabeth Morris,66,Yes,2
T02384,2025-07-15 00:00:00,2025-07-15 05:00:00,Low,Closed,Email,Network Issue,A013,Jonathon Bradford,5,Yes,1
T02385,2025-07-01 00:00:00,2025-07-04 11:00:00,Medium,In Progress,Email,Hardware Failure,A022,Julia Pena,83,No,5
T02386,2025-12-29 00:00:00,2026-01-02 02:00:00,High,Closed,Portal,Network Issue,A011,Cynthia Thornton,98,No,3
T02387,2026-01-21 00:00:00,2026-01-22 10:00:00,Medium,In Progress,Phone,Network Issue,A005,Renee Luna,34,Yes,2
T02388,2025-12-31 00:00:00,2026-01-02 18:00:00,Low,Resolved,Chat,Network Issue,A012,Michael Wang,66,Yes,1
T02389,2026-01-03 00:00:00,2026-01-07 09:00:00,Medium,Resolved,Portal,Login Issue,A013,Laura Duffy,105,Yes,2
T02390,2026-02-25 00:00:00,2026-03-01 18:00:00,High,In Progress,Chat,Login Issue,A013,Bruce Maddox,114,Yes,5
T02391,2026-03-03 00:00:00,2026-03-07 19:00:00,Medium,Open,Email,Access Request,A002,Shelby Maxwell,115,No,4
T02392,2025-07-23 00:00:00,2025-07-26 16:00:00,High,Open,Phone,Login Issue,A016,Paul Bryant,88,No,4
T02393,2025-04-28 00:00:00,2025-05-02 14:00:00,High,Open,Chat,Network Issue,A001,Kristen Rivera DVM,110,Yes,5
T02394,2025-04-23 00:00:00,2025-04-27 04:00:00,Medium,Closed,Email,Access Request,A010,Lisa Giles,100,No,4
T02395,2025-04-28 00:00:00,2025-05-01 02:00:00,High,Closed,Email,Software Bug,A024,Tasha Delgado,74,No,4
T02396,2026-02-09 00:00:00,2026-02-11 13:00:00,High,Resolved,Chat,Access Request,A003,Donald Mosley,61,Yes,1
T02397,2025-11-17 00:00:00,2025-11-20 13:00:00,High,Open,Portal,Software Bug,A003,Mary Ramirez,85,Yes,1
T02398,2025-10-17 00:00:00,2025-10-21 03:00:00,High,Closed,Chat,Login Issue,A019,Robert Berry,99,Yes,3
T02399,2025-10-23 00:00:00,2025-10-26 21:00:00,Medium,Resolved,Portal,Access Request,A016,Maria Phillips,93,No,4
T02400,2026-02-17 00:00:00,2026-02-18 00:00:00,Critical,Open,Phone,Login Issue,A009,Jennifer Tran,24,Yes,1
T02401,2025-08-11 00:00:00,2025-08-11 21:00:00,Low,Closed,Email,Network Issue,A024,Michael Bates,21,Yes,1
T02402,2025-03-18 00:00:00,2025-03-19 16:00:00,Medium,In Progress,Portal,Access Request,A013,Elizabeth Farrell,40,No,1
T02403,2025-09-30 00:00:00,2025-10-03 01:00:00,Critical,Open,Portal,Network Issue,A003,Christina Harris,73,Yes,4
T02404,2025-08-07 00:00:00,2025-08-09 15:00:00,Medium,Open,Phone,Network Issue,A015,Scott Keller,63,No,4
T02405,2025-12-12 00:00:00,2025-12-16 02:00:00,Critical,Resolved,Portal,Access Request,A014,Teresa Mendoza,98,No,1
T02406,2025-05-02 00:00:00,2025-05-06 12:00:00,High,In Progress,Email,Access Request,A003,Jordan Sanders,108,No,2
T02407,2025-06-18 00:00:00,2025-06-19 16:00:00,Low,Resolved,Phone,Network Issue,A004,Kimberly Cunningham,40,Yes,2
T02408,2025-01-24 00:00:00,2025-01-24 21:00:00,Low,Resolved,Email,Software Bug,A016,Tina Barnett,21,No,1
T02409,2025-05-20 00:00:00,2025-05-21 13:00:00,Critical,Resolved,Portal,Login Issue,A023,Gabriel Davidson,37,Yes,5
T02410,2025-01-01 00:00:00,2025-01-01 18:00:00,Critical,Closed,Chat,Software Bug,A018,Kristy Hernandez,18,No,4
T02411,2025-09-12 00:00:00,2025-09-14 04:00:00,Critical,Closed,Chat,Login Issue,A014,Laurie David,52,Yes,3
T02412,2025-07-17 00:00:00,2025-07-21 18:00:00,Critical,Open,Chat,Software Bug,A002,Daisy Pugh,114,Yes,3
T02413,2025-07-28 00:00:00,2025-07-29 08:00:00,High,In Progress,Portal,Network Issue,A002,Natalie Ray,32,No,3
T02414,2025-05-20 00:00:00,2025-05-23 01:00:00,Medium,Closed,Portal,Login Issue,A004,Melissa Larsen,73,No,4
T02415,2025-03-12 00:00:00,2025-03-15 01:00:00,Medium,Resolved,Phone,Login Issue,A023,Emily Williams,73,No,4
T02416,2025-10-31 00:00:00,2025-11-02 12:00:00,Medium,Resolved,Chat,Login Issue,A006,Jessica Huffman,60,Yes,1
T02417,2025-08-25 00:00:00,2025-08-27 05:00:00,Critical,Resolved,Phone,Login Issue,A011,Victoria Castro,53,No,2
T02418,2025-09-26 00:00:00,2025-09-29 08:00:00,High,Closed,Chat,Software Bug,A014,Kenneth Jones,80,No,5
T02419,2025-05-07 00:00:00,2025-05-08 15:00:00,High,Resolved,Phone,Software Bug,A023,Samantha Mata,39,No,3
T02420,2026-02-07 00:00:00,2026-02-07 10:00:00,Low,Closed,Phone,Access Request,A008,Amanda White,10,No,3
T02421,2025-05-22 00:00:00,2025-05-25 03:00:00,High,In Progress,Chat,Hardware Failure,A009,Robert Gonzalez,75,Yes,4
T02422,2025-09-27 00:00:00,2025-10-01 02:00:00,Medium,In Progress,Phone,Login Issue,A019,Melissa Brock,98,No,5
T02423,2025-09-14 00:00:00,2025-09-16 06:00:00,Critical,In Progress,Chat,Login Issue,A008,Deborah Willis,54,Yes,2
T02424,2025-02-23 00:00:00,2025-02-23 02:00:00,Critical,In Progress,Email,Network Issue,A004,Justin Moore,2,No,5
T02425,2026-01-25 00:00:00,2026-01-25 06:00:00,High,Resolved,Chat,Network Issue,A010,Carolyn Dudley,6,No,4
T02426,2025-07-09 00:00:00,2025-07-10 20:00:00,Medium,In Progress,Email,Network Issue,A001,Karen Lutz,44,Yes,4
T02427,2025-06-04 00:00:00,2025-06-05 12:00:00,Critical,Resolved,Portal,Login Issue,A005,Christina Krause,36,Yes,5
T02428,2025-10-18 00:00:00,2025-10-18 07:00:00,Medium,Resolved,Email,Network Issue,A025,Danielle Jones,7,Yes,1
T02429,2025-04-15 00:00:00,2025-04-18 22:00:00,High,Closed,Chat,Access Request,A023,Christine Lopez,94,No,4
T02430,2025-04-08 00:00:00,2025-04-09 19:00:00,High,Closed,Email,Access Request,A014,Stacy Green,43,Yes,5
T02431,2025-10-21 00:00:00,2025-10-24 07:00:00,Low,Resolved,Chat,Access Request,A010,Calvin Perry,79,Yes,2
T02432,2025-05-13 00:00:00,2025-05-16 18:00:00,Critical,Closed,Phone,Login Issue,A003,Emily Campbell,90,Yes,3
T02433,2025-10-05 00:00:00,2025-10-07 23:00:00,Low,In Progress,Chat,Network Issue,A007,David Delgado,71,No,3
T02434,2025-03-22 00:00:00,2025-03-27 00:00:00,Low,In Progress,Phone,Software Bug,A015,Brandy Wagner,120,No,2
T02435,2025-04-04 00:00:00,2025-04-05 10:00:00,Medium,Open,Email,Software Bug,A008,Spencer Haley,34,No,4
T02436,2026-01-01 00:00:00,2026-01-04 03:00:00,Critical,Open,Email,Access Request,A021,Joshua Baker,75,No,4
T02437,2025-12-30 00:00:00,2026-01-02 19:00:00,High,Closed,Email,Network Issue,A021,Samantha Lara,91,Yes,2
T02438,2025-11-28 00:00:00,2025-12-01 13:00:00,Critical,Resolved,Email,Hardware Failure,A009,Julie Cole,85,Yes,4
T02439,2025-01-20 00:00:00,2025-01-21 15:00:00,High,Open,Phone,Network Issue,A018,Karen Ryan,39,No,2
T02440,2025-01-25 00:00:00,2025-01-25 21:00:00,High,Closed,Portal,Software Bug,A006,Stacey Stone,21,No,2
T02441,2026-01-20 00:00:00,2026-01-21 20:00:00,Medium,In Progress,Phone,Access Request,A005,Sophia Jones,44,Yes,2
T02442,2025-01-05 00:00:00,2025-01-05 18:00:00,Medium,Resolved,Portal,Access Request,A004,Sandra Bishop,18,Yes,1
T02443,2025-04-15 00:00:00,2025-04-19 17:00:00,Medium,Open,Phone,Network Issue,A009,Matthew Munoz,113,No,1
T02444,2025-08-28 00:00:00,2025-08-30 09:00:00,Low,Closed,Portal,Software Bug,A001,Sean Mata,57,No,1
T02445,2026-03-15 00:00:00,2026-03-17 07:00:00,Critical,Resolved,Chat,Network Issue,A024,Jacob Bauer,55,Yes,2
T02446,2025-03-30 00:00:00,2025-03-31 12:00:00,Medium,Open,Email,Network Issue,A008,Shane Meyers,36,No,3
T02447,2026-02-22 00:00:00,2026-02-24 15:00:00,Medium,Open,Phone,Software Bug,A023,Allison Carroll,63,Yes,2
T02448,2025-01-24 00:00:00,2025-01-24 17:00:00,High,Closed,Email,Access Request,A024,Julia Smith,17,Yes,5
T02449,2025-02-16 00:00:00,2025-02-18 11:00:00,Medium,In Progress,Chat,Login Issue,A012,Tyler Simmons,59,Yes,2
T02450,2025-08-13 00:00:00,2025-08-17 09:00:00,High,Closed,Email,Hardware Failure,A021,Jesse Jenkins,105,No,4
T02451,2025-06-14 00:00:00,2025-06-18 10:00:00,Critical,Open,Phone,Software Bug,A002,Julian Santos,106,No,3
T02452,2025-07-04 00:00:00,2025-07-07 10:00:00,Medium,Closed,Phone,Hardware Failure,A021,Adam Neal,82,Yes,5
T02453,2025-06-23 00:00:00,2025-06-25 17:00:00,Medium,In Progress,Chat,Access Request,A002,Timothy Higgins,65,No,1
T02454,2025-07-17 00:00:00,2025-07-19 03:00:00,High,Resolved,Phone,Network Issue,A016,Natasha Dawson,51,Yes,5
T02455,2025-11-18 00:00:00,2025-11-19 01:00:00,Low,In Progress,Email,Network Issue,A003,Jeremiah Gregory,25,Yes,4
T02456,2025-01-25 00:00:00,2025-01-25 16:00:00,Critical,Open,Phone,Software Bug,A023,Jaime Wade,16,No,5
T02457,2026-02-18 00:00:00,2026-02-22 22:00:00,Low,Open,Portal,Login Issue,A016,Timothy Sherman,118,No,5
T02458,2025-12-22 00:00:00,2025-12-22 05:00:00,Medium,Resolved,Email,Access Request,A020,Mary Medina,5,No,2
T02459,2025-12-22 00:00:00,2025-12-23 22:00:00,High,Open,Portal,Login Issue,A006,Samantha Hill,46,Yes,2
T02460,2025-03-14 00:00:00,2025-03-18 20:00:00,Critical,Resolved,Phone,Network Issue,A018,Gary Sims,116,No,4
T02461,2025-04-04 00:00:00,2025-04-04 21:00:00,High,Resolved,Phone,Network Issue,A004,Ricky Edwards,21,No,1
T02462,2025-04-01 00:00:00,2025-04-03 01:00:00,High,Closed,Phone,Network Issue,A024,Kaylee Hawkins,49,Yes,3
T02463,2025-12-21 00:00:00,2025-12-23 22:00:00,Medium,Resolved,Chat,Software Bug,A015,Richard Alvarez,70,Yes,2
T02464,2025-06-06 00:00:00,2025-06-08 17:00:00,Critical,Resolved,Email,Software Bug,A015,Patricia Zavala,65,Yes,5
T02465,2026-02-16 00:00:00,2026-02-16 22:00:00,High,Closed,Chat,Login Issue,A020,Candice Bolton,22,No,1
T02466,2025-04-08 00:00:00,2025-04-12 05:00:00,Critical,Resolved,Phone,Hardware Failure,A014,Christian Bruce,101,Yes,4
T02467,2025-03-23 00:00:00,2025-03-27 17:00:00,High,Closed,Phone,Software Bug,A006,Thomas Gould,113,No,5
T02468,2025-09-12 00:00:00,2025-09-14 13:00:00,Medium,In Progress,Chat,Access Request,A005,John Burke,61,Yes,3
T02469,2025-08-03 00:00:00,2025-08-03 11:00:00,High,Open,Phone,Access Request,A005,Kelly Singleton,11,Yes,4
T02470,2025-12-01 00:00:00,2025-12-03 00:00:00,Medium,In Progress,Chat,Login Issue,A003,Jennifer Bowers,48,No,5
T02471,2026-03-19 00:00:00,2026-03-23 23:00:00,Medium,Open,Phone,Access Request,A011,Kevin Cardenas,119,No,4
T02472,2026-01-23 00:00:00,2026-01-26 14:00:00,Critical,In Progress,Portal,Network Issue,A015,Jonathan Greene,86,Yes,5
T02473,2025-11-27 00:00:00,2025-11-29 05:00:00,High,In Progress,Email,Hardware Failure,A013,Nicholas Schmitt,53,Yes,2
T02474,2025-06-21 00:00:00,2025-06-24 13:00:00,Low,Resolved,Email,Network Issue,A007,Karen Carney,85,Yes,3
T02475,2025-04-25 00:00:00,2025-04-28 12:00:00,Low,Open,Chat,Access Request,A018,Bobby Hernandez,84,Yes,5
T02476,2025-12-27 00:00:00,2025-12-31 14:00:00,Low,Open,Phone,Network Issue,A004,Sara Juarez,110,Yes,2
T02477,2026-02-05 00:00:00,2026-02-05 10:00:00,High,Open,Chat,Access Request,A005,Thomas Cook,10,No,3
T02478,2025-10-06 00:00:00,2025-10-08 06:00:00,Critical,Closed,Chat,Login Issue,A004,Raven Williams,54,Yes,5
T02479,2025-09-29 00:00:00,2025-09-30 18:00:00,Low,Closed,Chat,Software Bug,A025,Justin Garcia,42,Yes,3
T02480,2026-03-05 00:00:00,2026-03-09 12:00:00,Low,Closed,Phone,Access Request,A017,Stephanie Harmon,108,No,1
T02481,2025-08-15 00:00:00,2025-08-18 10:00:00,Critical,In Progress,Chat,Access Request,A011,Kimberly Williams,82,No,5
T02482,2025-11-23 00:00:00,2025-11-25 04:00:00,Critical,Resolved,Email,Access Request,A014,Mike Torres,52,Yes,3
T02483,2025-04-22 00:00:00,2025-04-23 14:00:00,Low,In Progress,Portal,Network Issue,A006,Dawn Mills,38,Yes,2
T02484,2025-04-09 00:00:00,2025-04-10 00:00:00,High,Open,Email,Software Bug,A006,Amy Brown,24,No,1
T02485,2025-09-30 00:00:00,2025-10-01 04:00:00,High,Closed,Email,Login Issue,A016,Steven Gonzalez,28,No,1
T02486,2025-03-20 00:00:00,2025-03-24 10:00:00,High,Open,Phone,Access Request,A023,Dennis Baird,106,Yes,4
T02487,2025-02-26 00:00:00,2025-03-01 23:00:00,Low,Open,Phone,Hardware Failure,A014,Jerry Mcintosh,95,No,5
T02488,2025-01-11 00:00:00,2025-01-14 23:00:00,Low,Open,Email,Software Bug,A007,Timothy Boyd,95,Yes,2
T02489,2025-10-04 00:00:00,2025-10-05 20:00:00,Critical,In Progress,Email,Login Issue,A011,John Coleman,44,Yes,2
T02490,2025-06-17 00:00:00,2025-06-21 08:00:00,High,In Progress,Phone,Access Request,A023,Marc Ruiz,104,Yes,2
T02491,2025-07-01 00:00:00,2025-07-03 23:00:00,Critical,In Progress,Email,Login Issue,A015,April Russell,71,No,2
T02492,2025-10-01 00:00:00,2025-10-04 18:00:00,Medium,Closed,Portal,Network Issue,A008,Johnny Hunt,90,Yes,4
T02493,2026-03-09 00:00:00,2026-03-12 00:00:00,Critical,In Progress,Phone,Hardware Failure,A014,Miss Rachel Reed,72,Yes,2
T02494,2025-09-16 00:00:00,2025-09-17 20:00:00,Critical,In Progress,Portal,Hardware Failure,A004,John Hubbard,44,Yes,1
T02495,2025-08-11 00:00:00,2025-08-13 23:00:00,Low,Open,Email,Network Issue,A005,Jacob Brown,71,Yes,3
T02496,2025-04-13 00:00:00,2025-04-17 20:00:00,Medium,Open,Phone,Software Bug,A006,David Coleman,116,No,2
T02497,2026-01-13 00:00:00,2026-01-16 05:00:00,Critical,Resolved,Email,Hardware Failure,A016,Jennifer Montgomery,77,No,1
T02498,2025-07-17 00:00:00,2025-07-17 13:00:00,Critical,Resolved,Phone,Login Issue,A021,Erica Ferguson,13,Yes,1
T02499,2026-03-15 00:00:00,2026-03-18 12:00:00,Medium,Open,Phone,Hardware Failure,A020,Joanna Johnson,84,No,3
T02500,2025-07-29 00:00:00,2025-07-29 15:00:00,Low,Resolved,Portal,Access Request,A018,Alison King,15,Yes,4
T02501,2025-10-05 00:00:00,2025-10-08 17:00:00,High,Closed,Phone,Login Issue,A023,Zachary Matthews,89,Yes,3
T02502,2025-12-26 00:00:00,2025-12-28 03:00:00,High,Closed,Portal,Network Issue,A020,Brent Smith,51,No,4
T02503,2025-10-22 00:00:00,2025-10-26 11:00:00,Medium,Resolved,Portal,Network Issue,A010,Angela Hartman,107,Yes,1
T02504,2025-06-25 00:00:00,2025-06-26 18:00:00,High,Closed,Email,Hardware Failure,A024,Jessica Carpenter,42,No,2
T02505,2025-03-11 00:00:00,2025-03-14 03:00:00,Low,Closed,Chat,Hardware Failure,A005,Gloria Paul,75,No,5
T02506,2025-08-05 00:00:00,2025-08-08 04:00:00,Low,Closed,Portal,Hardware Failure,A001,Shirley Harper,76,Yes,3
T02507,2025-10-11 00:00:00,2025-10-15 05:00:00,Critical,Resolved,Portal,Software Bug,A018,Ann Jordan,101,No,5
T02508,2025-12-18 00:00:00,2025-12-21 08:00:00,High,Closed,Chat,Login Issue,A017,Jonathan Johnson,80,Yes,5
T02509,2026-02-15 00:00:00,2026-02-18 06:00:00,High,Open,Portal,Hardware Failure,A008,Gary Rogers,78,No,5
T02510,2026-03-06 00:00:00,2026-03-08 11:00:00,High,In Progress,Portal,Access Request,A018,Kelly Lopez,59,Yes,5
T02511,2025-07-14 00:00:00,2025-07-15 14:00:00,Low,Resolved,Chat,Software Bug,A001,Jerry Johnson,38,Yes,5
T02512,2025-12-06 00:00:00,2025-12-09 10:00:00,Critical,Open,Chat,Network Issue,A004,Katherine Chung,82,Yes,5
T02513,2025-03-25 00:00:00,2025-03-27 04:00:00,Critical,Open,Portal,Hardware Failure,A010,Kayla Moses,52,Yes,2
T02514,2025-01-10 00:00:00,2025-01-14 12:00:00,Medium,Resolved,Chat,Software Bug,A017,Julie James,108,Yes,5
T02515,2026-01-30 00:00:00,2026-01-31 05:00:00,Medium,Open,Chat,Hardware Failure,A010,Emily Kidd,29,Yes,1
T02516,2025-11-13 00:00:00,2025-11-16 05:00:00,High,Open,Chat,Hardware Failure,A008,Phillip Johnson,77,Yes,4
T02517,2025-03-18 00:00:00,2025-03-22 23:00:00,High,Open,Email,Login Issue,A007,Jamie Taylor,119,Yes,4
T02518,2025-12-14 00:00:00,2025-12-15 21:00:00,Critical,Open,Chat,Network Issue,A001,Caroline Marshall,45,No,4
T02519,2025-07-18 00:00:00,2025-07-19 14:00:00,High,In Progress,Portal,Access Request,A022,Howard Oconnor,38,No,1
T02520,2025-08-10 00:00:00,2025-08-12 10:00:00,Low,Closed,Email,Login Issue,A017,Edward Sanchez,58,No,5
T02521,2025-03-24 00:00:00,2025-03-26 06:00:00,Low,Open,Phone,Hardware Failure,A012,Elizabeth Campos,54,Yes,1
T02522,2025-01-25 00:00:00,2025-01-26 06:00:00,High,Resolved,Chat,Network Issue,A020,Brandi Kaufman,30,Yes,3
T02523,2025-07-21 00:00:00,2025-07-23 14:00:00,High,Closed,Portal,Software Bug,A006,Alexandria Davila,62,No,3
T02524,2025-01-20 00:00:00,2025-01-22 01:00:00,Medium,Open,Chat,Software Bug,A020,Julian Rogers,49,No,2
T02525,2026-03-23 00:00:00,2026-03-25 14:00:00,High,Closed,Phone,Network Issue,A006,Thomas Huffman,62,Yes,2
T02526,2025-11-08 00:00:00,2025-11-08 02:00:00,Medium,In Progress,Chat,Hardware Failure,A001,Thomas Adams,2,No,3
T02527,2025-09-13 00:00:00,2025-09-14 16:00:00,Critical,Resolved,Chat,Software Bug,A012,Joseph Brown,40,Yes,4
T02528,2025-11-04 00:00:00,2025-11-06 08:00:00,Medium,Open,Phone,Access Request,A008,Mr. Matthew Salazar,56,No,3
T02529,2025-01-04 00:00:00,2025-01-06 15:00:00,Medium,Resolved,Chat,Software Bug,A007,Joshua Hernandez,63,Yes,1
T02530,2025-03-27 00:00:00,2025-03-30 18:00:00,Low,Open,Phone,Hardware Failure,A005,Tamara Romero,90,Yes,5
T02531,2025-02-16 00:00:00,2025-02-21 00:00:00,Critical,In Progress,Phone,Hardware Failure,A016,Calvin Gonzalez,120,Yes,1
T02532,2025-08-06 00:00:00,2025-08-10 03:00:00,Medium,Resolved,Chat,Software Bug,A018,Catherine Mitchell,99,No,3
T02533,2025-03-29 00:00:00,2025-03-30 00:00:00,High,In Progress,Chat,Network Issue,A023,John Berg,24,No,5
T02534,2025-02-21 00:00:00,2025-02-23 04:00:00,High,Closed,Chat,Access Request,A003,William Adams,52,No,1
T02535,2025-02-04 00:00:00,2025-02-04 08:00:00,Low,Open,Chat,Software Bug,A020,Ashley Marshall,8,Yes,3
T02536,2025-05-13 00:00:00,2025-05-15 10:00:00,High,Resolved,Portal,Network Issue,A025,Angel Rojas,58,No,4
T02537,2025-11-23 00:00:00,2025-11-24 04:00:00,Medium,Resolved,Portal,Access Request,A024,Amy Wall,28,No,3
T02538,2025-02-27 00:00:00,2025-03-03 11:00:00,Low,Resolved,Chat,Access Request,A015,Jordan Elliott,107,Yes,4
T02539,2025-05-14 00:00:00,2025-05-15 14:00:00,Medium,Open,Chat,Network Issue,A016,Richard Elliott,38,Yes,5
T02540,2025-04-24 00:00:00,2025-04-25 01:00:00,Medium,Closed,Email,Login Issue,A023,Laura Holloway,25,Yes,1
T02541,2025-05-03 00:00:00,2025-05-07 10:00:00,Medium,Closed,Email,Access Request,A016,Jill Pope,106,Yes,5
T02542,2026-02-20 00:00:00,2026-02-24 21:00:00,Low,Resolved,Phone,Hardware Failure,A018,Carl Griffin,117,No,5
T02543,2025-04-11 00:00:00,2025-04-11 02:00:00,Critical,In Progress,Chat,Login Issue,A011,Jamie Palmer,2,Yes,3
T02544,2025-03-04 00:00:00,2025-03-06 09:00:00,Critical,Resolved,Phone,Software Bug,A024,David Wagner,57,Yes,3
T02545,2025-09-05 00:00:00,2025-09-09 08:00:00,Low,Open,Email,Software Bug,A014,Robert Rodriguez,104,No,5
T02546,2025-04-07 00:00:00,2025-04-08 14:00:00,Critical,Closed,Email,Hardware Failure,A015,Paige Phillips,38,No,3
T02547,2025-03-25 00:00:00,2025-03-28 04:00:00,Low,Resolved,Phone,Network Issue,A013,Nicholas Adkins,76,Yes,4
T02548,2025-10-28 00:00:00,2025-10-31 06:00:00,High,Closed,Portal,Software Bug,A011,John Morgan,78,Yes,5
T02549,2025-11-09 00:00:00,2025-11-12 04:00:00,Low,Open,Email,Login Issue,A018,Chelsey Barr,76,No,5
T02550,2025-09-03 00:00:00,2025-09-04 06:00:00,Low,In Progress,Chat,Network Issue,A004,Ashley Acosta,30,Yes,5
T02551,2025-10-04 00:00:00,2025-10-07 05:00:00,High,Resolved,Phone,Software Bug,A013,Rachel Sloan,77,No,4
T02552,2026-01-12 00:00:00,2026-01-14 18:00:00,High,Closed,Chat,Hardware Failure,A006,Mark Payne,66,No,5
T02553,2026-02-26 00:00:00,2026-03-02 04:00:00,High,Resolved,Phone,Access Request,A024,Mrs. Bethany Shaw,100,Yes,4
T02554,2026-03-08 00:00:00,2026-03-11 04:00:00,Medium,In Progress,Email,Hardware Failure,A024,Andrea Lane,76,No,1
T02555,2026-01-10 00:00:00,2026-01-12 21:00:00,Low,In Progress,Chat,Access Request,A018,Christina Crawford,69,Yes,5
T02556,2025-11-24 00:00:00,2025-11-27 06:00:00,Low,Closed,Email,Software Bug,A025,Kelly White,78,No,4
T02557,2025-05-15 00:00:00,2025-05-19 23:00:00,Low,Resolved,Phone,Hardware Failure,A016,Daisy Fletcher,119,Yes,3
T02558,2025-09-25 00:00:00,2025-09-27 03:00:00,Low,Open,Phone,Network Issue,A021,Miguel Hester,51,Yes,5
T02559,2025-04-18 00:00:00,2025-04-20 20:00:00,High,Closed,Email,Login Issue,A019,Kaitlyn Smith,68,Yes,5
T02560,2025-11-09 00:00:00,2025-11-11 15:00:00,Low,Resolved,Chat,Access Request,A001,Kristen Porter,63,Yes,5
T02561,2026-01-13 00:00:00,2026-01-17 06:00:00,Medium,Open,Portal,Hardware Failure,A019,Nicole Stewart,102,Yes,5
T02562,2025-07-09 00:00:00,2025-07-10 17:00:00,Critical,Closed,Phone,Network Issue,A012,Terri Hernandez,41,Yes,2
T02563,2025-11-18 00:00:00,2025-11-22 11:00:00,Low,Closed,Email,Software Bug,A007,Julie Owens,107,Yes,3
T02564,2025-12-11 00:00:00,2025-12-13 03:00:00,Low,Open,Phone,Access Request,A003,Morgan Torres,51,Yes,1
T02565,2025-05-08 00:00:00,2025-05-12 14:00:00,Medium,Closed,Chat,Network Issue,A021,Kari Everett,110,No,5
T02566,2025-06-28 00:00:00,2025-06-28 16:00:00,Critical,Open,Email,Access Request,A011,Emily Strong,16,Yes,2
T02567,2026-03-15 00:00:00,2026-03-17 17:00:00,Low,Resolved,Chat,Login Issue,A005,Rachel Cochran,65,No,1
T02568,2025-04-19 00:00:00,2025-04-22 20:00:00,Medium,Closed,Email,Software Bug,A023,Mr. Brent White DDS,92,No,4
T02569,2025-04-16 00:00:00,2025-04-18 01:00:00,Medium,Closed,Email,Network Issue,A023,Angel Porter,49,No,4
T02570,2025-09-18 00:00:00,2025-09-21 21:00:00,Critical,In Progress,Phone,Software Bug,A008,Suzanne West,93,Yes,5
T02571,2025-12-27 00:00:00,2025-12-27 01:00:00,High,Closed,Email,Software Bug,A021,William Allen,1,No,3
T02572,2025-08-19 00:00:00,2025-08-22 14:00:00,Low,Resolved,Portal,Hardware Failure,A008,Sylvia Thompson,86,No,2
T02573,2025-10-18 00:00:00,2025-10-19 00:00:00,High,Open,Email,Hardware Failure,A010,John Hunt,24,Yes,3
T02574,2025-07-21 00:00:00,2025-07-24 15:00:00,Low,In Progress,Phone,Hardware Failure,A016,Daniel Moore,87,Yes,5
T02575,2025-08-22 00:00:00,2025-08-22 04:00:00,Critical,Closed,Portal,Login Issue,A011,Donna Wilson,4,Yes,2
T02576,2025-06-01 00:00:00,2025-06-01 23:00:00,Low,Closed,Chat,Software Bug,A003,Mary Watkins,23,No,5
T02577,2025-02-09 00:00:00,2025-02-09 05:00:00,Critical,Resolved,Phone,Software Bug,A018,Blake Williams,5,No,1
T02578,2025-07-29 00:00:00,2025-08-02 11:00:00,Low,Resolved,Email,Login Issue,A007,Robin Fields,107,Yes,3
T02579,2025-03-11 00:00:00,2025-03-13 15:00:00,Low,Resolved,Phone,Hardware Failure,A014,Patrick Ramirez,63,Yes,2
T02580,2025-08-05 00:00:00,2025-08-05 18:00:00,Low,Resolved,Chat,Software Bug,A015,Linda Novak,18,Yes,5
T02581,2025-09-28 00:00:00,2025-10-02 01:00:00,Medium,Resolved,Phone,Login Issue,A019,Alison Keller,97,No,5
T02582,2025-10-22 00:00:00,2025-10-26 07:00:00,Critical,Closed,Portal,Software Bug,A023,Eric Clark,103,Yes,1
T02583,2025-10-19 00:00:00,2025-10-19 23:00:00,High,Closed,Chat,Software Bug,A025,Brian Harris,23,No,2
T02584,2025-02-27 00:00:00,2025-03-03 14:00:00,High,Closed,Phone,Hardware Failure,A004,Daniel Hobbs,110,No,2
T02585,2025-05-17 00:00:00,2025-05-21 18:00:00,Low,Closed,Email,Login Issue,A025,Jeanette Peterson,114,No,2
T02586,2026-03-06 00:00:00,2026-03-10 11:00:00,Low,In Progress,Chat,Network Issue,A019,Linda Shea,107,Yes,3
T02587,2025-09-17 00:00:00,2025-09-19 16:00:00,Critical,Closed,Chat,Access Request,A008,Veronica Young,64,Yes,2
T02588,2025-04-20 00:00:00,2025-04-22 04:00:00,Critical,Closed,Email,Software Bug,A004,Jeremy Aguilar,52,Yes,3
T02589,2026-01-03 00:00:00,2026-01-03 02:00:00,Low,Open,Chat,Network Issue,A017,Joshua Ford,2,No,5
T02590,2025-01-12 00:00:00,2025-01-13 00:00:00,Medium,Closed,Phone,Software Bug,A009,Bianca Miller,24,Yes,5
T02591,2025-01-21 00:00:00,2025-01-25 23:00:00,Low,In Progress,Phone,Login Issue,A020,Roy Solomon,119,Yes,3
T02592,2026-01-06 00:00:00,2026-01-09 12:00:00,Critical,Closed,Phone,Login Issue,A009,Crystal Booth,84,No,3
T02593,2025-02-03 00:00:00,2025-02-03 03:00:00,Critical,Resolved,Email,Access Request,A007,Kenneth Peterson,3,Yes,1
T02594,2025-05-19 00:00:00,2025-05-21 00:00:00,Low,Open,Portal,Access Request,A010,Jerry Brown,48,Yes,2
T02595,2025-11-21 00:00:00,2025-11-25 23:00:00,Medium,Resolved,Portal,Login Issue,A019,Ms. Shannon Mcbride MD,119,No,2
T02596,2025-03-19 00:00:00,2025-03-23 00:00:00,High,Closed,Phone,Network Issue,A006,Taylor Schroeder,96,No,4
T02597,2025-02-10 00:00:00,2025-02-12 16:00:00,Medium,In Progress,Chat,Login Issue,A009,Samantha Lewis,64,Yes,3
T02598,2025-03-30 00:00:00,2025-04-01 06:00:00,Low,Open,Email,Network Issue,A010,Frank Gonzalez,54,No,1
T02599,2025-09-27 00:00:00,2025-09-29 08:00:00,Critical,In Progress,Email,Hardware Failure,A001,Christopher Mason,56,Yes,1
T02600,2025-10-07 00:00:00,2025-10-09 04:00:00,Medium,Open,Phone,Login Issue,A002,April Stewart,52,No,4
T02601,2026-02-04 00:00:00,2026-02-08 06:00:00,Critical,Closed,Phone,Login Issue,A019,Luis Krueger,102,No,2
T02602,2025-04-11 00:00:00,2025-04-13 05:00:00,Low,Open,Chat,Hardware Failure,A016,Brittany Jones,53,No,5
T02603,2025-01-16 00:00:00,2025-01-16 08:00:00,Critical,In Progress,Phone,Software Bug,A019,Andrew Ford,8,Yes,1
T02604,2025-01-14 00:00:00,2025-01-18 07:00:00,Medium,Closed,Email,Network Issue,A025,Christopher Everett,103,Yes,4
T02605,2025-12-02 00:00:00,2025-12-04 10:00:00,Medium,Open,Email,Network Issue,A018,Robert Benton,58,No,2
T02606,2025-10-17 00:00:00,2025-10-17 06:00:00,Critical,Open,Portal,Hardware Failure,A005,David Campbell,6,Yes,5
T02607,2025-03-03 00:00:00,2025-03-03 04:00:00,High,Resolved,Portal,Login Issue,A016,Michael Taylor,4,Yes,3
T02608,2025-10-19 00:00:00,2025-10-19 22:00:00,Low,Closed,Email,Hardware Failure,A009,Gabrielle Parker,22,No,5
T02609,2025-05-06 00:00:00,2025-05-08 05:00:00,Medium,In Progress,Chat,Software Bug,A005,Emily Smith,53,Yes,1
T02610,2025-07-04 00:00:00,2025-07-04 19:00:00,Critical,Open,Phone,Software Bug,A006,Cathy Terry,19,Yes,1
T02611,2025-10-28 00:00:00,2025-10-29 11:00:00,Medium,Open,Chat,Software Bug,A024,Frank Chang,35,No,1
T02612,2026-02-13 00:00:00,2026-02-17 12:00:00,Medium,Closed,Email,Network Issue,A022,Kirk Callahan,108,Yes,4
T02613,2025-08-04 00:00:00,2025-08-07 11:00:00,High,Open,Phone,Network Issue,A016,Patrick Booth,83,No,3
T02614,2025-02-10 00:00:00,2025-02-13 12:00:00,High,Open,Phone,Software Bug,A012,William Martin,84,No,4
T02615,2025-10-27 00:00:00,2025-10-29 22:00:00,Low,Closed,Email,Network Issue,A004,George Johnson,70,Yes,3
T02616,2025-10-22 00:00:00,2025-10-25 14:00:00,High,Open,Phone,Hardware Failure,A018,Scott Moody,86,No,1
T02617,2026-01-23 00:00:00,2026-01-26 18:00:00,Critical,Resolved,Portal,Access Request,A014,Bryce Long,90,No,3
T02618,2025-03-06 00:00:00,2025-03-07 04:00:00,Critical,Open,Email,Access Request,A017,Jo Lee,28,No,4
T02619,2025-06-09 00:00:00,2025-06-11 11:00:00,Low,In Progress,Portal,Access Request,A003,Brittney Sweeney,59,Yes,3
T02620,2025-10-20 00:00:00,2025-10-20 05:00:00,High,In Progress,Email,Hardware Failure,A010,Kathleen Williams,5,Yes,4
T02621,2025-01-26 00:00:00,2025-01-28 04:00:00,Medium,Closed,Phone,Network Issue,A011,Luke Cantrell,52,Yes,5
T02622,2025-05-23 00:00:00,2025-05-25 22:00:00,Critical,Resolved,Portal,Login Issue,A017,Brandi Anderson,70,Yes,3
T02623,2025-03-02 00:00:00,2025-03-03 05:00:00,Critical,Resolved,Chat,Hardware Failure,A006,Allison Cochran,29,Yes,5
T02624,2026-01-01 00:00:00,2026-01-05 14:00:00,Medium,Open,Phone,Network Issue,A024,Brenda Smith,110,No,1
T02625,2025-12-18 00:00:00,2025-12-22 00:00:00,Low,Resolved,Chat,Login Issue,A007,Ronald Allen,96,Yes,2
T02626,2025-01-02 00:00:00,2025-01-02 08:00:00,Low,Closed,Phone,Software Bug,A024,Janet Marshall,8,No,1
T02627,2025-08-21 00:00:00,2025-08-22 07:00:00,Low,Open,Email,Access Request,A017,Pamela Conley,31,Yes,5
T02628,2025-03-04 00:00:00,2025-03-05 09:00:00,Critical,Open,Email,Access Request,A003,Cassandra Higgins,33,No,1
T02629,2025-10-18 00:00:00,2025-10-22 01:00:00,Medium,In Progress,Portal,Network Issue,A015,Trevor Bender,97,No,2
T02630,2026-01-14 00:00:00,2026-01-17 20:00:00,Low,Closed,Email,Access Request,A024,Lori Fox,92,No,5
T02631,2025-06-03 00:00:00,2025-06-05 22:00:00,Critical,Closed,Chat,Hardware Failure,A008,Briana Reynolds,70,Yes,1
T02632,2025-01-26 00:00:00,2025-01-26 03:00:00,High,In Progress,Phone,Hardware Failure,A004,Joseph Davis,3,Yes,5
T02633,2026-01-06 00:00:00,2026-01-10 11:00:00,Critical,Open,Email,Access Request,A003,Shelby Chandler,107,No,2
T02634,2025-02-17 00:00:00,2025-02-20 13:00:00,High,Resolved,Chat,Access Request,A005,Amanda Hess,85,No,5
T02635,2025-03-18 00:00:00,2025-03-18 03:00:00,High,Open,Email,Software Bug,A007,Joshua Allen,3,No,2
T02636,2026-01-26 00:00:00,2026-01-27 07:00:00,Critical,Closed,Email,Hardware Failure,A011,Stacy Freeman,31,No,3
T02637,2025-10-22 00:00:00,2025-10-25 06:00:00,High,Resolved,Chat,Hardware Failure,A014,Derek Baker,78,No,5
T02638,2025-03-17 00:00:00,2025-03-20 20:00:00,Low,Open,Phone,Software Bug,A021,Juan Soto,92,Yes,1
T02639,2026-02-19 00:00:00,2026-02-19 18:00:00,Low,In Progress,Phone,Network Issue,A017,Gloria Yates,18,No,5
T02640,2025-11-02 00:00:00,2025-11-06 23:00:00,Low,In Progress,Portal,Network Issue,A002,Gerald Wyatt,119,No,3
T02641,2025-09-14 00:00:00,2025-09-18 18:00:00,Critical,Resolved,Chat,Network Issue,A015,Amy Hayes,114,Yes,1
T02642,2026-02-09 00:00:00,2026-02-13 21:00:00,Medium,Closed,Chat,Network Issue,A008,Jasmine Kelley,117,No,3
T02643,2025-08-21 00:00:00,2025-08-21 03:00:00,High,Open,Phone,Access Request,A004,Shannon Macdonald,3,Yes,1
T02644,2025-10-10 00:00:00,2025-10-13 18:00:00,Low,Open,Portal,Login Issue,A021,Nathan Decker,90,Yes,3
T02645,2026-02-07 00:00:00,2026-02-10 09:00:00,High,Open,Chat,Hardware Failure,A004,Troy Parks,81,Yes,3
T02646,2025-02-01 00:00:00,2025-02-03 12:00:00,Medium,In Progress,Email,Software Bug,A014,Jason Smith,60,No,5
T02647,2025-01-13 00:00:00,2025-01-13 07:00:00,Medium,In Progress,Phone,Hardware Failure,A003,Danielle Ayala,7,Yes,1
T02648,2025-02-15 00:00:00,2025-02-18 21:00:00,Medium,In Progress,Portal,Login Issue,A012,Kayla Browning,93,Yes,2
T02649,2025-03-06 00:00:00,2025-03-06 04:00:00,High,Open,Portal,Hardware Failure,A014,Breanna Wilson,4,No,3
T02650,2025-04-25 00:00:00,2025-04-29 09:00:00,High,Closed,Email,Software Bug,A021,Jose Jackson,105,Yes,3
T02651,2025-03-15 00:00:00,2025-03-17 09:00:00,Medium,Resolved,Portal,Login Issue,A004,Brenda Hayes,57,Yes,4
T02652,2025-06-20 00:00:00,2025-06-21 07:00:00,High,Closed,Phone,Software Bug,A016,Madison Stewart,31,Yes,1
T02653,2025-05-13 00:00:00,2025-05-14 07:00:00,Critical,Open,Portal,Hardware Failure,A018,Victoria Rios,31,Yes,3
T02654,2025-03-25 00:00:00,2025-03-26 17:00:00,Medium,Closed,Phone,Hardware Failure,A015,Angela Flowers,41,Yes,1
T02655,2025-09-18 00:00:00,2025-09-20 03:00:00,Critical,Resolved,Portal,Network Issue,A005,John Goodman,51,No,4
T02656,2025-02-09 00:00:00,2025-02-13 23:00:00,Critical,Closed,Portal,Access Request,A009,Richard Hall,119,No,5
T02657,2025-08-31 00:00:00,2025-09-02 12:00:00,Medium,Open,Phone,Software Bug,A001,Jessica Briggs,60,Yes,1
T02658,2025-07-31 00:00:00,2025-08-05 00:00:00,High,Closed,Chat,Network Issue,A005,Melinda Simmons,120,Yes,1
T02659,2025-06-10 00:00:00,2025-06-14 15:00:00,Medium,Resolved,Email,Software Bug,A024,David Tyler,111,No,3
T02660,2026-03-26 00:00:00,2026-03-29 23:00:00,Medium,Open,Phone,Login Issue,A011,Sara Donovan,95,No,4
T02661,2026-03-08 00:00:00,2026-03-09 09:00:00,High,In Progress,Chat,Software Bug,A019,William Weber,33,Yes,5
T02662,2025-01-09 00:00:00,2025-01-11 04:00:00,High,Open,Email,Login Issue,A022,Timothy Ramirez,52,No,3
T02663,2026-02-01 00:00:00,2026-02-02 02:00:00,Low,In Progress,Portal,Network Issue,A001,Austin Porter,26,No,5
T02664,2025-04-30 00:00:00,2025-05-01 16:00:00,High,Resolved,Phone,Login Issue,A017,Susan Hansen,40,No,2
T02665,2025-10-28 00:00:00,2025-11-01 07:00:00,Low,Closed,Portal,Software Bug,A025,Elizabeth Lopez,103,Yes,4
T02666,2025-06-27 00:00:00,2025-07-01 13:00:00,Low,Open,Phone,Login Issue,A006,Gregory Massey,109,No,1
T02667,2025-06-09 00:00:00,2025-06-10 02:00:00,Low,In Progress,Phone,Login Issue,A004,Amy Perez,26,No,3
T02668,2025-01-27 00:00:00,2025-01-28 16:00:00,Critical,Open,Phone,Hardware Failure,A005,Kristy Reynolds,40,Yes,5
T02669,2026-01-01 00:00:00,2026-01-04 22:00:00,Critical,Open,Email,Network Issue,A006,Jonathan Krueger,94,Yes,5
T02670,2025-12-24 00:00:00,2025-12-25 02:00:00,Critical,Open,Email,Login Issue,A009,Annette Wright,26,Yes,1
T02671,2025-01-07 00:00:00,2025-01-08 03:00:00,Critical,Open,Phone,Login Issue,A025,Robert Fitzpatrick,27,No,3
T02672,2026-01-18 00:00:00,2026-01-18 13:00:00,Critical,Closed,Email,Login Issue,A021,David Potts,13,No,5
T02673,2025-03-21 00:00:00,2025-03-25 02:00:00,Low,Resolved,Email,Access Request,A021,Rachel Joseph,98,No,3
T02674,2026-03-09 00:00:00,2026-03-12 10:00:00,High,Resolved,Email,Login Issue,A003,Seth Ali,82,Yes,4
T02675,2025-08-13 00:00:00,2025-08-14 20:00:00,High,In Progress,Email,Login Issue,A016,Jeffrey Esparza,44,Yes,2
T02676,2025-10-13 00:00:00,2025-10-15 20:00:00,Low,Closed,Phone,Hardware Failure,A020,Anita Carter,68,Yes,4
T02677,2026-01-02 00:00:00,2026-01-03 06:00:00,Low,Closed,Email,Hardware Failure,A001,Douglas Burke,30,Yes,4
T02678,2026-02-03 00:00:00,2026-02-06 07:00:00,Medium,In Progress,Phone,Access Request,A025,Ronald Matthews,79,No,4
T02679,2025-05-09 00:00:00,2025-05-11 14:00:00,Low,In Progress,Portal,Software Bug,A008,Lisa Bailey,62,Yes,4
T02680,2025-08-18 00:00:00,2025-08-22 17:00:00,Low,Open,Phone,Software Bug,A018,Kaylee Davidson,113,Yes,4
T02681,2025-12-11 00:00:00,2025-12-14 21:00:00,High,Resolved,Portal,Access Request,A002,Lisa Williams,93,Yes,5
T02682,2025-03-28 00:00:00,2025-03-31 12:00:00,High,In Progress,Phone,Network Issue,A013,Monica Phillips,84,Yes,3
T02683,2025-03-25 00:00:00,2025-03-29 10:00:00,Critical,Open,Portal,Access Request,A022,Susan Horton,106,No,1
T02684,2025-10-10 00:00:00,2025-10-11 22:00:00,High,Closed,Portal,Login Issue,A013,Crystal Gutierrez,46,No,4
T02685,2025-12-16 00:00:00,2025-12-19 16:00:00,Low,Closed,Email,Network Issue,A019,Becky Richardson,88,No,3
T02686,2025-12-23 00:00:00,2025-12-27 00:00:00,Low,Resolved,Email,Login Issue,A014,Richard Norton,96,No,2
T02687,2026-02-26 00:00:00,2026-02-26 19:00:00,Low,Open,Portal,Login Issue,A007,Brandy Lyons,19,Yes,4
T02688,2025-07-06 00:00:00,2025-07-06 06:00:00,High,In Progress,Chat,Network Issue,A023,Amanda Griffin,6,Yes,5
T02689,2025-11-14 00:00:00,2025-11-16 21:00:00,Medium,Resolved,Chat,Access Request,A003,Kelly Miller,69,Yes,2
T02690,2025-01-13 00:00:00,2025-01-13 02:00:00,Low,Closed,Email,Login Issue,A011,Timothy Fox,2,Yes,3
T02691,2025-01-24 00:00:00,2025-01-24 19:00:00,High,Open,Portal,Hardware Failure,A024,Melissa Phillips,19,No,1
T02692,2026-01-26 00:00:00,2026-01-30 08:00:00,Critical,Resolved,Portal,Network Issue,A008,Jacob Johnson,104,No,5
T02693,2025-04-30 00:00:00,2025-05-01 16:00:00,Low,Open,Email,Software Bug,A001,Dwayne Collier,40,Yes,5
T02694,2026-03-27 00:00:00,2026-03-31 02:00:00,Critical,Closed,Chat,Network Issue,A016,Cindy Holden,98,No,3
T02695,2026-03-15 00:00:00,2026-03-15 16:00:00,Critical,In Progress,Chat,Software Bug,A024,Christopher Warren,16,Yes,3
T02696,2025-03-12 00:00:00,2025-03-14 22:00:00,Critical,Closed,Chat,Login Issue,A005,Cathy Dunn,70,Yes,1
T02697,2025-10-31 00:00:00,2025-11-02 00:00:00,Critical,Open,Chat,Software Bug,A009,Jonathan Jackson,48,Yes,5
T02698,2025-07-12 00:00:00,2025-07-16 14:00:00,Critical,In Progress,Phone,Hardware Failure,A001,Peter Baker,110,Yes,1
T02699,2025-06-01 00:00:00,2025-06-05 05:00:00,Critical,Resolved,Chat,Hardware Failure,A025,Taylor Austin,101,No,3
T02700,2025-08-28 00:00:00,2025-08-28 19:00:00,High,Open,Portal,Login Issue,A001,Bruce Miller,19,No,1
T02701,2025-04-15 00:00:00,2025-04-15 08:00:00,Critical,Open,Chat,Hardware Failure,A009,Jennifer Cook,8,No,5
T02702,2025-09-30 00:00:00,2025-10-03 11:00:00,Critical,Open,Phone,Login Issue,A016,Stephanie Castillo,83,No,2
T02703,2025-06-07 00:00:00,2025-06-08 06:00:00,Low,In Progress,Portal,Software Bug,A003,Ann Kelly,30,No,5
T02704,2025-09-15 00:00:00,2025-09-19 13:00:00,Critical,In Progress,Portal,Login Issue,A006,Eduardo Nelson,109,Yes,3
T02705,2025-06-20 00:00:00,2025-06-21 10:00:00,Critical,In Progress,Portal,Network Issue,A018,David Thompson,34,No,4
T02706,2025-01-24 00:00:00,2025-01-26 10:00:00,Critical,Resolved,Phone,Login Issue,A015,Amanda Manning,58,No,4
T02707,2025-12-16 00:00:00,2025-12-17 03:00:00,Critical,Open,Phone,Software Bug,A007,Diane Jarvis,27,No,2
T02708,2025-09-01 00:00:00,2025-09-03 06:00:00,High,In Progress,Phone,Access Request,A014,Justin Robinson,54,No,2
T02709,2025-11-07 00:00:00,2025-11-07 07:00:00,Low,Resolved,Portal,Access Request,A022,Kathleen Pierce,7,Yes,4
T02710,2025-04-01 00:00:00,2025-04-01 08:00:00,High,In Progress,Chat,Login Issue,A012,Shaun King,8,Yes,3
T02711,2025-12-18 00:00:00,2025-12-20 20:00:00,Medium,Closed,Phone,Access Request,A014,Jessica Jackson,68,Yes,5
T02712,2025-06-17 00:00:00,2025-06-20 05:00:00,Critical,Resolved,Email,Software Bug,A007,Jose Powell,77,No,4
T02713,2025-07-30 00:00:00,2025-08-01 10:00:00,Critical,Closed,Portal,Software Bug,A012,Sherry Cook,58,No,1
T02714,2025-03-23 00:00:00,2025-03-25 08:00:00,Low,In Progress,Chat,Network Issue,A006,Cindy Cox,56,No,1
T02715,2025-04-18 00:00:00,2025-04-22 15:00:00,Medium,Closed,Phone,Network Issue,A002,Heather Cook,111,Yes,4
T02716,2025-03-31 00:00:00,2025-04-03 11:00:00,Critical,Open,Email,Login Issue,A015,Manuel Carney,83,No,2
T02717,2025-11-30 00:00:00,2025-12-04 18:00:00,Critical,Open,Portal,Login Issue,A014,Gregory Rogers,114,Yes,4
T02718,2025-01-30 00:00:00,2025-02-03 04:00:00,Medium,Resolved,Email,Software Bug,A009,Jamie Singleton,100,No,3
T02719,2025-10-23 00:00:00,2025-10-25 23:00:00,Low,Resolved,Phone,Login Issue,A014,Kelli Miles,71,Yes,2
T02720,2025-04-17 00:00:00,2025-04-20 03:00:00,Medium,Open,Phone,Hardware Failure,A019,Henry Austin,75,Yes,2
T02721,2025-02-18 00:00:00,2025-02-22 18:00:00,Medium,Closed,Chat,Hardware Failure,A003,Joshua Carter,114,Yes,3
T02722,2025-08-05 00:00:00,2025-08-07 22:00:00,Low,Closed,Portal,Login Issue,A007,Steven Harvey,70,Yes,1
T02723,2025-07-24 00:00:00,2025-07-28 23:00:00,Critical,Open,Chat,Login Issue,A002,Grant Meyer,119,No,2
T02724,2025-10-26 00:00:00,2025-10-27 02:00:00,Medium,Closed,Portal,Network Issue,A009,Dr. Amy Rodriguez MD,26,No,2
T02725,2025-07-12 00:00:00,2025-07-15 02:00:00,Low,Closed,Phone,Access Request,A009,Amy Gomez,74,No,2
T02726,2025-08-10 00:00:00,2025-08-11 07:00:00,Low,In Progress,Email,Hardware Failure,A025,Rachael Callahan,31,No,5
T02727,2025-05-14 00:00:00,2025-05-14 08:00:00,High,Resolved,Email,Access Request,A008,Hayden Garcia,8,Yes,2
T02728,2025-03-07 00:00:00,2025-03-09 12:00:00,Critical,In Progress,Email,Network Issue,A019,Kevin Smith,60,Yes,2
T02729,2026-02-25 00:00:00,2026-02-27 02:00:00,High,Open,Chat,Access Request,A014,Frank Palmer,50,Yes,2
T02730,2025-03-06 00:00:00,2025-03-10 11:00:00,Critical,Closed,Portal,Software Bug,A006,Ebony Jimenez,107,No,4
T02731,2026-03-18 00:00:00,2026-03-18 22:00:00,High,Resolved,Phone,Access Request,A016,Christopher Butler,22,No,5
T02732,2025-11-16 00:00:00,2025-11-20 00:00:00,High,Open,Portal,Login Issue,A017,Shannon Anderson,96,No,5
T02733,2025-06-04 00:00:00,2025-06-08 09:00:00,Critical,Closed,Chat,Hardware Failure,A001,Jillian Lambert,105,Yes,1
T02734,2025-01-23 00:00:00,2025-01-25 22:00:00,Low,In Progress,Email,Network Issue,A006,Jesse Cantu,70,Yes,1
T02735,2025-07-10 00:00:00,2025-07-14 04:00:00,Medium,Open,Chat,Software Bug,A018,Jeremy Grant,100,Yes,3
T02736,2025-10-27 00:00:00,2025-10-28 05:00:00,Medium,Resolved,Phone,Network Issue,A007,Andrea Roy,29,Yes,2
T02737,2025-01-04 00:00:00,2025-01-04 22:00:00,High,Open,Email,Network Issue,A012,Melissa Jones,22,No,2
T02738,2025-06-26 00:00:00,2025-06-30 14:00:00,Low,In Progress,Chat,Software Bug,A011,Benjamin Evans,110,Yes,1
T02739,2025-04-26 00:00:00,2025-04-30 14:00:00,High,In Progress,Phone,Network Issue,A007,Sara Soto,110,Yes,4
T02740,2025-05-31 00:00:00,2025-06-04 13:00:00,Critical,In Progress,Portal,Network Issue,A001,Edgar Washington,109,Yes,2
T02741,2025-06-27 00:00:00,2025-06-30 01:00:00,Medium,Open,Phone,Software Bug,A025,Johnathan Dawson,73,No,5
T02742,2025-02-16 00:00:00,2025-02-16 21:00:00,Low,Closed,Chat,Access Request,A013,Mr. Juan Moon,21,No,5
T02743,2026-03-24 00:00:00,2026-03-27 07:00:00,Medium,Open,Email,Network Issue,A008,James Sullivan,79,No,5
T02744,2025-07-25 00:00:00,2025-07-26 02:00:00,Critical,Closed,Chat,Access Request,A012,Sarah Allen,26,No,1
T02745,2025-03-23 00:00:00,2025-03-23 09:00:00,Critical,In Progress,Chat,Login Issue,A019,Anna Harrison,9,Yes,1
T02746,2025-08-18 00:00:00,2025-08-19 20:00:00,Low,In Progress,Phone,Hardware Failure,A015,Hannah Kerr,44,Yes,5
T02747,2025-12-26 00:00:00,2025-12-27 06:00:00,Critical,Resolved,Phone,Hardware Failure,A005,David Rodriguez,30,No,1
T02748,2026-03-14 00:00:00,2026-03-15 12:00:00,High,In Progress,Portal,Software Bug,A013,Austin Mclaughlin,36,Yes,4
T02749,2025-03-14 00:00:00,2025-03-17 18:00:00,Critical,Open,Portal,Network Issue,A001,Daniel Young,90,Yes,1
T02750,2025-10-20 00:00:00,2025-10-23 04:00:00,High,Resolved,Phone,Software Bug,A002,Michael Miller,76,Yes,2
T02751,2025-03-27 00:00:00,2025-03-30 19:00:00,Low,Resolved,Phone,Software Bug,A012,Anne Hayes,91,Yes,1
T02752,2025-06-12 00:00:00,2025-06-12 13:00:00,Medium,In Progress,Email,Access Request,A021,Shawn Roberts,13,Yes,3
T02753,2025-06-03 00:00:00,2025-06-04 07:00:00,Critical,Closed,Portal,Network Issue,A009,Kevin Young MD,31,No,1
T02754,2025-11-06 00:00:00,2025-11-06 17:00:00,High,In Progress,Phone,Login Issue,A017,Emily Martin,17,Yes,3
T02755,2025-12-29 00:00:00,2026-01-02 09:00:00,High,Open,Phone,Login Issue,A010,Gary Porter,105,No,3
T02756,2025-09-10 00:00:00,2025-09-10 06:00:00,Critical,Closed,Phone,Network Issue,A008,Ashley Payne,6,Yes,4
T02757,2025-10-29 00:00:00,2025-11-01 04:00:00,Critical,Resolved,Email,Software Bug,A020,Morgan Roy,76,Yes,5
T02758,2025-03-26 00:00:00,2025-03-27 20:00:00,High,Closed,Chat,Login Issue,A017,Julia Leon,44,No,4
T02759,2025-11-22 00:00:00,2025-11-24 17:00:00,Medium,In Progress,Chat,Hardware Failure,A023,Ryan Foster,65,No,3
T02760,2025-03-11 00:00:00,2025-03-13 04:00:00,Low,Resolved,Portal,Hardware Failure,A005,Kelly Finley,52,Yes,2
T02761,2025-07-05 00:00:00,2025-07-06 16:00:00,High,Resolved,Email,Access Request,A013,Mark Osborne,40,Yes,2
T02762,2025-10-12 00:00:00,2025-10-12 21:00:00,Medium,Resolved,Email,Login Issue,A018,Matthew Rodriguez,21,Yes,2
T02763,2025-06-30 00:00:00,2025-07-03 22:00:00,Medium,Resolved,Portal,Network Issue,A018,Peter Wright,94,No,4
T02764,2025-04-07 00:00:00,2025-04-10 04:00:00,Medium,Open,Email,Network Issue,A006,Laura Tucker,76,Yes,3
T02765,2025-05-21 00:00:00,2025-05-21 12:00:00,Medium,Open,Email,Access Request,A023,Toni Gibson,12,No,3
T02766,2025-07-21 00:00:00,2025-07-21 22:00:00,Low,In Progress,Portal,Hardware Failure,A001,Frank Johnston,22,No,4
T02767,2026-03-02 00:00:00,2026-03-06 19:00:00,Low,Resolved,Portal,Network Issue,A006,Leah Gonzalez,115,Yes,3
T02768,2025-09-02 00:00:00,2025-09-06 12:00:00,Low,Open,Phone,Access Request,A003,Karen Mathis,108,Yes,3
T02769,2026-01-13 00:00:00,2026-01-17 02:00:00,Medium,In Progress,Chat,Network Issue,A018,William Guzman,98,Yes,1
T02770,2025-03-10 00:00:00,2025-03-10 21:00:00,Critical,Open,Email,Access Request,A008,Megan Lopez,21,No,3
T02771,2026-03-13 00:00:00,2026-03-13 01:00:00,Critical,Open,Phone,Hardware Failure,A016,Stacy Frost,1,Yes,1
T02772,2025-06-14 00:00:00,2025-06-16 04:00:00,Critical,Open,Portal,Login Issue,A016,Steven Rangel,52,No,3
T02773,2026-03-22 00:00:00,2026-03-22 17:00:00,High,In Progress,Chat,Login Issue,A001,Gregory Miranda,17,No,4
T02774,2025-04-27 00:00:00,2025-04-29 12:00:00,Medium,Resolved,Portal,Login Issue,A015,Heather Ramirez,60,No,2
T02775,2025-12-04 00:00:00,2025-12-04 19:00:00,Low,In Progress,Phone,Hardware Failure,A004,Elijah Mathews,19,Yes,2
T02776,2025-11-26 00:00:00,2025-12-01 00:00:00,High,Resolved,Email,Hardware Failure,A010,Matthew Bradshaw,120,Yes,5
T02777,2025-04-13 00:00:00,2025-04-16 20:00:00,Critical,Resolved,Chat,Software Bug,A004,Jason Jackson,92,Yes,1
T02778,2025-08-24 00:00:00,2025-08-24 23:00:00,Critical,Closed,Chat,Hardware Failure,A014,George Walsh,23,Yes,4
T02779,2025-08-05 00:00:00,2025-08-09 14:00:00,High,Resolved,Phone,Access Request,A002,Stephanie Chavez,110,No,2
T02780,2026-03-27 00:00:00,2026-03-29 07:00:00,Critical,Resolved,Chat,Login Issue,A017,Phillip Mitchell,55,No,1
T02781,2025-01-11 00:00:00,2025-01-11 12:00:00,Medium,In Progress,Chat,Network Issue,A002,Pamela Kim,12,Yes,4
T02782,2025-05-27 00:00:00,2025-05-30 00:00:00,Critical,Resolved,Chat,Software Bug,A003,Jasmine Barnett MD,72,No,2
T02783,2025-03-28 00:00:00,2025-03-29 05:00:00,High,Closed,Chat,Network Issue,A017,Malik Hansen,29,No,3
T02784,2025-10-21 00:00:00,2025-10-22 09:00:00,Low,In Progress,Chat,Software Bug,A025,Sarah Wang,33,No,4
T02785,2026-01-17 00:00:00,2026-01-18 05:00:00,Medium,Closed,Email,Software Bug,A023,Dawn Carrillo,29,No,4
T02786,2025-03-30 00:00:00,2025-03-31 02:00:00,Critical,Resolved,Email,Login Issue,A001,Evan Goodman,26,No,5
T02787,2025-04-27 00:00:00,2025-04-29 17:00:00,High,Closed,Chat,Network Issue,A003,Tyler Wong,65,No,3
T02788,2026-01-07 00:00:00,2026-01-08 12:00:00,High,Open,Email,Access Request,A025,Judy Taylor,36,Yes,2
T02789,2025-09-02 00:00:00,2025-09-04 21:00:00,High,Closed,Email,Software Bug,A016,Shannon Cunningham,69,No,1
T02790,2026-01-13 00:00:00,2026-01-13 13:00:00,Medium,Closed,Chat,Software Bug,A007,Ms. Ashley Smith DDS,13,No,3
T02791,2025-01-27 00:00:00,2025-01-29 03:00:00,Low,Closed,Chat,Hardware Failure,A009,Scott Willis,51,No,4
T02792,2026-03-11 00:00:00,2026-03-13 12:00:00,Critical,In Progress,Portal,Access Request,A003,Barry Rodgers,60,No,2
T02793,2025-12-04 00:00:00,2025-12-05 15:00:00,High,Open,Email,Network Issue,A015,Elizabeth Lucas,39,No,1
T02794,2025-12-23 00:00:00,2025-12-23 22:00:00,Low,Open,Chat,Software Bug,A002,Lindsey Clark,22,No,5
T02795,2025-11-29 00:00:00,2025-12-03 12:00:00,Critical,Open,Chat,Network Issue,A012,Emily Lester,108,No,5
T02796,2026-01-21 00:00:00,2026-01-25 17:00:00,Low,Resolved,Email,Network Issue,A023,Jonathan Morales,113,Yes,4
T02797,2025-08-16 00:00:00,2025-08-17 11:00:00,Medium,In Progress,Email,Hardware Failure,A016,Jason Lee,35,No,4
T02798,2025-12-07 00:00:00,2025-12-08 04:00:00,Critical,Closed,Email,Access Request,A005,Sandra Strickland,28,Yes,1
T02799,2026-01-12 00:00:00,2026-01-13 00:00:00,Critical,Closed,Chat,Login Issue,A020,Sarah Lopez,24,Yes,4
T02800,2026-01-30 00:00:00,2026-02-01 18:00:00,Critical,Resolved,Phone,Access Request,A025,Linda Wade,66,No,4
T02801,2025-12-13 00:00:00,2025-12-16 05:00:00,Critical,Closed,Phone,Access Request,A014,Eduardo Carter,77,Yes,1
T02802,2025-06-05 00:00:00,2025-06-08 16:00:00,Critical,Closed,Email,Software Bug,A021,Jennifer Mitchell,88,No,2
T02803,2026-03-11 00:00:00,2026-03-11 03:00:00,Medium,In Progress,Email,Hardware Failure,A002,Judy Cooper,3,No,3
T02804,2025-11-28 00:00:00,2025-12-02 14:00:00,Critical,Open,Portal,Hardware Failure,A001,Victoria Griffith,110,No,5
T02805,2025-07-20 00:00:00,2025-07-21 03:00:00,Low,Open,Portal,Network Issue,A019,Bryan Gilmore,27,Yes,2
T02806,2025-08-31 00:00:00,2025-09-01 01:00:00,Medium,Open,Phone,Hardware Failure,A004,Jessica Jones,25,Yes,5
T02807,2025-08-03 00:00:00,2025-08-06 18:00:00,Medium,In Progress,Portal,Login Issue,A015,Samuel Baker,90,Yes,3
T02808,2025-10-01 00:00:00,2025-10-03 07:00:00,High,In Progress,Portal,Access Request,A010,Denise Campbell,55,Yes,3
T02809,2025-01-16 00:00:00,2025-01-17 03:00:00,Medium,Open,Phone,Software Bug,A010,Ryan Ramos,27,Yes,5
T02810,2025-02-27 00:00:00,2025-02-28 13:00:00,Critical,Closed,Email,Hardware Failure,A020,Nicole Mcbride,37,Yes,3
T02811,2025-02-02 00:00:00,2025-02-05 07:00:00,Critical,In Progress,Email,Software Bug,A009,Sarah Acosta,79,Yes,3
T02812,2025-05-20 00:00:00,2025-05-21 06:00:00,High,In Progress,Email,Network Issue,A023,Patricia Bernard,30,Yes,5
T02813,2025-08-27 00:00:00,2025-08-30 21:00:00,Low,Closed,Portal,Access Request,A001,Kyle Hall,93,No,5
T02814,2025-11-21 00:00:00,2025-11-23 01:00:00,Medium,Open,Chat,Access Request,A019,Robert Morris,49,Yes,3
T02815,2025-02-22 00:00:00,2025-02-24 01:00:00,Medium,Open,Chat,Login Issue,A007,Lori Velazquez,49,No,3
T02816,2026-02-01 00:00:00,2026-02-01 06:00:00,Critical,Open,Phone,Hardware Failure,A021,Robert Smith MD,6,No,1
T02817,2025-01-22 00:00:00,2025-01-24 10:00:00,Medium,Open,Email,Access Request,A021,Daniel Todd,58,Yes,1
T02818,2025-08-21 00:00:00,2025-08-21 21:00:00,Medium,In Progress,Portal,Access Request,A006,Joseph Williams,21,No,4
T02819,2026-03-03 00:00:00,2026-03-04 15:00:00,High,Open,Email,Hardware Failure,A005,Lisa Clay,39,No,5
T02820,2025-10-17 00:00:00,2025-10-18 00:00:00,High,Open,Email,Hardware Failure,A018,Lisa Perkins,24,Yes,4
T02821,2025-08-05 00:00:00,2025-08-10 00:00:00,Low,Closed,Email,Network Issue,A016,Howard Salazar,120,No,5
T02822,2025-07-20 00:00:00,2025-07-20 17:00:00,Low,In Progress,Email,Network Issue,A020,Andrea Andrews,17,Yes,1
T02823,2025-08-22 00:00:00,2025-08-22 08:00:00,Critical,In Progress,Chat,Software Bug,A009,Erik Cisneros,8,Yes,2
T02824,2025-06-16 00:00:00,2025-06-20 07:00:00,Critical,In Progress,Chat,Software Bug,A017,Christopher Fitzgerald,103,No,5
T02825,2025-01-04 00:00:00,2025-01-04 11:00:00,Low,Resolved,Phone,Software Bug,A006,Nathan Johnson,11,No,2
T02826,2025-04-21 00:00:00,2025-04-23 05:00:00,Low,Open,Phone,Network Issue,A015,Brent Guzman,53,No,5
T02827,2025-05-08 00:00:00,2025-05-08 02:00:00,High,Closed,Portal,Login Issue,A008,Steven Snyder,2,No,2
T02828,2025-11-29 00:00:00,2025-12-03 02:00:00,Low,In Progress,Chat,Network Issue,A013,Jason Pittman,98,No,4
T02829,2025-03-10 00:00:00,2025-03-14 13:00:00,Low,Resolved,Chat,Network Issue,A023,Ashlee Montgomery,109,No,3
T02830,2025-05-11 00:00:00,2025-05-13 17:00:00,Critical,Resolved,Chat,Login Issue,A008,Thomas Kerr,65,No,1
T02831,2026-02-28 00:00:00,2026-03-03 18:00:00,Medium,Open,Chat,Access Request,A015,Robert Palmer,90,No,3
T02832,2025-05-08 00:00:00,2025-05-10 19:00:00,High,Closed,Portal,Network Issue,A007,Michael Herring,67,Yes,3
T02833,2025-04-29 00:00:00,2025-05-01 07:00:00,Critical,Closed,Portal,Access Request,A025,Jessica Romero,55,No,1
T02834,2025-05-26 00:00:00,2025-05-29 03:00:00,Medium,Resolved,Chat,Access Request,A016,Sylvia Davis,75,Yes,1
T02835,2025-03-11 00:00:00,2025-03-15 00:00:00,High,In Progress,Portal,Network Issue,A006,Dylan Cole,96,No,1
T02836,2025-10-16 00:00:00,2025-10-19 08:00:00,Low,Closed,Portal,Hardware Failure,A003,Jason Robertson,80,No,2
T02837,2025-10-19 00:00:00,2025-10-22 03:00:00,Medium,In Progress,Chat,Hardware Failure,A020,Gabriel Brown,75,Yes,4
T02838,2025-10-29 00:00:00,2025-11-02 22:00:00,Medium,In Progress,Chat,Access Request,A024,Veronica Walton,118,No,5
T02839,2026-03-19 00:00:00,2026-03-21 04:00:00,Critical,Closed,Portal,Access Request,A006,Dawn White,52,No,5
T02840,2026-02-04 00:00:00,2026-02-06 08:00:00,High,Open,Phone,Software Bug,A017,Justin Roberts,56,Yes,1
T02841,2025-01-26 00:00:00,2025-01-28 19:00:00,Medium,Open,Chat,Network Issue,A020,William Davis,67,Yes,3
T02842,2026-01-27 00:00:00,2026-01-30 05:00:00,Medium,In Progress,Portal,Login Issue,A001,Scott Sanchez,77,Yes,1
T02843,2025-02-04 00:00:00,2025-02-05 14:00:00,Low,Closed,Portal,Network Issue,A020,Kyle Roth,38,Yes,3
T02844,2026-02-10 00:00:00,2026-02-11 16:00:00,Low,Resolved,Email,Network Issue,A010,Robert Johnson,40,Yes,2
T02845,2025-01-09 00:00:00,2025-01-10 03:00:00,Critical,Resolved,Phone,Access Request,A016,David Carrillo,27,Yes,5
T02846,2025-01-17 00:00:00,2025-01-20 04:00:00,Critical,Resolved,Portal,Software Bug,A006,Penny Munoz,76,Yes,5
T02847,2025-06-01 00:00:00,2025-06-05 21:00:00,High,In Progress,Email,Access Request,A006,Jennifer Weaver,117,Yes,1
T02848,2025-06-22 00:00:00,2025-06-26 11:00:00,Low,Closed,Portal,Hardware Failure,A020,Selena Townsend,107,Yes,2
T02849,2025-11-15 00:00:00,2025-11-16 10:00:00,Critical,In Progress,Email,Software Bug,A013,Kathleen Vazquez,34,Yes,5
T02850,2026-03-27 00:00:00,2026-03-27 01:00:00,Critical,Resolved,Phone,Login Issue,A015,Joyce Schmidt,1,No,1
T02851,2025-07-29 00:00:00,2025-07-29 13:00:00,Critical,Resolved,Portal,Network Issue,A025,Kevin Garcia,13,No,5
T02852,2026-03-11 00:00:00,2026-03-15 13:00:00,High,In Progress,Chat,Hardware Failure,A009,Scott Roberts,109,Yes,1
T02853,2025-12-30 00:00:00,2025-12-30 21:00:00,Medium,Open,Phone,Hardware Failure,A022,Monica Mcclure,21,No,3
T02854,2026-03-12 00:00:00,2026-03-14 04:00:00,Low,Open,Portal,Hardware Failure,A016,Kelly Watson,52,Yes,1
T02855,2025-11-25 00:00:00,2025-11-25 22:00:00,Critical,Resolved,Email,Network Issue,A014,Joseph Miller,22,Yes,1
T02856,2026-01-23 00:00:00,2026-01-26 02:00:00,Low,In Progress,Chat,Access Request,A024,John Cordova,74,Yes,2
T02857,2025-10-30 00:00:00,2025-10-31 02:00:00,Critical,In Progress,Phone,Hardware Failure,A002,Joshua Harper,26,Yes,5
T02858,2025-06-02 00:00:00,2025-06-05 22:00:00,High,Resolved,Chat,Hardware Failure,A010,Marie Gray,94,Yes,2
T02859,2026-02-04 00:00:00,2026-02-05 11:00:00,Critical,Open,Portal,Access Request,A014,Alejandra Guzman,35,Yes,4
T02860,2026-02-01 00:00:00,2026-02-02 05:00:00,Low,Open,Portal,Hardware Failure,A011,Holly Glover,29,Yes,3
T02861,2026-02-03 00:00:00,2026-02-07 01:00:00,Low,Closed,Email,Access Request,A025,Mr. Nathan Rangel,97,No,5
T02862,2025-02-15 00:00:00,2025-02-17 14:00:00,Medium,Resolved,Email,Software Bug,A012,Sean Robinson,62,No,2
T02863,2025-04-09 00:00:00,2025-04-10 09:00:00,Low,Resolved,Email,Software Bug,A012,Paula Huffman,33,Yes,1
T02864,2026-01-09 00:00:00,2026-01-12 23:00:00,High,Closed,Chat,Software Bug,A023,Vanessa Gomez,95,No,1
T02865,2025-12-09 00:00:00,2025-12-10 23:00:00,Low,Closed,Email,Hardware Failure,A016,Jacob Fitzgerald,47,Yes,2
T02866,2025-01-26 00:00:00,2025-01-27 13:00:00,Medium,Open,Chat,Software Bug,A010,Dr. Robin Nelson DVM,37,Yes,1
T02867,2025-10-04 00:00:00,2025-10-05 12:00:00,Medium,In Progress,Phone,Login Issue,A018,Alicia Cooper,36,Yes,1
T02868,2025-12-15 00:00:00,2025-12-16 03:00:00,Critical,Closed,Phone,Login Issue,A008,James Camacho,27,No,5
T02869,2026-02-25 00:00:00,2026-02-27 22:00:00,Critical,Resolved,Email,Hardware Failure,A018,David Martin,70,Yes,5
T02870,2025-03-19 00:00:00,2025-03-21 03:00:00,Medium,Resolved,Email,Hardware Failure,A010,Charles Hill DVM,51,No,3
T02871,2025-12-30 00:00:00,2026-01-02 05:00:00,Medium,In Progress,Chat,Hardware Failure,A005,Michelle Moore,77,Yes,2
T02872,2025-01-29 00:00:00,2025-02-03 00:00:00,Critical,Resolved,Chat,Login Issue,A017,Timothy Davis,120,Yes,2
T02873,2026-01-26 00:00:00,2026-01-30 03:00:00,Critical,Open,Portal,Login Issue,A020,Chad Reed DDS,99,Yes,4
T02874,2025-01-22 00:00:00,2025-01-25 15:00:00,Low,Resolved,Phone,Login Issue,A003,Catherine Johnson,87,Yes,1
T02875,2025-12-15 00:00:00,2025-12-19 14:00:00,Critical,Closed,Email,Login Issue,A011,Lori Rodriguez,110,No,2
T02876,2025-10-11 00:00:00,2025-10-12 20:00:00,Low,Resolved,Phone,Hardware Failure,A008,Joseph Macdonald,44,Yes,5
T02877,2025-12-03 00:00:00,2025-12-03 16:00:00,Critical,Open,Chat,Hardware Failure,A022,Mark Clark,16,Yes,1
T02878,2025-03-17 00:00:00,2025-03-17 03:00:00,Medium,Closed,Email,Hardware Failure,A016,Richard Ferguson,3,No,3
T02879,2025-07-06 00:00:00,2025-07-09 20:00:00,High,Closed,Email,Access Request,A022,Michael Mclean,92,Yes,3
T02880,2025-11-24 00:00:00,2025-11-28 19:00:00,Low,Closed,Email,Software Bug,A013,Suzanne Barber,115,Yes,2
T02881,2026-02-26 00:00:00,2026-03-01 08:00:00,High,In Progress,Chat,Hardware Failure,A016,John Hinton,80,No,5
T02882,2025-07-28 00:00:00,2025-07-28 17:00:00,Medium,In Progress,Chat,Access Request,A013,Julie Perry,17,Yes,4
T02883,2025-07-06 00:00:00,2025-07-07 06:00:00,Medium,Closed,Email,Access Request,A010,Morgan Lee,30,Yes,1
T02884,2025-03-08 00:00:00,2025-03-10 00:00:00,Critical,Open,Phone,Hardware Failure,A017,David Lara,48,No,4
T02885,2025-01-25 00:00:00,2025-01-26 19:00:00,Critical,In Progress,Email,Hardware Failure,A013,Sheila Cohen,43,Yes,1
T02886,2025-08-11 00:00:00,2025-08-15 11:00:00,High,Open,Phone,Access Request,A021,Deanna Clark,107,Yes,1
T02887,2025-11-28 00:00:00,2025-12-01 10:00:00,High,Open,Email,Login Issue,A007,Melissa Turner,82,Yes,4
T02888,2025-10-31 00:00:00,2025-10-31 16:00:00,Low,In Progress,Email,Network Issue,A012,Allen Friedman,16,Yes,2
T02889,2025-01-12 00:00:00,2025-01-15 06:00:00,High,In Progress,Phone,Hardware Failure,A025,Savannah Le,78,No,3
T02890,2025-10-19 00:00:00,2025-10-21 12:00:00,High,In Progress,Email,Access Request,A021,Jonathan Morrison,60,Yes,5
T02891,2025-07-20 00:00:00,2025-07-20 06:00:00,Critical,Open,Phone,Hardware Failure,A012,William Robinson,6,No,1
T02892,2025-06-01 00:00:00,2025-06-04 13:00:00,High,Resolved,Phone,Login Issue,A011,Caroline Braun,85,No,3
T02893,2026-01-18 00:00:00,2026-01-21 00:00:00,High,Resolved,Chat,Network Issue,A017,Vanessa Abbott,72,Yes,5
T02894,2025-03-05 00:00:00,2025-03-08 00:00:00,Low,Closed,Chat,Software Bug,A017,Kristin Hall,72,Yes,1
T02895,2025-05-26 00:00:00,2025-05-30 18:00:00,High,Closed,Portal,Network Issue,A006,Austin Sosa,114,No,3
T02896,2025-03-18 00:00:00,2025-03-18 16:00:00,Critical,Open,Chat,Hardware Failure,A013,David Cabrera,16,Yes,4
T02897,2025-05-01 00:00:00,2025-05-05 08:00:00,Low,Closed,Phone,Software Bug,A018,Cameron Banks,104,No,4
T02898,2025-01-16 00:00:00,2025-01-18 10:00:00,High,Closed,Phone,Hardware Failure,A013,Amanda Williamson,58,Yes,1
T02899,2025-03-09 00:00:00,2025-03-10 02:00:00,Low,Resolved,Chat,Login Issue,A003,Michelle Jimenez,26,No,3
T02900,2025-04-12 00:00:00,2025-04-15 16:00:00,Low,Closed,Phone,Login Issue,A014,Jonathan Buckley,88,No,1
T02901,2026-02-19 00:00:00,2026-02-19 13:00:00,Critical,Open,Chat,Access Request,A015,Sarah Vaughan,13,Yes,3
T02902,2025-07-11 00:00:00,2025-07-11 17:00:00,High,Resolved,Email,Network Issue,A008,Sydney Martin,17,No,2
T02903,2025-06-07 00:00:00,2025-06-09 09:00:00,High,Open,Portal,Software Bug,A024,Anthony Cruz,57,No,5
T02904,2025-04-20 00:00:00,2025-04-20 13:00:00,Critical,Open,Chat,Hardware Failure,A004,Eric Nichols,13,Yes,3
T02905,2026-01-24 00:00:00,2026-01-27 11:00:00,Critical,Closed,Chat,Hardware Failure,A019,Ivan Chavez,83,Yes,5
T02906,2025-08-08 00:00:00,2025-08-09 19:00:00,Low,In Progress,Phone,Software Bug,A023,Nicholas Garcia,43,No,4
T02907,2025-05-16 00:00:00,2025-05-19 09:00:00,Critical,Closed,Email,Software Bug,A022,Sandra Cook,81,No,5
T02908,2025-01-26 00:00:00,2025-01-30 03:00:00,Medium,Closed,Portal,Login Issue,A018,Matthew Padilla,99,No,2
T02909,2025-05-06 00:00:00,2025-05-10 14:00:00,Low,In Progress,Phone,Login Issue,A020,Jeffrey Burke,110,No,1
T02910,2025-08-10 00:00:00,2025-08-12 15:00:00,Medium,In Progress,Phone,Access Request,A023,Matthew Sullivan,63,No,2
T02911,2025-04-19 00:00:00,2025-04-23 05:00:00,Medium,Closed,Chat,Software Bug,A002,Taylor Johnson,101,Yes,2
T02912,2026-03-21 00:00:00,2026-03-24 00:00:00,High,In Progress,Phone,Hardware Failure,A015,Caitlin Anderson,72,No,2
T02913,2025-11-13 00:00:00,2025-11-17 15:00:00,Medium,Resolved,Phone,Hardware Failure,A016,Laura Randall,111,Yes,5
T02914,2025-11-15 00:00:00,2025-11-20 00:00:00,Medium,Resolved,Phone,Login Issue,A005,Tony Edwards,120,Yes,2
T02915,2025-12-18 00:00:00,2025-12-19 00:00:00,Low,Resolved,Email,Login Issue,A014,Jenna Garcia,24,Yes,1
T02916,2025-04-27 00:00:00,2025-05-01 02:00:00,High,Resolved,Phone,Network Issue,A010,Mary Rodriguez,98,No,2
T02917,2025-12-04 00:00:00,2025-12-04 10:00:00,Medium,Open,Portal,Software Bug,A011,Nicole Mercado,10,Yes,5
T02918,2025-06-18 00:00:00,2025-06-22 12:00:00,High,In Progress,Portal,Login Issue,A015,Gordon Dennis,108,No,3
T02919,2025-08-12 00:00:00,2025-08-15 01:00:00,Low,In Progress,Phone,Login Issue,A001,Tina Jones,73,Yes,5
T02920,2026-01-02 00:00:00,2026-01-06 11:00:00,High,In Progress,Phone,Network Issue,A006,Scott Moore PhD,107,No,4
T02921,2025-11-17 00:00:00,2025-11-20 21:00:00,Medium,Closed,Portal,Hardware Failure,A015,Monica Wright,93,Yes,2
T02922,2025-04-15 00:00:00,2025-04-15 10:00:00,Low,Closed,Portal,Software Bug,A024,Maria Suarez,10,No,4
T02923,2025-01-15 00:00:00,2025-01-19 23:00:00,Low,In Progress,Chat,Login Issue,A008,Brittany Mcneil,119,No,4
T02924,2026-02-13 00:00:00,2026-02-13 05:00:00,High,In Progress,Chat,Network Issue,A021,Kimberly King,5,No,3
T02925,2025-02-13 00:00:00,2025-02-16 22:00:00,Critical,Resolved,Email,Network Issue,A016,Casey Thomas,94,No,1
T02926,2025-01-10 00:00:00,2025-01-13 15:00:00,Critical,Resolved,Phone,Hardware Failure,A015,Robert Johnson,87,No,4
T02927,2025-03-12 00:00:00,2025-03-14 00:00:00,Low,Closed,Phone,Login Issue,A002,Dr. Robert Adams,48,Yes,5
T02928,2025-12-28 00:00:00,2025-12-30 04:00:00,High,Closed,Chat,Hardware Failure,A024,Daniel Brown,52,Yes,2
T02929,2025-05-25 00:00:00,2025-05-28 02:00:00,High,Resolved,Portal,Access Request,A007,Bradley Campos,74,Yes,4
T02930,2025-09-25 00:00:00,2025-09-29 23:00:00,Critical,Resolved,Email,Software Bug,A020,Nathan Williams,119,No,2
T02931,2025-01-18 00:00:00,2025-01-21 04:00:00,High,Resolved,Email,Software Bug,A020,Edwin Arroyo Jr.,76,Yes,5
T02932,2025-03-15 00:00:00,2025-03-19 10:00:00,Critical,Resolved,Phone,Network Issue,A005,Dean Wright,106,Yes,4
T02933,2025-10-30 00:00:00,2025-10-31 09:00:00,Low,In Progress,Email,Network Issue,A023,Joshua Johnson,33,Yes,4
T02934,2025-12-05 00:00:00,2025-12-09 15:00:00,High,Resolved,Chat,Network Issue,A009,Thomas Butler,111,Yes,1
T02935,2025-01-03 00:00:00,2025-01-06 18:00:00,Medium,Closed,Portal,Network Issue,A005,Scott Hill,90,Yes,1
T02936,2026-02-23 00:00:00,2026-02-26 04:00:00,High,Closed,Chat,Network Issue,A021,Gabrielle Gilbert,76,Yes,5
T02937,2025-06-24 00:00:00,2025-06-26 03:00:00,Critical,Open,Phone,Network Issue,A007,Denise Alexander,51,No,4
T02938,2025-09-27 00:00:00,2025-09-30 11:00:00,Critical,Open,Chat,Access Request,A010,Clifford Curry,83,Yes,5
T02939,2025-07-18 00:00:00,2025-07-20 19:00:00,Critical,Open,Phone,Software Bug,A019,Nathaniel Mccoy,67,No,1
T02940,2025-07-25 00:00:00,2025-07-26 16:00:00,High,Closed,Email,Software Bug,A017,Michael Peterson,40,No,4
T02941,2025-12-18 00:00:00,2025-12-20 09:00:00,High,Closed,Phone,Access Request,A008,Amanda Davis,57,Yes,5
T02942,2026-03-15 00:00:00,2026-03-18 08:00:00,Medium,In Progress,Portal,Login Issue,A002,Annette Stone,80,Yes,4
T02943,2025-10-21 00:00:00,2025-10-25 17:00:00,Critical,Open,Portal,Hardware Failure,A005,Jason Jones,113,Yes,2
T02944,2025-02-20 00:00:00,2025-02-22 06:00:00,High,Resolved,Portal,Access Request,A014,Jennifer Butler,54,No,3
T02945,2025-06-19 00:00:00,2025-06-21 16:00:00,Critical,Resolved,Chat,Software Bug,A016,Manuel Bautista,64,No,5
T02946,2025-02-21 00:00:00,2025-02-21 23:00:00,Critical,Closed,Chat,Login Issue,A001,Patrick Johnson,23,Yes,3
T02947,2025-07-17 00:00:00,2025-07-19 20:00:00,High,Closed,Phone,Software Bug,A022,Danielle Randall DDS,68,Yes,4
T02948,2025-07-02 00:00:00,2025-07-02 10:00:00,Critical,Resolved,Chat,Software Bug,A004,Marissa Ponce,10,Yes,4
T02949,2025-03-31 00:00:00,2025-04-04 19:00:00,High,Resolved,Email,Access Request,A019,Samantha Hayes DDS,115,No,3
T02950,2025-06-01 00:00:00,2025-06-01 01:00:00,Medium,In Progress,Portal,Access Request,A014,Ronald Morales,1,Yes,2
T02951,2025-09-20 00:00:00,2025-09-24 04:00:00,High,Closed,Email,Login Issue,A015,Melissa Huber,100,Yes,2
T02952,2025-05-06 00:00:00,2025-05-08 05:00:00,Low,Resolved,Chat,Network Issue,A007,Lisa Morales,53,No,2
T02953,2025-02-01 00:00:00,2025-02-01 23:00:00,High,Open,Phone,Login Issue,A020,Reginald Wong,23,No,1
T02954,2026-01-18 00:00:00,2026-01-18 09:00:00,High,Open,Portal,Login Issue,A020,Anthony Moore,9,No,2
T02955,2025-11-02 00:00:00,2025-11-04 15:00:00,Critical,In Progress,Chat,Software Bug,A005,Emily Gray,63,No,5
T02956,2025-02-26 00:00:00,2025-02-27 03:00:00,Critical,Resolved,Email,Software Bug,A011,Lisa Perez,27,Yes,3
T02957,2025-08-26 00:00:00,2025-08-27 03:00:00,Critical,Closed,Chat,Access Request,A001,Vanessa Coleman,27,No,3
T02958,2025-09-13 00:00:00,2025-09-16 10:00:00,High,Open,Chat,Access Request,A021,Mary Gomez,82,Yes,2
T02959,2025-03-13 00:00:00,2025-03-16 13:00:00,Low,In Progress,Chat,Software Bug,A005,William Silva,85,Yes,4
T02960,2026-02-15 00:00:00,2026-02-16 06:00:00,High,In Progress,Chat,Access Request,A009,Tina Harrison,30,Yes,1
T02961,2025-08-28 00:00:00,2025-08-29 01:00:00,Medium,Open,Phone,Login Issue,A019,Ronald Gross,25,No,3
T02962,2025-12-07 00:00:00,2025-12-09 11:00:00,High,Closed,Portal,Software Bug,A020,Brandi Gonzales,59,No,4
T02963,2025-02-28 00:00:00,2025-03-03 13:00:00,Low,Closed,Chat,Access Request,A024,Gina Weber,85,Yes,3
T02964,2025-04-14 00:00:00,2025-04-14 01:00:00,Medium,Resolved,Portal,Access Request,A009,Jessica Brown,1,Yes,5
T02965,2025-10-20 00:00:00,2025-10-22 06:00:00,Medium,In Progress,Phone,Hardware Failure,A001,Marvin Mcgee,54,No,2
T02966,2026-01-05 00:00:00,2026-01-07 23:00:00,High,In Progress,Portal,Hardware Failure,A016,Stacy Byrd,71,No,4
T02967,2025-09-22 00:00:00,2025-09-23 03:00:00,Critical,In Progress,Email,Hardware Failure,A013,Taylor Young,27,Yes,1
T02968,2026-03-08 00:00:00,2026-03-11 04:00:00,Low,Resolved,Email,Access Request,A025,Walter Anderson,76,Yes,2
T02969,2025-08-28 00:00:00,2025-08-30 22:00:00,Medium,Resolved,Phone,Hardware Failure,A012,Brandi Wilkinson,70,No,5
T02970,2025-10-16 00:00:00,2025-10-17 16:00:00,Low,Closed,Phone,Network Issue,A005,Erin Lam,40,No,4
T02971,2026-01-07 00:00:00,2026-01-07 19:00:00,Critical,Open,Portal,Access Request,A017,David Hubbard,19,Yes,2
T02972,2025-03-19 00:00:00,2025-03-23 18:00:00,Medium,Closed,Email,Login Issue,A023,Monica Rollins,114,No,2
T02973,2025-06-11 00:00:00,2025-06-15 10:00:00,Critical,Open,Chat,Hardware Failure,A015,Deborah Jackson,106,No,3
T02974,2025-12-27 00:00:00,2025-12-28 10:00:00,Critical,Closed,Portal,Software Bug,A011,Brandon Turner,34,Yes,1
T02975,2025-10-31 00:00:00,2025-11-02 20:00:00,Low,Closed,Phone,Hardware Failure,A017,Taylor Ortega,68,Yes,1
T02976,2025-06-30 00:00:00,2025-07-03 03:00:00,High,Closed,Email,Access Request,A019,Paul Owens,75,No,1
T02977,2025-07-09 00:00:00,2025-07-11 18:00:00,Critical,In Progress,Portal,Access Request,A007,Ariel Stanley,66,No,5
T02978,2025-10-09 00:00:00,2025-10-11 18:00:00,Critical,In Progress,Email,Network Issue,A001,Sonya Patton,66,No,4
T02979,2025-07-24 00:00:00,2025-07-24 11:00:00,Medium,Closed,Email,Network Issue,A004,Michael Conner,11,Yes,2
T02980,2025-11-20 00:00:00,2025-11-24 13:00:00,Low,Open,Phone,Access Request,A021,Allison Miller,109,No,3
T02981,2026-03-10 00:00:00,2026-03-13 12:00:00,Medium,Open,Portal,Login Issue,A013,Lisa Miller,84,No,1
T02982,2026-01-02 00:00:00,2026-01-06 02:00:00,Low,Open,Email,Hardware Failure,A019,Christopher Huynh,98,Yes,5
T02983,2025-04-23 00:00:00,2025-04-25 14:00:00,Medium,Closed,Phone,Network Issue,A009,Meagan Yates,62,No,2
T02984,2025-12-05 00:00:00,2025-12-06 15:00:00,Critical,Open,Phone,Software Bug,A002,Robert Campos,39,No,5
T02985,2025-09-09 00:00:00,2025-09-10 18:00:00,Critical,In Progress,Phone,Software Bug,A012,Kevin Williams,42,No,4
T02986,2025-01-07 00:00:00,2025-01-11 07:00:00,Critical,In Progress,Email,Network Issue,A022,David Jimenez,103,Yes,4
T02987,2025-02-21 00:00:00,2025-02-22 18:00:00,High,Open,Chat,Hardware Failure,A022,Elizabeth Miller,42,Yes,3
T02988,2025-07-03 00:00:00,2025-07-03 17:00:00,Critical,In Progress,Chat,Software Bug,A009,Emily Burke,17,Yes,1
T02989,2025-06-09 00:00:00,2025-06-11 00:00:00,Medium,Open,Email,Software Bug,A003,David Rodriguez,48,No,5
T02990,2025-09-05 00:00:00,2025-09-05 07:00:00,Medium,In Progress,Chat,Login Issue,A007,Victoria Rivers,7,No,1
T02991,2025-10-02 00:00:00,2025-10-04 09:00:00,High,Closed,Email,Login Issue,A019,Brian Dunlap,57,No,1
T02992,2026-03-26 00:00:00,2026-03-30 16:00:00,Critical,Open,Phone,Network Issue,A021,Robert Foster,112,No,4
T02993,2026-02-16 00:00:00,2026-02-20 04:00:00,High,Closed,Chat,Software Bug,A014,Kathy Avery,100,No,3
T02994,2025-10-22 00:00:00,2025-10-26 08:00:00,Low,In Progress,Portal,Hardware Failure,A010,Johnny Lamb,104,Yes,3
T02995,2025-02-03 00:00:00,2025-02-05 08:00:00,Medium,Resolved,Portal,Network Issue,A025,Diana Sutton,56,No,2
T02996,2025-09-17 00:00:00,2025-09-20 13:00:00,Low,Resolved,Portal,Software Bug,A015,Christian Charles,85,Yes,2
T02997,2025-11-04 00:00:00,2025-11-08 21:00:00,Critical,In Progress,Email,Access Request,A013,Maria Sims,117,Yes,2
T02998,2025-12-30 00:00:00,2025-12-30 05:00:00,Low,Resolved,Chat,Software Bug,A021,Lori Mack,5,Yes,2
T02999,2026-02-25 00:00:00,2026-02-26 06:00:00,Medium,Resolved,Email,Hardware Failure,A024,Kim Wilkinson,30,No,2
T03000,2025-02-05 00:00:00,2025-02-07 23:00:00,High,In Progress,Portal,Hardware Failure,A001,Brian Nelson,71,No,3
T03001,2025-04-17 00:00:00,2025-04-18 15:00:00,Critical,Closed,Chat,Hardware Failure,A006,Susan Gomez,39,Yes,3
T03002,2025-06-26 00:00:00,2025-06-30 00:00:00,High,Resolved,Email,Hardware Failure,A009,Amanda Burch,96,Yes,5
T03003,2025-08-06 00:00:00,2025-08-06 09:00:00,Low,Resolved,Email,Network Issue,A006,Maureen Gross,9,Yes,4
T03004,2025-09-20 00:00:00,2025-09-23 14:00:00,Critical,Open,Chat,Login Issue,A008,Sandra Lewis,86,No,1
T03005,2026-03-05 00:00:00,2026-03-06 12:00:00,Critical,Open,Chat,Access Request,A007,Joshua Morgan,36,No,4
T03006,2026-02-20 00:00:00,2026-02-22 10:00:00,Low,In Progress,Phone,Access Request,A013,Daniel Mccarty,58,No,3
T03007,2025-12-07 00:00:00,2025-12-10 10:00:00,Medium,Open,Phone,Hardware Failure,A021,Daryl Keller,82,No,2
T03008,2026-01-19 00:00:00,2026-01-19 04:00:00,Critical,In Progress,Email,Access Request,A007,Jesse Vazquez,4,No,5
T03009,2025-07-13 00:00:00,2025-07-15 10:00:00,Low,Closed,Portal,Hardware Failure,A014,Oscar Glenn,58,Yes,4
T03010,2025-01-01 00:00:00,2025-01-01 18:00:00,Critical,In Progress,Chat,Network Issue,A002,Alejandro Krause,18,Yes,3
T03011,2026-02-11 00:00:00,2026-02-15 13:00:00,Medium,In Progress,Chat,Access Request,A019,Phillip Dixon,109,Yes,2
T03012,2025-02-07 00:00:00,2025-02-11 20:00:00,Critical,Closed,Phone,Hardware Failure,A016,John Harrington,116,No,2
T03013,2025-11-13 00:00:00,2025-11-16 23:00:00,Low,Closed,Portal,Access Request,A003,Raymond Collins,95,No,1
T03014,2025-03-18 00:00:00,2025-03-21 10:00:00,High,Closed,Email,Software Bug,A010,Bruce Shields,82,Yes,3
T03015,2025-11-12 00:00:00,2025-11-12 22:00:00,Medium,Resolved,Email,Hardware Failure,A010,Joshua Howard,22,No,2
T03016,2025-07-04 00:00:00,2025-07-06 08:00:00,Medium,Closed,Email,Login Issue,A018,Jennifer Forbes,56,No,3
T03017,2025-05-07 00:00:00,2025-05-09 15:00:00,Critical,In Progress,Email,Access Request,A019,John Myers,63,No,2
T03018,2026-01-12 00:00:00,2026-01-16 20:00:00,High,Resolved,Phone,Network Issue,A016,Courtney Smith MD,116,No,4
T03019,2025-07-12 00:00:00,2025-07-16 13:00:00,Low,Resolved,Email,Login Issue,A007,Eric Miller,109,No,3
T03020,2025-01-02 00:00:00,2025-01-02 23:00:00,High,Open,Phone,Software Bug,A025,Preston Schultz,23,No,3
T03021,2025-12-16 00:00:00,2025-12-17 09:00:00,Critical,Closed,Phone,Network Issue,A018,Amy Shaw,33,Yes,5
T03022,2025-10-21 00:00:00,2025-10-21 01:00:00,Critical,In Progress,Phone,Login Issue,A009,Jennifer Gonzalez,1,No,3
T03023,2025-05-22 00:00:00,2025-05-24 01:00:00,High,Closed,Chat,Access Request,A007,Joseph Frederick MD,49,Yes,1
T03024,2025-07-03 00:00:00,2025-07-03 12:00:00,High,Closed,Portal,Access Request,A011,Brandi Ramos,12,Yes,1
T03025,2025-02-02 00:00:00,2025-02-02 18:00:00,High,Open,Chat,Software Bug,A008,Taylor Armstrong,18,No,1
T03026,2025-09-11 00:00:00,2025-09-14 12:00:00,Critical,Open,Phone,Login Issue,A023,Michelle Valdez,84,No,4
T03027,2025-09-15 00:00:00,2025-09-15 07:00:00,Low,Closed,Phone,Login Issue,A010,Victor Pearson,7,Yes,1
T03028,2025-10-26 00:00:00,2025-10-26 11:00:00,Low,Open,Chat,Network Issue,A014,Paula Hicks,11,No,3
T03029,2025-10-01 00:00:00,2025-10-03 05:00:00,Low,Open,Portal,Access Request,A003,Keith Miller,53,No,2
T03030,2025-02-19 00:00:00,2025-02-19 06:00:00,Critical,Resolved,Portal,Software Bug,A005,Dylan West,6,No,5
T03031,2026-01-25 00:00:00,2026-01-27 11:00:00,Critical,Open,Phone,Hardware Failure,A019,Michael White,59,Yes,1
T03032,2025-05-06 00:00:00,2025-05-10 23:00:00,High,Resolved,Phone,Network Issue,A001,Courtney Wallace,119,No,1
T03033,2025-01-18 00:00:00,2025-01-18 07:00:00,Medium,Open,Phone,Access Request,A014,Karen Waters,7,No,2
T03034,2025-11-28 00:00:00,2025-12-01 17:00:00,Low,Resolved,Phone,Network Issue,A010,Brian Gray,89,Yes,3
T03035,2025-02-19 00:00:00,2025-02-20 14:00:00,Low,Closed,Portal,Hardware Failure,A002,Matthew Sanders,38,Yes,2
T03036,2025-06-11 00:00:00,2025-06-11 10:00:00,High,In Progress,Email,Login Issue,A013,Elizabeth Pittman,10,No,3
T03037,2025-05-08 00:00:00,2025-05-09 03:00:00,Medium,In Progress,Phone,Network Issue,A009,Elizabeth Lindsey,27,Yes,5
T03038,2025-01-17 00:00:00,2025-01-18 17:00:00,Medium,In Progress,Phone,Login Issue,A012,Angelica Schneider,41,No,2
T03039,2025-03-13 00:00:00,2025-03-16 12:00:00,Low,Open,Email,Login Issue,A025,Robin Mckenzie,84,Yes,1
T03040,2025-05-12 00:00:00,2025-05-14 21:00:00,Medium,In Progress,Email,Network Issue,A008,Heather Horton,69,Yes,3
T03041,2025-07-06 00:00:00,2025-07-07 00:00:00,Critical,Open,Phone,Network Issue,A008,Sarah Brown,24,No,5
T03042,2025-06-21 00:00:00,2025-06-25 11:00:00,High,Resolved,Phone,Network Issue,A010,Chad Chen,107,Yes,4
T03043,2025-09-14 00:00:00,2025-09-16 04:00:00,High,Closed,Portal,Login Issue,A006,Mary King,52,No,3
T03044,2025-10-26 00:00:00,2025-10-28 18:00:00,Critical,In Progress,Chat,Network Issue,A024,Michael Burns,66,Yes,4
T03045,2026-01-09 00:00:00,2026-01-13 08:00:00,High,In Progress,Portal,Hardware Failure,A021,Holly Mccarty,104,No,5
T03046,2025-11-17 00:00:00,2025-11-21 20:00:00,High,Resolved,Phone,Access Request,A016,Matthew Stewart,116,Yes,2
T03047,2025-07-02 00:00:00,2025-07-04 04:00:00,High,In Progress,Portal,Hardware Failure,A012,Erin Perry,52,No,1
T03048,2025-10-16 00:00:00,2025-10-20 13:00:00,High,Closed,Portal,Network Issue,A012,Jane Anderson,109,Yes,1
T03049,2026-03-23 00:00:00,2026-03-26 10:00:00,Low,Closed,Portal,Software Bug,A004,Richard Edwards,82,No,5
T03050,2025-08-31 00:00:00,2025-09-04 05:00:00,Medium,In Progress,Portal,Access Request,A023,Michael Padilla,101,No,3
T03051,2025-03-23 00:00:00,2025-03-24 13:00:00,High,Closed,Portal,Software Bug,A022,Lori Mcdonald,37,Yes,4
T03052,2025-06-23 00:00:00,2025-06-24 03:00:00,Critical,In Progress,Chat,Network Issue,A005,Christine Lowe,27,No,5
T03053,2025-04-14 00:00:00,2025-04-18 17:00:00,Critical,In Progress,Chat,Login Issue,A011,Thomas Raymond,113,No,4
T03054,2025-02-11 00:00:00,2025-02-11 21:00:00,Critical,In Progress,Phone,Software Bug,A009,Brian Richard,21,Yes,4
T03055,2025-12-04 00:00:00,2025-12-05 13:00:00,High,Closed,Phone,Access Request,A001,Randy Lowe,37,No,4
T03056,2026-02-06 00:00:00,2026-02-06 13:00:00,Medium,Resolved,Portal,Access Request,A021,Gregory Bentley,13,Yes,4
T03057,2025-11-12 00:00:00,2025-11-15 06:00:00,Low,Closed,Email,Software Bug,A008,Mrs. Sherry Hall,78,Yes,5
T03058,2025-02-21 00:00:00,2025-02-23 03:00:00,Medium,Closed,Email,Login Issue,A008,Shawn Valdez,51,Yes,5
T03059,2025-09-12 00:00:00,2025-09-16 08:00:00,Critical,In Progress,Portal,Login Issue,A016,Wayne Price,104,Yes,2
T03060,2026-02-01 00:00:00,2026-02-05 11:00:00,Low,Resolved,Portal,Hardware Failure,A018,Cassandra Gonzales,107,Yes,1
T03061,2025-10-12 00:00:00,2025-10-16 19:00:00,Critical,Resolved,Phone,Login Issue,A005,Erin Bonilla,115,Yes,2
T03062,2025-05-27 00:00:00,2025-05-29 03:00:00,High,Closed,Portal,Network Issue,A011,Tammy Parrish,51,No,2
T03063,2026-03-06 00:00:00,2026-03-06 19:00:00,Medium,Closed,Chat,Software Bug,A025,Colleen Chavez,19,No,5
T03064,2025-04-16 00:00:00,2025-04-20 22:00:00,Low,Closed,Phone,Access Request,A019,Brandon Hardy,118,No,2
T03065,2025-01-06 00:00:00,2025-01-07 04:00:00,High,Open,Email,Network Issue,A021,Misty Ryan,28,No,4
T03066,2025-12-26 00:00:00,2025-12-30 21:00:00,High,Closed,Email,Access Request,A014,Sharon Hall,117,No,4
T03067,2025-12-11 00:00:00,2025-12-11 04:00:00,Medium,In Progress,Chat,Network Issue,A020,Priscilla Watts,4,Yes,4
T03068,2025-01-17 00:00:00,2025-01-17 14:00:00,Low,In Progress,Chat,Access Request,A001,Dominic Mitchell,14,Yes,4
T03069,2025-07-25 00:00:00,2025-07-29 04:00:00,High,Open,Email,Network Issue,A008,Mark Hensley,100,Yes,2
T03070,2025-05-20 00:00:00,2025-05-21 11:00:00,Critical,Closed,Portal,Network Issue,A022,Amy Johnson,35,No,2
T03071,2025-10-01 00:00:00,2025-10-05 06:00:00,High,Open,Chat,Login Issue,A024,Dustin Cochran,102,Yes,1
T03072,2025-02-06 00:00:00,2025-02-10 15:00:00,Critical,In Progress,Email,Login Issue,A009,Amanda Richardson,111,Yes,4
T03073,2025-02-23 00:00:00,2025-02-25 04:00:00,High,Open,Email,Login Issue,A010,John Cohen,52,Yes,1
T03074,2025-01-20 00:00:00,2025-01-20 20:00:00,Critical,Closed,Email,Hardware Failure,A018,Timothy Williams,20,Yes,5
T03075,2026-01-18 00:00:00,2026-01-18 10:00:00,Low,In Progress,Chat,Network Issue,A004,Cheryl Olsen,10,Yes,5
T03076,2025-05-13 00:00:00,2025-05-15 17:00:00,High,Resolved,Phone,Login Issue,A007,Margaret Hampton,65,No,3
T03077,2025-04-12 00:00:00,2025-04-12 10:00:00,Low,Closed,Email,Hardware Failure,A019,Nicholas Brown,10,Yes,4
T03078,2025-04-16 00:00:00,2025-04-20 22:00:00,Critical,Open,Email,Software Bug,A016,John Valdez,118,Yes,5
T03079,2026-03-14 00:00:00,2026-03-17 18:00:00,Critical,Open,Phone,Network Issue,A023,Richard Mejia,90,Yes,1
T03080,2025-10-26 00:00:00,2025-10-29 16:00:00,Low,In Progress,Chat,Hardware Failure,A022,Matthew Gentry MD,88,Yes,3
T03081,2025-03-24 00:00:00,2025-03-29 00:00:00,Low,Resolved,Email,Login Issue,A005,Jessica Diaz,120,No,5
T03082,2026-03-12 00:00:00,2026-03-15 09:00:00,High,In Progress,Portal,Login Issue,A025,Lawrence Brandt,81,Yes,3
T03083,2025-08-12 00:00:00,2025-08-14 13:00:00,High,Closed,Portal,Software Bug,A014,Megan Church,61,Yes,5
T03084,2025-11-06 00:00:00,2025-11-06 10:00:00,Low,Open,Portal,Software Bug,A020,Whitney Crawford,10,Yes,2
T03085,2025-12-03 00:00:00,2025-12-05 01:00:00,High,In Progress,Phone,Network Issue,A004,Sarah Anderson,49,No,1
T03086,2025-05-26 00:00:00,2025-05-30 17:00:00,Low,In Progress,Email,Software Bug,A007,William Johnson,113,No,1
T03087,2025-01-27 00:00:00,2025-01-29 05:00:00,Critical,In Progress,Portal,Login Issue,A014,Stacy Flynn,53,No,5
T03088,2026-02-21 00:00:00,2026-02-22 21:00:00,Medium,Resolved,Phone,Hardware Failure,A024,Raymond Hart,45,No,3
T03089,2025-02-08 00:00:00,2025-02-08 01:00:00,High,Resolved,Portal,Login Issue,A023,Robert Williams,1,No,2
T03090,2025-10-26 00:00:00,2025-10-28 22:00:00,High,Resolved,Portal,Hardware Failure,A020,Debbie Pineda,70,No,5
T03091,2025-09-17 00:00:00,2025-09-20 01:00:00,Medium,Open,Email,Software Bug,A004,Mary Moore,73,No,5
T03092,2025-08-10 00:00:00,2025-08-12 10:00:00,Critical,In Progress,Chat,Software Bug,A025,Michael Webb,58,No,3
T03093,2025-03-16 00:00:00,2025-03-20 14:00:00,Critical,Open,Portal,Network Issue,A013,Timothy Robinson DDS,110,No,2
T03094,2025-03-10 00:00:00,2025-03-14 02:00:00,Critical,Resolved,Email,Software Bug,A013,Chase Freeman,98,Yes,3
T03095,2025-09-01 00:00:00,2025-09-01 03:00:00,Low,Resolved,Chat,Login Issue,A008,Cynthia Wu,3,Yes,1
T03096,2026-02-24 00:00:00,2026-02-26 01:00:00,Critical,In Progress,Chat,Login Issue,A023,Luke Baldwin,49,No,5
T03097,2026-02-03 00:00:00,2026-02-07 08:00:00,Low,Open,Portal,Hardware Failure,A018,Eric Smith,104,Yes,1
T03098,2025-12-11 00:00:00,2025-12-12 11:00:00,Critical,In Progress,Phone,Login Issue,A016,Benjamin Glass,35,No,1
T03099,2025-03-28 00:00:00,2025-03-29 01:00:00,Low,Open,Chat,Network Issue,A005,Chelsea Kelley,25,Yes,5
T03100,2025-03-15 00:00:00,2025-03-17 23:00:00,Medium,In Progress,Phone,Software Bug,A001,Pamela Tran,71,No,2
T03101,2025-08-30 00:00:00,2025-08-31 18:00:00,Medium,Resolved,Chat,Login Issue,A001,Sabrina Floyd,42,No,2
T03102,2025-02-17 00:00:00,2025-02-17 05:00:00,High,Closed,Email,Network Issue,A012,Lauren Peters,5,Yes,5
T03103,2025-12-27 00:00:00,2025-12-27 15:00:00,High,Open,Chat,Network Issue,A011,Travis Ramirez,15,No,2
T03104,2025-03-16 00:00:00,2025-03-16 22:00:00,Medium,Open,Portal,Software Bug,A004,Daniel Gillespie,22,No,5
T03105,2025-09-08 00:00:00,2025-09-11 00:00:00,Critical,In Progress,Email,Network Issue,A018,Michael Hendrix,72,Yes,1
T03106,2026-03-12 00:00:00,2026-03-12 10:00:00,High,Open,Chat,Software Bug,A008,Charles Randolph,10,No,1
T03107,2025-02-09 00:00:00,2025-02-12 07:00:00,Medium,Open,Chat,Software Bug,A016,Madison Buchanan,79,No,3
T03108,2026-02-14 00:00:00,2026-02-16 11:00:00,Medium,Open,Phone,Login Issue,A021,Joseph Graham,59,Yes,3
T03109,2025-01-12 00:00:00,2025-01-14 02:00:00,High,Closed,Email,Network Issue,A015,Anthony Williams,50,Yes,2
T03110,2025-12-08 00:00:00,2025-12-08 19:00:00,Medium,Closed,Chat,Network Issue,A024,David Barker,19,No,1
T03111,2025-11-02 00:00:00,2025-11-05 02:00:00,High,Resolved,Chat,Software Bug,A016,Lori Lindsey,74,No,1
T03112,2025-10-31 00:00:00,2025-11-03 02:00:00,Low,Resolved,Phone,Access Request,A024,Adam Maxwell,74,Yes,3
T03113,2026-03-04 00:00:00,2026-03-06 06:00:00,Critical,Open,Chat,Software Bug,A005,Tammy Cowan,54,No,5
T03114,2025-01-08 00:00:00,2025-01-10 01:00:00,Low,Closed,Chat,Hardware Failure,A015,John Nolan,49,Yes,1
T03115,2025-04-30 00:00:00,2025-05-02 10:00:00,High,Closed,Email,Login Issue,A013,Charles Thompson,58,No,3
T03116,2025-03-15 00:00:00,2025-03-17 09:00:00,Low,In Progress,Portal,Access Request,A003,Kimberly Pearson,57,No,4
T03117,2025-10-28 00:00:00,2025-11-01 20:00:00,Low,In Progress,Chat,Network Issue,A021,Christine Hernandez,116,Yes,5
T03118,2025-09-20 00:00:00,2025-09-21 12:00:00,Critical,Closed,Phone,Access Request,A013,Elizabeth Jackson,36,No,2
T03119,2025-05-18 00:00:00,2025-05-19 15:00:00,Critical,In Progress,Chat,Login Issue,A018,Vanessa Weiss,39,No,4
T03120,2025-12-12 00:00:00,2025-12-13 00:00:00,Medium,Resolved,Phone,Network Issue,A010,Amy Delacruz,24,Yes,2
T03121,2026-01-28 00:00:00,2026-01-28 05:00:00,Low,Closed,Phone,Software Bug,A004,Mary Sanchez,5,No,3
T03122,2025-06-25 00:00:00,2025-06-26 08:00:00,Low,Resolved,Chat,Software Bug,A015,Katie White,32,No,4
T03123,2026-03-10 00:00:00,2026-03-13 03:00:00,Critical,In Progress,Portal,Access Request,A013,Alexander Ellison,75,Yes,1
T03124,2025-03-25 00:00:00,2025-03-26 12:00:00,High,Closed,Email,Network Issue,A025,Leonard Yates,36,Yes,2
T03125,2025-04-24 00:00:00,2025-04-27 13:00:00,High,Resolved,Chat,Network Issue,A008,Renee Padilla,85,Yes,2
T03126,2025-06-14 00:00:00,2025-06-17 10:00:00,Medium,Closed,Phone,Login Issue,A009,Angela Cabrera,82,Yes,5
T03127,2026-03-01 00:00:00,2026-03-01 18:00:00,Critical,Closed,Phone,Access Request,A020,Aaron Russell,18,Yes,5
T03128,2025-08-15 00:00:00,2025-08-15 21:00:00,Critical,Resolved,Phone,Access Request,A005,Ronald Wood,21,Yes,1
T03129,2025-01-14 00:00:00,2025-01-15 15:00:00,Critical,Closed,Phone,Login Issue,A012,Nathaniel White,39,Yes,1
T03130,2025-10-30 00:00:00,2025-10-30 23:00:00,Critical,In Progress,Portal,Login Issue,A013,Theresa Trujillo,23,Yes,4
T03131,2025-03-06 00:00:00,2025-03-10 09:00:00,Low,In Progress,Email,Network Issue,A019,Brandon Diaz,105,Yes,3
T03132,2025-09-14 00:00:00,2025-09-14 06:00:00,High,Open,Phone,Network Issue,A002,John Wood,6,No,3
T03133,2025-02-18 00:00:00,2025-02-21 14:00:00,Low,Open,Phone,Network Issue,A007,Taylor King,86,No,5
T03134,2025-11-13 00:00:00,2025-11-14 05:00:00,Critical,Open,Email,Login Issue,A002,Mr. Chris Smith,29,Yes,4
T03135,2025-04-05 00:00:00,2025-04-08 19:00:00,High,Closed,Email,Hardware Failure,A005,Angela Bryan,91,Yes,5
T03136,2026-03-07 00:00:00,2026-03-08 20:00:00,High,Closed,Email,Access Request,A024,Christopher Burch,44,No,4
T03137,2025-07-01 00:00:00,2025-07-04 05:00:00,Low,Closed,Phone,Network Issue,A001,Kevin Shaw,77,No,3
T03138,2026-02-11 00:00:00,2026-02-15 04:00:00,Medium,In Progress,Phone,Login Issue,A013,Rebecca Willis,100,No,3
T03139,2025-08-27 00:00:00,2025-08-31 22:00:00,Low,Resolved,Chat,Hardware Failure,A010,Marissa Mcclure,118,No,5
T03140,2026-01-11 00:00:00,2026-01-12 13:00:00,Critical,Open,Email,Access Request,A010,Alex Vega,37,No,2
T03141,2025-04-11 00:00:00,2025-04-14 15:00:00,Low,Open,Portal,Hardware Failure,A014,Raymond Jackson,87,No,5
T03142,2025-12-31 00:00:00,2026-01-02 07:00:00,Low,Resolved,Phone,Hardware Failure,A021,Jessica Hart,55,No,3
T03143,2025-02-04 00:00:00,2025-02-04 17:00:00,Medium,Open,Chat,Hardware Failure,A018,Matthew Nichols,17,Yes,1
T03144,2025-07-28 00:00:00,2025-07-31 13:00:00,Low,In Progress,Phone,Network Issue,A003,Eric Smith,85,Yes,1
T03145,2025-07-20 00:00:00,2025-07-22 14:00:00,Critical,Open,Portal,Hardware Failure,A021,Courtney Hudson,62,No,5
T03146,2025-04-15 00:00:00,2025-04-16 19:00:00,Medium,In Progress,Phone,Hardware Failure,A004,Abigail Webster,43,No,2
T03147,2025-10-27 00:00:00,2025-10-27 20:00:00,Medium,Closed,Chat,Access Request,A012,Katherine Young,20,No,1
T03148,2025-04-23 00:00:00,2025-04-27 21:00:00,Low,Open,Chat,Network Issue,A020,Morgan Ortiz,117,No,4
T03149,2025-04-09 00:00:00,2025-04-09 03:00:00,Low,In Progress,Portal,Software Bug,A025,Robert Smith,3,Yes,1
T03150,2025-10-19 00:00:00,2025-10-23 01:00:00,Medium,In Progress,Email,Network Issue,A005,Joseph Day,97,No,5
T03151,2025-08-12 00:00:00,2025-08-13 21:00:00,Critical,Closed,Phone,Network Issue,A016,Mike Conner,45,No,5
T03152,2025-02-22 00:00:00,2025-02-24 15:00:00,Medium,Closed,Portal,Software Bug,A019,Ashley Diaz,63,Yes,5
T03153,2025-06-24 00:00:00,2025-06-28 19:00:00,Medium,Open,Email,Login Issue,A025,Katelyn Watson,115,No,2
T03154,2025-12-08 00:00:00,2025-12-12 16:00:00,Critical,Resolved,Phone,Hardware Failure,A013,Jennifer Stone,112,No,1
T03155,2025-04-05 00:00:00,2025-04-07 08:00:00,Medium,Resolved,Email,Network Issue,A016,Holly Murray,56,Yes,4
T03156,2025-05-24 00:00:00,2025-05-25 17:00:00,Medium,In Progress,Portal,Software Bug,A022,Lynn Jones,41,No,3
T03157,2025-06-10 00:00:00,2025-06-15 00:00:00,Critical,Closed,Chat,Access Request,A015,Andrew Holloway,120,No,4
T03158,2025-10-29 00:00:00,2025-10-31 07:00:00,Medium,Resolved,Chat,Software Bug,A004,Mark Davidson,55,Yes,2
T03159,2025-06-07 00:00:00,2025-06-09 05:00:00,High,Open,Portal,Access Request,A005,Marc Kemp,53,No,2
T03160,2025-06-17 00:00:00,2025-06-19 02:00:00,High,Open,Phone,Login Issue,A014,Nancy Flores,50,Yes,5
T03161,2026-01-20 00:00:00,2026-01-22 10:00:00,Critical,In Progress,Phone,Software Bug,A023,Jill Neal,58,Yes,4
T03162,2025-11-11 00:00:00,2025-11-13 09:00:00,Medium,Resolved,Chat,Network Issue,A003,Christopher Bryan,57,Yes,5
T03163,2025-10-22 00:00:00,2025-10-22 15:00:00,Critical,Resolved,Email,Network Issue,A005,Jessica Hess,15,Yes,3
T03164,2025-05-30 00:00:00,2025-06-03 19:00:00,Critical,Open,Chat,Software Bug,A016,Ryan Malone,115,No,4
T03165,2026-03-16 00:00:00,2026-03-20 17:00:00,High,Open,Chat,Login Issue,A015,William Kent,113,Yes,2
T03166,2025-04-15 00:00:00,2025-04-16 06:00:00,Medium,Open,Chat,Hardware Failure,A018,Bryce Miller,30,Yes,5
T03167,2026-02-01 00:00:00,2026-02-02 08:00:00,Critical,In Progress,Email,Access Request,A023,Corey Cruz,32,No,2
T03168,2025-06-12 00:00:00,2025-06-12 09:00:00,Critical,Closed,Portal,Login Issue,A013,Caroline Delgado,9,Yes,4
T03169,2025-07-28 00:00:00,2025-07-31 09:00:00,Medium,Closed,Phone,Login Issue,A004,Jorge Butler,81,Yes,2
T03170,2025-03-12 00:00:00,2025-03-16 18:00:00,Low,Open,Chat,Access Request,A009,Michelle Durham,114,Yes,2
T03171,2025-07-18 00:00:00,2025-07-22 09:00:00,Medium,In Progress,Phone,Hardware Failure,A015,Mr. Ryan Benson DDS,105,No,3
T03172,2025-01-12 00:00:00,2025-01-16 06:00:00,Medium,Closed,Portal,Login Issue,A023,David Jackson,102,Yes,5
T03173,2025-07-15 00:00:00,2025-07-15 02:00:00,High,Resolved,Portal,Access Request,A005,Jane Hughes DVM,2,Yes,3
T03174,2025-10-15 00:00:00,2025-10-17 00:00:00,High,Open,Email,Network Issue,A005,Samantha Rice,48,No,4
T03175,2025-11-15 00:00:00,2025-11-17 00:00:00,Medium,Resolved,Email,Login Issue,A003,Kim Young,48,Yes,1
T03176,2025-06-19 00:00:00,2025-06-20 14:00:00,Low,Closed,Chat,Access Request,A023,David Smith,38,Yes,4
T03177,2025-10-04 00:00:00,2025-10-08 17:00:00,Medium,Open,Chat,Software Bug,A021,Billy Little,113,Yes,1
T03178,2025-02-01 00:00:00,2025-02-02 13:00:00,High,In Progress,Email,Software Bug,A013,Michael Chavez,37,No,1
T03179,2025-09-18 00:00:00,2025-09-19 20:00:00,Medium,Resolved,Phone,Access Request,A021,Tracy Davis,44,Yes,1
T03180,2025-05-21 00:00:00,2025-05-23 18:00:00,Critical,Resolved,Portal,Software Bug,A012,Adam Hoffman,66,Yes,2
T03181,2025-04-11 00:00:00,2025-04-11 06:00:00,Low,Open,Portal,Access Request,A011,Shannon Turner,6,No,5
T03182,2025-05-25 00:00:00,2025-05-27 10:00:00,Critical,Closed,Chat,Login Issue,A003,Gary Duncan,58,Yes,1
T03183,2025-03-21 00:00:00,2025-03-25 18:00:00,Low,Closed,Phone,Hardware Failure,A023,Cheyenne Garcia,114,Yes,4
T03184,2025-08-12 00:00:00,2025-08-12 12:00:00,High,Closed,Portal,Access Request,A014,Danny Cervantes,12,Yes,1
T03185,2025-02-13 00:00:00,2025-02-16 01:00:00,Critical,Closed,Portal,Software Bug,A019,Denise Evans,73,Yes,5
T03186,2025-12-06 00:00:00,2025-12-07 02:00:00,Critical,Open,Portal,Login Issue,A024,Charles Myers,26,No,2
T03187,2026-03-19 00:00:00,2026-03-19 04:00:00,Medium,Resolved,Phone,Software Bug,A012,Isaac Butler,4,Yes,3
T03188,2025-10-29 00:00:00,2025-10-30 21:00:00,High,Closed,Phone,Access Request,A012,Aaron Sims,45,Yes,4
T03189,2025-07-06 00:00:00,2025-07-07 07:00:00,Medium,Resolved,Phone,Hardware Failure,A013,Kara Williams,31,Yes,2
T03190,2025-02-18 00:00:00,2025-02-20 12:00:00,High,Open,Email,Software Bug,A018,Summer Bell,60,No,4
T03191,2025-08-06 00:00:00,2025-08-08 07:00:00,Critical,In Progress,Email,Network Issue,A001,Sharon Weaver,55,Yes,5
T03192,2026-02-08 00:00:00,2026-02-10 18:00:00,Medium,In Progress,Portal,Network Issue,A016,Nancy Bridges,66,No,3
T03193,2025-08-09 00:00:00,2025-08-12 04:00:00,Medium,Resolved,Chat,Login Issue,A021,Isaac Spencer,76,No,5
T03194,2026-02-20 00:00:00,2026-02-23 23:00:00,Medium,Resolved,Phone,Access Request,A012,Nicholas Sanford,95,No,1
T03195,2025-08-07 00:00:00,2025-08-07 14:00:00,Low,Closed,Phone,Login Issue,A018,Kirsten Young,14,No,2
T03196,2025-03-06 00:00:00,2025-03-10 18:00:00,Critical,In Progress,Phone,Hardware Failure,A016,Juan Vargas,114,No,1
T03197,2025-08-22 00:00:00,2025-08-26 22:00:00,Low,Resolved,Phone,Software Bug,A005,Erik Parker,118,No,1
T03198,2025-12-01 00:00:00,2025-12-03 17:00:00,Medium,Open,Email,Login Issue,A015,Angela Wade,65,Yes,4
T03199,2025-03-16 00:00:00,2025-03-16 10:00:00,Medium,Resolved,Phone,Network Issue,A010,James Peterson,10,No,1
T03200,2025-09-08 00:00:00,2025-09-09 04:00:00,High,Closed,Portal,Hardware Failure,A004,Jared Johnson,28,No,1
T03201,2025-03-03 00:00:00,2025-03-06 15:00:00,Critical,Open,Portal,Software Bug,A023,Sharon West,87,No,5
T03202,2025-06-29 00:00:00,2025-07-03 03:00:00,Critical,Closed,Portal,Software Bug,A002,Crystal Herman,99,No,4
T03203,2025-09-26 00:00:00,2025-09-30 14:00:00,Medium,Resolved,Chat,Login Issue,A001,Anthony Gill,110,No,2
T03204,2025-03-19 00:00:00,2025-03-19 21:00:00,Medium,Closed,Chat,Network Issue,A025,Brian Parks,21,No,3
T03205,2025-11-16 00:00:00,2025-11-17 02:00:00,Medium,Open,Email,Software Bug,A008,William Parker,26,Yes,2
T03206,2025-08-23 00:00:00,2025-08-23 03:00:00,High,Closed,Phone,Hardware Failure,A002,Monica Smith,3,Yes,3
T03207,2025-06-21 00:00:00,2025-06-23 16:00:00,Low,Open,Chat,Login Issue,A024,Kristen Peterson,64,Yes,5
T03208,2025-01-23 00:00:00,2025-01-23 09:00:00,Medium,Closed,Email,Login Issue,A017,Katherine Meadows,9,Yes,4
T03209,2025-03-10 00:00:00,2025-03-12 04:00:00,Medium,Resolved,Portal,Software Bug,A020,Francisco Villarreal,52,No,3
T03210,2026-03-19 00:00:00,2026-03-22 00:00:00,Medium,Resolved,Chat,Access Request,A017,David Holloway,72,Yes,2
T03211,2025-07-03 00:00:00,2025-07-05 15:00:00,Medium,Open,Chat,Access Request,A013,Kevin Anthony,63,No,1
T03212,2025-10-19 00:00:00,2025-10-19 12:00:00,Critical,In Progress,Portal,Hardware Failure,A010,Jenna Thomas,12,Yes,3
T03213,2026-02-20 00:00:00,2026-02-20 20:00:00,Medium,Open,Portal,Network Issue,A022,Timothy Hebert,20,No,1
T03214,2025-08-05 00:00:00,2025-08-06 23:00:00,Medium,Resolved,Portal,Access Request,A011,Christine Russo,47,No,2
T03215,2026-03-16 00:00:00,2026-03-20 18:00:00,Medium,Closed,Phone,Software Bug,A001,Victoria Henderson,114,Yes,5
T03216,2026-02-20 00:00:00,2026-02-20 05:00:00,Low,Closed,Email,Login Issue,A010,Cheryl Smith,5,No,2
T03217,2026-02-09 00:00:00,2026-02-09 03:00:00,Low,Open,Chat,Software Bug,A007,Jennifer Torres,3,Yes,3
T03218,2025-09-11 00:00:00,2025-09-15 17:00:00,Critical,In Progress,Email,Network Issue,A008,Mary Wheeler,113,No,1
T03219,2025-08-04 00:00:00,2025-08-08 13:00:00,Critical,In Progress,Email,Login Issue,A002,Denise Hamilton,109,Yes,2
T03220,2026-01-05 00:00:00,2026-01-05 05:00:00,Low,In Progress,Email,Access Request,A015,Jose Dorsey,5,Yes,5
T03221,2026-01-08 00:00:00,2026-01-08 01:00:00,Low,In Progress,Phone,Software Bug,A023,Kimberly Mason,1,No,3
T03222,2025-02-03 00:00:00,2025-02-04 19:00:00,Medium,Open,Phone,Login Issue,A009,Jeanne Byrd,43,Yes,5
T03223,2025-11-21 00:00:00,2025-11-23 09:00:00,Critical,Open,Phone,Hardware Failure,A013,Bruce Miller,57,Yes,4
T03224,2025-10-01 00:00:00,2025-10-05 22:00:00,Low,In Progress,Phone,Hardware Failure,A017,Raymond Weeks,118,Yes,1
T03225,2025-06-28 00:00:00,2025-07-02 14:00:00,High,Closed,Chat,Hardware Failure,A001,Patricia Carpenter,110,No,5
T03226,2026-01-03 00:00:00,2026-01-04 05:00:00,Low,Open,Chat,Access Request,A007,Charles Lambert,29,Yes,1
T03227,2025-01-05 00:00:00,2025-01-09 15:00:00,Critical,Closed,Phone,Access Request,A015,Kristin Campbell,111,No,5
T03228,2025-03-13 00:00:00,2025-03-13 13:00:00,Low,Resolved,Phone,Hardware Failure,A020,Dawn Stafford,13,Yes,5
T03229,2025-08-31 00:00:00,2025-09-02 05:00:00,Low,Open,Portal,Hardware Failure,A014,Kyle Caldwell,53,No,3
T03230,2025-12-20 00:00:00,2025-12-24 15:00:00,Critical,Closed,Portal,Network Issue,A022,Kimberly Hebert,111,Yes,1
T03231,2025-07-29 00:00:00,2025-08-02 23:00:00,Critical,Resolved,Email,Login Issue,A024,Sarah Rodriguez,119,No,2
T03232,2026-03-27 00:00:00,2026-03-31 04:00:00,Critical,Closed,Phone,Access Request,A006,Holly Hunter,100,Yes,2
T03233,2025-08-06 00:00:00,2025-08-08 08:00:00,Critical,Open,Phone,Hardware Failure,A021,Mr. Michael Cole,56,No,4
T03234,2025-02-13 00:00:00,2025-02-15 03:00:00,Medium,In Progress,Email,Hardware Failure,A010,Mary Colon,51,Yes,3
T03235,2026-02-18 00:00:00,2026-02-19 17:00:00,Low,In Progress,Chat,Software Bug,A020,Gregory Manning,41,No,5
T03236,2025-09-03 00:00:00,2025-09-05 12:00:00,Critical,Resolved,Portal,Hardware Failure,A010,Levi Jones,60,Yes,2
T03237,2025-10-09 00:00:00,2025-10-13 12:00:00,High,Open,Chat,Login Issue,A003,Bryan Ramirez,108,No,2
T03238,2025-03-05 00:00:00,2025-03-09 03:00:00,Low,Closed,Chat,Hardware Failure,A018,Amy Larson,99,Yes,4
T03239,2025-10-20 00:00:00,2025-10-20 09:00:00,High,Closed,Chat,Login Issue,A018,Justin Powell,9,No,2
T03240,2025-02-11 00:00:00,2025-02-14 11:00:00,High,Closed,Email,Login Issue,A021,Mr. Brian Blair,83,No,1
T03241,2026-02-01 00:00:00,2026-02-01 06:00:00,Medium,Resolved,Chat,Access Request,A023,Robert Nelson,6,Yes,1
T03242,2025-09-25 00:00:00,2025-09-27 10:00:00,Critical,Resolved,Portal,Login Issue,A021,James Bruce,58,Yes,5
T03243,2025-11-25 00:00:00,2025-11-25 03:00:00,Medium,Open,Email,Login Issue,A024,Stephanie Diaz,3,Yes,2
T03244,2025-06-24 00:00:00,2025-06-27 10:00:00,Low,Closed,Email,Hardware Failure,A009,Kerry Carter,82,Yes,1
T03245,2025-10-20 00:00:00,2025-10-24 01:00:00,Critical,Resolved,Phone,Network Issue,A006,Maria Coleman,97,Yes,1
T03246,2026-03-12 00:00:00,2026-03-13 01:00:00,Medium,Open,Email,Hardware Failure,A006,Brenda Payne,25,Yes,4
T03247,2025-01-07 00:00:00,2025-01-11 05:00:00,Medium,Open,Phone,Software Bug,A006,Michael Kelly,101,No,4
T03248,2025-11-30 00:00:00,2025-12-03 19:00:00,Medium,Resolved,Portal,Software Bug,A008,Kevin Barrera,91,No,4
T03249,2026-02-10 00:00:00,2026-02-13 23:00:00,Low,Resolved,Portal,Login Issue,A021,Elizabeth Wood,95,No,3
T03250,2025-06-06 00:00:00,2025-06-08 03:00:00,High,Closed,Portal,Software Bug,A002,Russell Anderson,51,No,5
T03251,2025-10-05 00:00:00,2025-10-09 20:00:00,Medium,Resolved,Chat,Software Bug,A012,Jacqueline Alexander,116,Yes,4
T03252,2025-05-11 00:00:00,2025-05-12 19:00:00,High,Closed,Portal,Access Request,A018,Mary Freeman,43,No,1
T03253,2025-07-01 00:00:00,2025-07-05 23:00:00,Medium,Resolved,Phone,Software Bug,A018,Nicole Holt,119,Yes,5
T03254,2025-12-05 00:00:00,2025-12-09 23:00:00,Critical,In Progress,Portal,Hardware Failure,A007,Jordan Kim,119,No,3
T03255,2025-07-20 00:00:00,2025-07-24 11:00:00,High,In Progress,Phone,Login Issue,A022,Katie Cordova,107,No,3
T03256,2025-08-31 00:00:00,2025-09-01 23:00:00,Critical,Open,Chat,Network Issue,A006,Chelsea Ramos,47,No,5
T03257,2026-01-30 00:00:00,2026-02-03 07:00:00,Medium,Resolved,Chat,Network Issue,A024,Kristin Johnson,103,No,5
T03258,2025-11-02 00:00:00,2025-11-05 17:00:00,Low,Resolved,Email,Software Bug,A011,Anthony Greer,89,Yes,3
T03259,2025-07-04 00:00:00,2025-07-07 21:00:00,Medium,Resolved,Portal,Hardware Failure,A006,John Smith,93,Yes,1
T03260,2025-01-27 00:00:00,2025-01-29 11:00:00,High,In Progress,Phone,Access Request,A002,Mark Hood,59,No,2
T03261,2025-08-17 00:00:00,2025-08-18 06:00:00,Medium,Resolved,Chat,Software Bug,A022,Danielle Williamson,30,Yes,4
T03262,2025-05-04 00:00:00,2025-05-07 00:00:00,Low,Closed,Phone,Software Bug,A018,Melissa Hawkins,72,No,1
T03263,2025-02-26 00:00:00,2025-02-27 22:00:00,Medium,Open,Chat,Software Bug,A001,Franklin Hawkins,46,Yes,1
T03264,2025-10-15 00:00:00,2025-10-15 13:00:00,Medium,Resolved,Phone,Login Issue,A005,Adrian Hanson,13,No,3
T03265,2025-11-02 00:00:00,2025-11-03 10:00:00,Medium,Closed,Chat,Network Issue,A003,Alexander Charles,34,Yes,2
T03266,2025-02-27 00:00:00,2025-02-27 19:00:00,High,Open,Chat,Network Issue,A013,Jon White,19,No,2
T03267,2025-04-05 00:00:00,2025-04-09 18:00:00,High,In Progress,Portal,Hardware Failure,A006,Jessica Brown,114,No,4
T03268,2025-02-26 00:00:00,2025-03-01 17:00:00,High,Closed,Phone,Access Request,A007,Lisa Watson,89,No,1
T03269,2025-06-28 00:00:00,2025-06-29 14:00:00,Low,Resolved,Portal,Login Issue,A020,Elizabeth Murphy,38,Yes,3
T03270,2025-10-27 00:00:00,2025-10-28 06:00:00,Low,Open,Portal,Software Bug,A012,Meghan Blake,30,No,3
T03271,2025-06-10 00:00:00,2025-06-14 01:00:00,Critical,Open,Portal,Network Issue,A016,Briana Hill,97,Yes,2
T03272,2025-10-06 00:00:00,2025-10-10 13:00:00,Critical,Closed,Phone,Network Issue,A015,Ricky Blake,109,No,1
T03273,2025-07-17 00:00:00,2025-07-17 13:00:00,Low,Resolved,Portal,Software Bug,A014,Jeremy Gonzales,13,Yes,2
T03274,2026-01-25 00:00:00,2026-01-27 07:00:00,Low,In Progress,Portal,Login Issue,A017,John Werner,55,No,3
T03275,2025-09-27 00:00:00,2025-09-27 16:00:00,Critical,Closed,Phone,Login Issue,A019,Oscar Brown,16,Yes,5
T03276,2025-08-06 00:00:00,2025-08-09 02:00:00,Low,Closed,Phone,Login Issue,A008,Robert Steele,74,No,2
T03277,2025-02-07 00:00:00,2025-02-09 08:00:00,Low,Resolved,Chat,Login Issue,A023,Natalie Rhodes,56,No,4
T03278,2026-01-05 00:00:00,2026-01-08 07:00:00,Medium,In Progress,Portal,Hardware Failure,A008,Peter Ortiz,79,Yes,5
T03279,2025-03-30 00:00:00,2025-04-03 02:00:00,High,In Progress,Email,Software Bug,A017,Amber Johnson,98,No,2
T03280,2026-03-12 00:00:00,2026-03-17 00:00:00,High,In Progress,Email,Network Issue,A012,Elizabeth Jenkins,120,Yes,1
T03281,2025-07-25 00:00:00,2025-07-26 15:00:00,Low,In Progress,Phone,Network Issue,A004,Rebecca Navarro,39,Yes,3
T03282,2025-05-11 00:00:00,2025-05-11 17:00:00,High,Resolved,Portal,Hardware Failure,A015,David Decker,17,Yes,4
T03283,2025-11-07 00:00:00,2025-11-10 07:00:00,Low,Resolved,Chat,Access Request,A001,Patricia Hanson,79,No,1
T03284,2025-11-18 00:00:00,2025-11-19 10:00:00,Low,In Progress,Chat,Network Issue,A014,Cynthia Palmer,34,No,2
T03285,2025-04-26 00:00:00,2025-04-30 22:00:00,Low,In Progress,Portal,Hardware Failure,A004,Heather Dominguez,118,Yes,1
T03286,2025-06-14 00:00:00,2025-06-14 03:00:00,Medium,Open,Portal,Access Request,A005,Erin Benton,3,No,4
T03287,2026-02-05 00:00:00,2026-02-06 20:00:00,Critical,In Progress,Phone,Access Request,A004,Colleen Rubio,44,No,1
T03288,2025-03-14 00:00:00,2025-03-17 16:00:00,Low,Open,Portal,Network Issue,A020,Robert Preston,88,Yes,5
T03289,2025-03-22 00:00:00,2025-03-22 13:00:00,Medium,Closed,Email,Software Bug,A015,Claire Dunn,13,Yes,5
T03290,2025-12-14 00:00:00,2025-12-16 11:00:00,Critical,Open,Email,Software Bug,A005,Jasmine Lopez,59,No,4
T03291,2025-09-07 00:00:00,2025-09-07 01:00:00,High,Resolved,Email,Software Bug,A007,Anthony Smith,1,Yes,4
T03292,2025-05-11 00:00:00,2025-05-12 12:00:00,Low,Open,Phone,Login Issue,A005,Amanda Johnson,36,No,3
T03293,2026-01-16 00:00:00,2026-01-20 08:00:00,Medium,Closed,Email,Network Issue,A024,Tracy Mueller,104,No,5
T03294,2025-11-23 00:00:00,2025-11-24 21:00:00,Medium,Resolved,Portal,Hardware Failure,A025,Christopher Johnson,45,No,1
T03295,2025-01-25 00:00:00,2025-01-26 07:00:00,High,Open,Phone,Software Bug,A014,Kevin Turner,31,No,1
T03296,2025-12-14 00:00:00,2025-12-15 21:00:00,Low,In Progress,Phone,Hardware Failure,A018,Frank Holden,45,Yes,3
T03297,2025-01-23 00:00:00,2025-01-23 10:00:00,Medium,Closed,Phone,Login Issue,A002,Jennifer Rodriguez,10,No,2
T03298,2025-02-21 00:00:00,2025-02-22 08:00:00,High,Closed,Email,Login Issue,A018,Linda Gilbert,32,No,2
T03299,2025-03-23 00:00:00,2025-03-23 20:00:00,Low,In Progress,Phone,Software Bug,A008,James Porter,20,Yes,1
T03300,2025-01-17 00:00:00,2025-01-21 03:00:00,Medium,Open,Portal,Access Request,A004,Shirley Green,99,No,5
T03301,2025-04-24 00:00:00,2025-04-26 06:00:00,Medium,Open,Portal,Network Issue,A024,Christopher Gibson,54,No,1
T03302,2025-11-04 00:00:00,2025-11-04 02:00:00,High,Closed,Portal,Hardware Failure,A006,Joshua Gamble,2,Yes,4
T03303,2025-01-22 00:00:00,2025-01-22 03:00:00,Medium,Open,Chat,Login Issue,A025,Manuel Contreras,3,Yes,3
T03304,2025-08-31 00:00:00,2025-09-04 21:00:00,Critical,Open,Portal,Network Issue,A009,Alexis Thomas,117,No,1
T03305,2026-03-23 00:00:00,2026-03-27 06:00:00,High,Open,Phone,Network Issue,A015,Maria Graves,102,Yes,1
T03306,2025-09-28 00:00:00,2025-09-30 00:00:00,Low,Open,Chat,Software Bug,A012,Jorge Barnes,48,No,1
T03307,2025-07-06 00:00:00,2025-07-08 06:00:00,Critical,In Progress,Portal,Software Bug,A011,Heather Thomas,54,No,5
T03308,2026-02-26 00:00:00,2026-02-26 15:00:00,Medium,Closed,Portal,Hardware Failure,A003,Jeffrey Odom,15,Yes,5
T03309,2025-08-13 00:00:00,2025-08-15 10:00:00,Critical,In Progress,Portal,Network Issue,A019,Roy Gomez,58,No,1
T03310,2025-07-25 00:00:00,2025-07-25 14:00:00,Critical,Closed,Portal,Access Request,A008,Jacob Mcdonald,14,Yes,2
T03311,2025-07-10 00:00:00,2025-07-11 23:00:00,Medium,Closed,Email,Network Issue,A018,Paul Galvan,47,No,4
T03312,2026-01-18 00:00:00,2026-01-19 13:00:00,Medium,In Progress,Phone,Software Bug,A022,James Brown,37,No,1
T03313,2025-02-05 00:00:00,2025-02-06 15:00:00,Critical,Closed,Phone,Hardware Failure,A014,Scott Burns,39,Yes,3
T03314,2026-01-08 00:00:00,2026-01-09 04:00:00,High,Open,Email,Hardware Failure,A014,Kristen Morris,28,Yes,1
T03315,2025-12-17 00:00:00,2025-12-18 15:00:00,Low,Resolved,Phone,Software Bug,A017,Amber Wolf,39,Yes,2
T03316,2025-02-27 00:00:00,2025-03-02 05:00:00,Critical,In Progress,Portal,Software Bug,A016,Katie Mcgee,77,Yes,4
T03317,2026-03-07 00:00:00,2026-03-08 09:00:00,High,Closed,Portal,Access Request,A017,Destiny Perez,33,No,4
T03318,2025-01-12 00:00:00,2025-01-13 04:00:00,Medium,Open,Email,Software Bug,A018,Misty Wiggins,28,Yes,4
T03319,2025-09-07 00:00:00,2025-09-10 16:00:00,Medium,Closed,Phone,Login Issue,A025,Robert Fisher,88,No,5
T03320,2025-10-23 00:00:00,2025-10-24 00:00:00,Low,In Progress,Portal,Login Issue,A013,Whitney Duran,24,No,2
T03321,2025-11-03 00:00:00,2025-11-04 05:00:00,Low,Open,Chat,Login Issue,A013,Melanie Martinez,29,Yes,3
T03322,2025-10-24 00:00:00,2025-10-24 13:00:00,Critical,In Progress,Phone,Access Request,A006,Dr. Peter Marquez,13,No,1
T03323,2025-09-03 00:00:00,2025-09-03 16:00:00,Medium,Open,Email,Access Request,A004,Charles Watson,16,No,5
T03324,2025-12-23 00:00:00,2025-12-26 03:00:00,Low,Closed,Chat,Hardware Failure,A017,Ashley Pham,75,No,4
T03325,2026-03-03 00:00:00,2026-03-06 02:00:00,High,Closed,Email,Software Bug,A006,William Campbell,74,Yes,4
T03326,2025-02-24 00:00:00,2025-02-26 15:00:00,Low,Resolved,Portal,Software Bug,A014,Joseph Bailey,63,No,1
T03327,2025-09-22 00:00:00,2025-09-25 23:00:00,Low,Open,Portal,Login Issue,A016,Gail Bell,95,Yes,1
T03328,2025-11-20 00:00:00,2025-11-24 07:00:00,Critical,In Progress,Email,Hardware Failure,A007,Heidi Graham,103,Yes,3
T03329,2025-03-28 00:00:00,2025-03-31 05:00:00,High,Resolved,Portal,Network Issue,A024,Amanda Barnes,77,No,4
T03330,2025-02-22 00:00:00,2025-02-24 06:00:00,High,Closed,Phone,Hardware Failure,A018,Mason Fernandez,54,Yes,5
T03331,2025-02-15 00:00:00,2025-02-18 02:00:00,Low,Closed,Phone,Login Issue,A004,Anthony Byrd,74,Yes,2
T03332,2025-11-26 00:00:00,2025-11-30 10:00:00,Critical,Open,Portal,Hardware Failure,A012,Jennifer Andersen MD,106,Yes,1
T03333,2026-02-12 00:00:00,2026-02-15 16:00:00,Low,Closed,Phone,Network Issue,A014,Dr. Jessica Crawford,88,Yes,2
T03334,2026-02-15 00:00:00,2026-02-19 12:00:00,Low,Closed,Chat,Software Bug,A019,Alyssa Garrett,108,Yes,2
T03335,2026-01-22 00:00:00,2026-01-26 13:00:00,High,Open,Phone,Hardware Failure,A022,Danny Lane,109,Yes,1
T03336,2025-11-04 00:00:00,2025-11-05 22:00:00,High,Resolved,Phone,Software Bug,A023,Brenda West,46,No,3
T03337,2026-02-25 00:00:00,2026-03-01 16:00:00,Low,In Progress,Portal,Software Bug,A024,Benjamin Robinson,112,Yes,2
T03338,2025-11-06 00:00:00,2025-11-09 09:00:00,Medium,Resolved,Chat,Login Issue,A015,Daniel Benjamin,81,No,2
T03339,2025-02-05 00:00:00,2025-02-09 11:00:00,Medium,Resolved,Email,Software Bug,A016,William Anderson,107,No,5
T03340,2025-04-02 00:00:00,2025-04-06 20:00:00,Medium,In Progress,Portal,Login Issue,A004,David Cross,116,No,1
T03341,2025-04-30 00:00:00,2025-05-03 02:00:00,High,Resolved,Chat,Login Issue,A007,Rachel Jackson,74,No,5
T03342,2025-06-12 00:00:00,2025-06-13 06:00:00,High,Closed,Phone,Login Issue,A020,Alyssa Gonzalez,30,Yes,1
T03343,2025-01-05 00:00:00,2025-01-09 19:00:00,Critical,Resolved,Email,Access Request,A014,Angela Martinez,115,No,4
T03344,2025-07-05 00:00:00,2025-07-09 17:00:00,Critical,In Progress,Chat,Login Issue,A018,Deborah Martinez,113,Yes,5
T03345,2025-12-26 00:00:00,2025-12-26 14:00:00,Critical,In Progress,Chat,Login Issue,A014,John Ayala,14,No,4
T03346,2025-09-18 00:00:00,2025-09-18 09:00:00,Medium,In Progress,Portal,Network Issue,A014,Eric Welch,9,No,1
T03347,2025-01-15 00:00:00,2025-01-17 14:00:00,Low,Closed,Phone,Software Bug,A001,Steven Hart,62,Yes,2
T03348,2025-06-06 00:00:00,2025-06-06 17:00:00,Medium,Resolved,Email,Access Request,A017,Rachel Watson,17,Yes,2
T03349,2026-02-20 00:00:00,2026-02-24 08:00:00,Critical,In Progress,Phone,Network Issue,A014,Miss Suzanne Spencer,104,No,1
T03350,2025-06-07 00:00:00,2025-06-11 20:00:00,Low,Open,Chat,Software Bug,A009,Katrina Carlson,116,Yes,1
T03351,2025-06-01 00:00:00,2025-06-05 02:00:00,High,In Progress,Email,Network Issue,A023,Matthew Serrano,98,No,5
T03352,2025-05-06 00:00:00,2025-05-10 08:00:00,Low,Resolved,Portal,Hardware Failure,A012,Vanessa Haley,104,Yes,3
T03353,2025-03-02 00:00:00,2025-03-05 14:00:00,Critical,Open,Chat,Hardware Failure,A009,Beverly Hopkins,86,Yes,5
T03354,2025-11-10 00:00:00,2025-11-14 07:00:00,High,Open,Chat,Hardware Failure,A012,Michelle Oneal,103,Yes,5
T03355,2025-11-14 00:00:00,2025-11-16 22:00:00,Low,In Progress,Portal,Login Issue,A011,Joshua Morgan,70,No,5
T03356,2026-03-02 00:00:00,2026-03-05 10:00:00,High,Resolved,Email,Access Request,A002,Rebecca Livingston,82,Yes,2
T03357,2025-07-17 00:00:00,2025-07-21 15:00:00,Low,Open,Phone,Software Bug,A013,Joshua Chavez,111,No,1
T03358,2025-11-12 00:00:00,2025-11-13 11:00:00,Medium,Open,Phone,Network Issue,A016,Rachel Graves,35,No,2
T03359,2025-12-31 00:00:00,2026-01-02 01:00:00,Critical,In Progress,Phone,Access Request,A012,Julia Archer,49,Yes,4
T03360,2025-04-29 00:00:00,2025-05-01 21:00:00,Low,Resolved,Email,Login Issue,A021,Mr. Victor Sloan,69,Yes,4
T03361,2025-11-08 00:00:00,2025-11-11 15:00:00,Medium,Resolved,Phone,Software Bug,A021,Monica Lucas,87,Yes,1
T03362,2025-05-31 00:00:00,2025-05-31 01:00:00,Critical,In Progress,Phone,Software Bug,A014,William Figueroa,1,Yes,4
T03363,2025-04-14 00:00:00,2025-04-18 08:00:00,Medium,In Progress,Chat,Network Issue,A016,Christopher Myers,104,No,3
T03364,2025-02-22 00:00:00,2025-02-25 23:00:00,Critical,Closed,Chat,Login Issue,A017,Eric Randall,95,No,5
T03365,2026-02-02 00:00:00,2026-02-06 08:00:00,High,In Progress,Chat,Network Issue,A024,Deanna Davis,104,Yes,3
T03366,2025-07-16 00:00:00,2025-07-19 08:00:00,High,Resolved,Email,Hardware Failure,A009,Alejandro Terrell,80,Yes,2
T03367,2025-06-24 00:00:00,2025-06-28 10:00:00,High,In Progress,Chat,Access Request,A009,Stephen Gibson II,106,No,1
T03368,2026-03-08 00:00:00,2026-03-11 09:00:00,Medium,Closed,Portal,Software Bug,A011,Tammy Carter,81,Yes,1
T03369,2025-06-15 00:00:00,2025-06-18 05:00:00,Critical,Closed,Chat,Login Issue,A009,Melanie Williams,77,No,1
T03370,2025-03-05 00:00:00,2025-03-09 07:00:00,Medium,Open,Email,Access Request,A019,Erica Preston,103,No,5
T03371,2025-05-21 00:00:00,2025-05-21 18:00:00,Critical,In Progress,Chat,Software Bug,A024,Robert Williams,18,No,5
T03372,2025-12-08 00:00:00,2025-12-10 01:00:00,Critical,Closed,Portal,Access Request,A018,Joseph Peterson,49,No,5
T03373,2025-08-22 00:00:00,2025-08-22 03:00:00,Low,Closed,Email,Hardware Failure,A019,Nicholas Payne,3,Yes,4
T03374,2025-02-13 00:00:00,2025-02-17 13:00:00,Critical,Open,Email,Login Issue,A025,Julie Gay,109,Yes,3
T03375,2026-02-13 00:00:00,2026-02-15 20:00:00,Critical,Open,Chat,Hardware Failure,A016,Kristopher Simpson,68,No,3
T03376,2025-08-03 00:00:00,2025-08-05 08:00:00,Low,Resolved,Email,Access Request,A024,Michael Perez,56,No,3
T03377,2025-01-11 00:00:00,2025-01-14 16:00:00,Critical,Closed,Chat,Software Bug,A019,Annette Palmer,88,Yes,1
T03378,2025-04-15 00:00:00,2025-04-16 13:00:00,High,Closed,Chat,Login Issue,A009,Anna Webb,37,No,2
T03379,2026-01-24 00:00:00,2026-01-28 21:00:00,High,Closed,Portal,Access Request,A008,Katherine Manning,117,No,1
T03380,2025-06-25 00:00:00,2025-06-26 16:00:00,Medium,Resolved,Phone,Access Request,A014,Laura Cole,40,Yes,1
T03381,2025-08-30 00:00:00,2025-09-03 11:00:00,Medium,Resolved,Portal,Login Issue,A010,Destiny Burton,107,Yes,5
T03382,2026-03-09 00:00:00,2026-03-09 17:00:00,Low,In Progress,Chat,Hardware Failure,A014,Amanda Hoffman,17,Yes,3
T03383,2026-01-22 00:00:00,2026-01-24 01:00:00,Low,Closed,Phone,Access Request,A021,Juan Rowe,49,No,3
T03384,2025-10-21 00:00:00,2025-10-22 08:00:00,Low,Closed,Phone,Software Bug,A017,Erika Estrada,32,No,4
T03385,2025-04-24 00:00:00,2025-04-24 03:00:00,Low,Open,Phone,Hardware Failure,A018,Maureen Anderson,3,No,1
T03386,2025-11-04 00:00:00,2025-11-05 19:00:00,Medium,Open,Chat,Access Request,A012,Kayla Greene,43,Yes,1
T03387,2026-03-21 00:00:00,2026-03-25 20:00:00,Critical,Resolved,Portal,Hardware Failure,A002,Evelyn Santos,116,Yes,4
T03388,2025-07-18 00:00:00,2025-07-19 18:00:00,Medium,Open,Phone,Hardware Failure,A007,Stephanie Hawkins,42,No,4
T03389,2025-06-05 00:00:00,2025-06-08 16:00:00,Medium,Resolved,Portal,Access Request,A025,Anthony Curtis,88,No,3
T03390,2026-01-18 00:00:00,2026-01-21 23:00:00,Medium,Open,Email,Network Issue,A007,Kelly Moore,95,Yes,2
T03391,2025-07-09 00:00:00,2025-07-11 09:00:00,Low,Closed,Email,Hardware Failure,A008,Jacqueline Miller,57,Yes,4
T03392,2025-08-17 00:00:00,2025-08-18 15:00:00,High,Closed,Portal,Hardware Failure,A006,Lucas Stewart,39,No,3
T03393,2025-03-11 00:00:00,2025-03-13 02:00:00,Critical,Closed,Chat,Login Issue,A017,Maria Stark,50,No,2
T03394,2026-02-21 00:00:00,2026-02-23 16:00:00,Critical,Resolved,Chat,Software Bug,A021,Cameron Jones,64,Yes,3
T03395,2025-05-27 00:00:00,2025-05-31 12:00:00,High,In Progress,Chat,Network Issue,A015,Edward Russell,108,No,5
T03396,2026-02-08 00:00:00,2026-02-09 09:00:00,Medium,Closed,Portal,Hardware Failure,A014,Samuel Bauer,33,No,1
T03397,2025-05-25 00:00:00,2025-05-25 04:00:00,Medium,Open,Portal,Hardware Failure,A015,Gregory Thompson,4,No,3
T03398,2025-02-11 00:00:00,2025-02-12 16:00:00,Critical,Resolved,Phone,Software Bug,A003,Michael Smith,40,Yes,5
T03399,2025-06-12 00:00:00,2025-06-16 01:00:00,Medium,In Progress,Email,Access Request,A019,Gary Combs,97,Yes,4
T03400,2026-02-08 00:00:00,2026-02-08 05:00:00,High,Open,Portal,Software Bug,A013,Kelly Davis,5,No,1
T03401,2026-01-07 00:00:00,2026-01-09 17:00:00,Medium,Resolved,Chat,Software Bug,A008,Samantha Munoz,65,No,2
T03402,2025-12-02 00:00:00,2025-12-05 13:00:00,High,In Progress,Chat,Network Issue,A007,Justin Perry,85,Yes,4
T03403,2025-07-30 00:00:00,2025-08-01 08:00:00,Low,Open,Chat,Hardware Failure,A001,Melinda Foley,56,Yes,1
T03404,2025-02-05 00:00:00,2025-02-05 08:00:00,High,Resolved,Portal,Login Issue,A003,Stefanie Wright,8,No,2
T03405,2026-03-03 00:00:00,2026-03-04 17:00:00,Low,Open,Chat,Access Request,A007,Stephen Sanders,41,No,1
T03406,2026-02-08 00:00:00,2026-02-12 23:00:00,Critical,Closed,Email,Software Bug,A024,Jessica Cruz,119,No,3
T03407,2025-08-29 00:00:00,2025-08-31 10:00:00,Low,Closed,Portal,Login Issue,A009,Ricky Scott,58,No,4
T03408,2026-01-11 00:00:00,2026-01-14 03:00:00,Critical,Closed,Phone,Access Request,A001,Pamela Perez,75,No,4
T03409,2025-12-31 00:00:00,2025-12-31 18:00:00,Critical,Resolved,Chat,Login Issue,A017,Andrew Parker,18,Yes,3
T03410,2025-05-22 00:00:00,2025-05-25 20:00:00,Medium,In Progress,Email,Network Issue,A019,Lisa Ward,92,Yes,2
T03411,2025-09-12 00:00:00,2025-09-14 07:00:00,Low,Resolved,Chat,Hardware Failure,A022,Glenda Brown,55,Yes,3
T03412,2025-11-16 00:00:00,2025-11-18 21:00:00,Medium,In Progress,Email,Software Bug,A002,Kristin Richardson,69,No,4
T03413,2025-02-04 00:00:00,2025-02-05 04:00:00,Critical,Closed,Email,Software Bug,A016,Jessica Whitaker,28,No,1
T03414,2025-08-19 00:00:00,2025-08-23 16:00:00,Medium,Open,Chat,Hardware Failure,A024,Heather Wheeler,112,No,2
T03415,2025-03-27 00:00:00,2025-03-28 10:00:00,High,Resolved,Phone,Login Issue,A007,Alicia Adams,34,No,4
T03416,2025-11-07 00:00:00,2025-11-08 10:00:00,Low,Open,Phone,Network Issue,A017,Angela Little MD,34,No,3
T03417,2025-11-27 00:00:00,2025-11-28 05:00:00,Low,Closed,Portal,Software Bug,A016,Deborah Whitney,29,No,3
T03418,2025-06-04 00:00:00,2025-06-04 13:00:00,Low,In Progress,Chat,Login Issue,A017,Amy Wolf,13,Yes,2
T03419,2025-01-05 00:00:00,2025-01-05 19:00:00,High,In Progress,Chat,Hardware Failure,A025,Bradley Murphy,19,No,3
T03420,2025-10-01 00:00:00,2025-10-05 09:00:00,High,In Progress,Chat,Network Issue,A023,Dr. Charles Weeks,105,Yes,1
T03421,2025-09-08 00:00:00,2025-09-10 23:00:00,High,Resolved,Email,Access Request,A017,Steven Romero,71,No,5
T03422,2025-12-28 00:00:00,2026-01-01 18:00:00,Medium,Closed,Chat,Software Bug,A017,Mr. Daniel Diaz II,114,Yes,1
T03423,2025-07-12 00:00:00,2025-07-14 11:00:00,Medium,In Progress,Phone,Login Issue,A019,Daniel Bishop,59,Yes,3
T03424,2025-06-09 00:00:00,2025-06-11 21:00:00,Low,Open,Email,Network Issue,A018,Michael Allen,69,Yes,5
T03425,2026-02-24 00:00:00,2026-02-25 10:00:00,Medium,Resolved,Phone,Access Request,A006,Lorraine Rogers,34,No,4
T03426,2025-03-22 00:00:00,2025-03-22 14:00:00,High,Closed,Phone,Login Issue,A019,John Smith,14,Yes,5
T03427,2025-03-30 00:00:00,2025-03-30 09:00:00,High,In Progress,Portal,Network Issue,A010,Samantha Williams,9,Yes,5
T03428,2025-02-14 00:00:00,2025-02-15 14:00:00,Low,In Progress,Phone,Login Issue,A011,Kyle Singh,38,No,4
T03429,2025-07-05 00:00:00,2025-07-06 02:00:00,Low,Resolved,Phone,Login Issue,A007,Jordan Ramos,26,Yes,1
T03430,2026-02-18 00:00:00,2026-02-19 16:00:00,Low,Closed,Portal,Access Request,A003,Jeffery Richards,40,Yes,3
T03431,2025-01-25 00:00:00,2025-01-28 07:00:00,High,Resolved,Chat,Software Bug,A015,Cassandra Ryan,79,No,4
T03432,2026-01-15 00:00:00,2026-01-19 12:00:00,Medium,Resolved,Chat,Software Bug,A004,Craig Anderson,108,Yes,4
T03433,2025-11-02 00:00:00,2025-11-05 04:00:00,Medium,Closed,Chat,Software Bug,A005,Marvin Coleman,76,Yes,1
T03434,2025-08-02 00:00:00,2025-08-03 16:00:00,Low,Open,Portal,Login Issue,A023,George Moore,40,No,1
T03435,2025-11-25 00:00:00,2025-11-27 01:00:00,Low,Open,Email,Access Request,A021,Joshua Young,49,Yes,5
T03436,2025-03-23 00:00:00,2025-03-26 14:00:00,Medium,Open,Portal,Access Request,A005,Willie Herrera,86,No,3
T03437,2026-02-27 00:00:00,2026-03-01 17:00:00,Medium,Open,Portal,Software Bug,A021,Sharon Jennings,65,No,2
T03438,2025-03-29 00:00:00,2025-04-01 12:00:00,Critical,In Progress,Email,Access Request,A007,Maria Lowe,84,No,4
T03439,2025-09-12 00:00:00,2025-09-15 02:00:00,Low,Open,Chat,Access Request,A008,Sherry Walsh,74,Yes,1
T03440,2025-12-05 00:00:00,2025-12-09 07:00:00,Critical,In Progress,Phone,Access Request,A021,Alexander Davis,103,No,3
T03441,2025-01-26 00:00:00,2025-01-29 19:00:00,Medium,In Progress,Email,Login Issue,A021,Terry Harris,91,No,2
T03442,2026-03-09 00:00:00,2026-03-10 11:00:00,High,Closed,Phone,Software Bug,A007,Monica Bell,35,No,5
T03443,2025-03-04 00:00:00,2025-03-04 19:00:00,High,Open,Chat,Software Bug,A006,Michael Fletcher,19,Yes,5
T03444,2025-06-19 00:00:00,2025-06-22 15:00:00,Low,In Progress,Portal,Login Issue,A013,Alexandria Lambert,87,Yes,5
T03445,2025-05-28 00:00:00,2025-05-30 23:00:00,Medium,In Progress,Chat,Login Issue,A014,Colleen Vasquez,71,No,1
T03446,2026-03-10 00:00:00,2026-03-11 15:00:00,High,Closed,Portal,Access Request,A011,Donald King,39,Yes,4
T03447,2026-01-03 00:00:00,2026-01-06 03:00:00,High,Open,Chat,Hardware Failure,A013,Amanda Martinez,75,No,1
T03448,2025-04-15 00:00:00,2025-04-15 05:00:00,Critical,Resolved,Chat,Hardware Failure,A005,Deborah Edwards,5,Yes,1
T03449,2025-09-21 00:00:00,2025-09-24 00:00:00,Critical,Closed,Chat,Hardware Failure,A023,Courtney Cook,72,Yes,4
T03450,2025-02-07 00:00:00,2025-02-08 03:00:00,Low,Closed,Phone,Network Issue,A019,Michael Thornton,27,Yes,4
T03451,2025-02-15 00:00:00,2025-02-15 13:00:00,Critical,Open,Chat,Hardware Failure,A019,Nathaniel Simmons,13,No,2
T03452,2025-12-07 00:00:00,2025-12-11 01:00:00,Low,Open,Phone,Access Request,A001,Christopher Peterson,97,Yes,4
T03453,2025-06-18 00:00:00,2025-06-18 16:00:00,High,In Progress,Phone,Access Request,A010,Juan Miller,16,No,3
T03454,2025-02-07 00:00:00,2025-02-10 04:00:00,High,Closed,Email,Software Bug,A008,Judy Harris,76,No,1
T03455,2025-08-14 00:00:00,2025-08-14 17:00:00,Medium,Resolved,Email,Hardware Failure,A016,Lisa Jones,17,Yes,5
T03456,2025-11-24 00:00:00,2025-11-24 08:00:00,High,In Progress,Phone,Hardware Failure,A016,Shawn King,8,Yes,5
T03457,2026-02-18 00:00:00,2026-02-21 00:00:00,Critical,Closed,Chat,Hardware Failure,A023,Melissa Duncan,72,Yes,3
T03458,2025-10-31 00:00:00,2025-11-04 19:00:00,High,In Progress,Phone,Access Request,A006,Rebecca Dalton,115,Yes,2
T03459,2026-01-25 00:00:00,2026-01-29 02:00:00,Medium,In Progress,Phone,Software Bug,A007,Linda Sanders,98,Yes,1
T03460,2025-08-12 00:00:00,2025-08-16 19:00:00,High,Closed,Chat,Hardware Failure,A016,Matthew Smith,115,No,5
T03461,2025-11-24 00:00:00,2025-11-26 16:00:00,Low,Closed,Chat,Software Bug,A018,Jeffery Mckinney,64,Yes,5
T03462,2025-09-03 00:00:00,2025-09-04 11:00:00,High,Closed,Chat,Network Issue,A003,Roberta Scott,35,Yes,3
T03463,2025-07-02 00:00:00,2025-07-05 10:00:00,Low,Closed,Chat,Software Bug,A022,Donald Davis,82,No,2
T03464,2025-11-04 00:00:00,2025-11-07 09:00:00,Critical,Resolved,Portal,Software Bug,A003,Kayla Perry,81,Yes,2
T03465,2025-12-28 00:00:00,2025-12-31 10:00:00,Critical,In Progress,Portal,Hardware Failure,A011,Matthew Porter,82,Yes,3
T03466,2026-03-06 00:00:00,2026-03-10 00:00:00,Critical,Closed,Chat,Software Bug,A008,Tammie Taylor,96,No,1
T03467,2025-11-10 00:00:00,2025-11-12 05:00:00,High,Open,Chat,Hardware Failure,A010,Roy Terrell,53,Yes,3
T03468,2025-11-10 00:00:00,2025-11-12 04:00:00,Critical,In Progress,Email,Login Issue,A019,Victoria Castaneda,52,Yes,4
T03469,2025-06-29 00:00:00,2025-07-02 23:00:00,Medium,Open,Email,Hardware Failure,A007,Alicia Monroe,95,Yes,5
T03470,2025-02-13 00:00:00,2025-02-17 02:00:00,Critical,In Progress,Phone,Software Bug,A005,Scott Wright,98,Yes,3
T03471,2025-09-26 00:00:00,2025-09-27 12:00:00,Medium,Resolved,Phone,Hardware Failure,A013,Tamara Brown,36,No,5
T03472,2025-10-11 00:00:00,2025-10-11 07:00:00,High,Closed,Email,Login Issue,A021,Rachel Salinas,7,Yes,5
T03473,2025-05-21 00:00:00,2025-05-21 02:00:00,Medium,Resolved,Email,Login Issue,A011,Justin Howard,2,Yes,2
T03474,2025-08-13 00:00:00,2025-08-17 00:00:00,High,Closed,Portal,Hardware Failure,A004,Mr. Douglas Contreras,96,No,2
T03475,2025-06-17 00:00:00,2025-06-18 10:00:00,Critical,Open,Chat,Network Issue,A019,Joseph Logan,34,Yes,3
T03476,2025-07-21 00:00:00,2025-07-21 06:00:00,Critical,Closed,Chat,Hardware Failure,A021,Robert Jackson,6,Yes,5
T03477,2025-09-11 00:00:00,2025-09-11 18:00:00,High,In Progress,Portal,Software Bug,A020,Jerry Medina,18,Yes,1
T03478,2025-02-24 00:00:00,2025-02-27 05:00:00,High,Closed,Portal,Network Issue,A017,Lisa Rivera,77,No,2
T03479,2026-01-13 00:00:00,2026-01-13 06:00:00,Low,Resolved,Chat,Network Issue,A018,Ricky Cochran,6,Yes,2
T03480,2026-03-17 00:00:00,2026-03-17 03:00:00,Critical,Resolved,Chat,Access Request,A005,Amanda Erickson,3,Yes,4
T03481,2025-03-23 00:00:00,2025-03-25 02:00:00,Critical,Resolved,Phone,Access Request,A012,Joseph Ibarra,50,No,2
T03482,2025-09-02 00:00:00,2025-09-05 11:00:00,High,Resolved,Portal,Login Issue,A015,Judith Morgan,83,Yes,5
T03483,2026-03-02 00:00:00,2026-03-04 14:00:00,Low,Open,Email,Hardware Failure,A016,Erin Parker,62,No,3
T03484,2025-07-09 00:00:00,2025-07-09 09:00:00,High,Resolved,Email,Software Bug,A020,James Brown,9,Yes,2
T03485,2025-06-23 00:00:00,2025-06-24 03:00:00,Critical,Resolved,Phone,Access Request,A025,William Parsons,27,Yes,1
T03486,2025-09-22 00:00:00,2025-09-26 04:00:00,Critical,Resolved,Portal,Hardware Failure,A014,Alexandria Patel,100,No,3
T03487,2025-07-14 00:00:00,2025-07-18 04:00:00,Low,Closed,Email,Software Bug,A011,Erica Morrison,100,No,3
T03488,2026-01-07 00:00:00,2026-01-10 07:00:00,Medium,Resolved,Phone,Hardware Failure,A018,Felicia Rice,79,No,3
T03489,2025-12-03 00:00:00,2025-12-05 16:00:00,High,Closed,Phone,Network Issue,A024,Mary Andersen,64,Yes,1
T03490,2026-03-01 00:00:00,2026-03-04 03:00:00,Low,Closed,Portal,Network Issue,A010,Rebekah Collins,75,Yes,3
T03491,2025-06-27 00:00:00,2025-06-28 03:00:00,Critical,Closed,Email,Login Issue,A022,Justin Logan,27,Yes,3
T03492,2025-02-26 00:00:00,2025-02-26 16:00:00,High,Closed,Portal,Network Issue,A025,Nancy Conner,16,No,3
T03493,2025-11-11 00:00:00,2025-11-12 10:00:00,Low,Resolved,Portal,Network Issue,A006,Mr. Scott Mayo MD,34,No,2
T03494,2025-07-07 00:00:00,2025-07-09 12:00:00,High,Closed,Chat,Login Issue,A008,Johnathan Gross,60,No,5
T03495,2025-05-19 00:00:00,2025-05-22 11:00:00,High,Open,Portal,Access Request,A011,Jeremiah West,83,No,4
T03496,2025-08-28 00:00:00,2025-08-29 04:00:00,High,In Progress,Phone,Network Issue,A018,Theresa Woodward,28,No,5
T03497,2025-07-10 00:00:00,2025-07-11 21:00:00,Low,Resolved,Portal,Access Request,A010,Mark Hill,45,No,5
T03498,2025-07-05 00:00:00,2025-07-09 23:00:00,Low,Closed,Portal,Login Issue,A005,Mark Jordan,119,No,5
T03499,2025-11-18 00:00:00,2025-11-21 10:00:00,Medium,Closed,Phone,Network Issue,A007,James Garcia,82,No,1
T03500,2025-08-16 00:00:00,2025-08-16 01:00:00,Low,Closed,Email,Software Bug,A013,Stephanie Parker,1,No,3
T03501,2025-11-21 00:00:00,2025-11-24 20:00:00,High,Closed,Portal,Network Issue,A010,Nicholas Brown,92,Yes,1
T03502,2025-10-12 00:00:00,2025-10-13 21:00:00,High,Open,Phone,Hardware Failure,A010,Aaron Cabrera,45,No,3
T03503,2026-01-01 00:00:00,2026-01-05 03:00:00,Low,Open,Portal,Login Issue,A007,Miguel Bishop,99,No,4
T03504,2025-02-21 00:00:00,2025-02-21 03:00:00,Critical,Resolved,Email,Login Issue,A025,Johnny Taylor PhD,3,Yes,1
T03505,2025-08-13 00:00:00,2025-08-17 00:00:00,Critical,Closed,Chat,Access Request,A002,Troy Ingram,96,No,1
T03506,2025-10-06 00:00:00,2025-10-08 08:00:00,Medium,Resolved,Chat,Login Issue,A013,Danny Johnson,56,Yes,5
T03507,2025-02-26 00:00:00,2025-03-02 00:00:00,Medium,Closed,Portal,Hardware Failure,A022,Phillip Rice,96,Yes,3
T03508,2025-06-30 00:00:00,2025-07-01 02:00:00,Critical,In Progress,Chat,Software Bug,A023,Angelica Thompson,26,No,4
T03509,2025-01-24 00:00:00,2025-01-26 15:00:00,Critical,In Progress,Phone,Access Request,A018,Barry Nelson,63,Yes,1
T03510,2025-05-19 00:00:00,2025-05-23 04:00:00,Medium,In Progress,Chat,Login Issue,A025,Harold Farmer,100,Yes,1
T03511,2025-11-10 00:00:00,2025-11-10 01:00:00,High,In Progress,Email,Access Request,A015,Brandi Bryant,1,No,1
T03512,2025-03-26 00:00:00,2025-03-28 16:00:00,Medium,Closed,Portal,Network Issue,A011,Henry Estrada,64,No,3
T03513,2025-12-31 00:00:00,2026-01-04 03:00:00,Critical,Closed,Email,Software Bug,A017,Brandon Vasquez,99,Yes,5
T03514,2025-04-11 00:00:00,2025-04-14 19:00:00,Low,Closed,Phone,Software Bug,A025,Christopher Walsh,91,No,1
T03515,2026-03-08 00:00:00,2026-03-09 23:00:00,Medium,Closed,Email,Access Request,A006,Michael Gonzalez,47,No,5
T03516,2025-04-03 00:00:00,2025-04-06 14:00:00,Medium,Closed,Chat,Login Issue,A005,Gregory Herrera,86,No,4
T03517,2025-08-08 00:00:00,2025-08-11 03:00:00,Low,In Progress,Phone,Network Issue,A006,Pamela Hull,75,Yes,1
T03518,2025-05-16 00:00:00,2025-05-19 09:00:00,High,In Progress,Portal,Login Issue,A004,Jared Tucker,81,No,2
T03519,2026-02-09 00:00:00,2026-02-12 11:00:00,Medium,Resolved,Chat,Hardware Failure,A025,Joe Li,83,No,5
T03520,2025-08-20 00:00:00,2025-08-21 10:00:00,Critical,Resolved,Phone,Network Issue,A012,Connor Padilla,34,No,3
T03521,2025-05-24 00:00:00,2025-05-25 13:00:00,Low,Open,Chat,Login Issue,A007,Sarah Whitaker,37,No,1
T03522,2025-08-19 00:00:00,2025-08-20 01:00:00,Low,Resolved,Phone,Login Issue,A007,Hayley Adams,25,Yes,5
T03523,2025-12-20 00:00:00,2025-12-23 04:00:00,Critical,Closed,Chat,Login Issue,A018,Stephen Greer Jr.,76,No,2
T03524,2026-03-18 00:00:00,2026-03-20 16:00:00,High,Closed,Phone,Network Issue,A001,Lee Beasley,64,Yes,1
T03525,2025-05-14 00:00:00,2025-05-17 13:00:00,Medium,In Progress,Phone,Software Bug,A009,Morgan Williams,85,Yes,5
T03526,2025-02-19 00:00:00,2025-02-19 15:00:00,Critical,In Progress,Phone,Hardware Failure,A001,Jeremy Manning,15,Yes,2
T03527,2025-01-01 00:00:00,2025-01-03 18:00:00,Critical,Resolved,Portal,Hardware Failure,A002,Anthony White MD,66,Yes,4
T03528,2025-08-04 00:00:00,2025-08-07 13:00:00,Critical,Open,Phone,Hardware Failure,A013,Brittney Rodriguez,85,Yes,4
T03529,2026-01-15 00:00:00,2026-01-18 06:00:00,Low,Closed,Portal,Hardware Failure,A023,James Benjamin,78,Yes,3
T03530,2025-11-22 00:00:00,2025-11-24 06:00:00,Low,Closed,Phone,Login Issue,A010,Scott Mcdaniel,54,No,2
T03531,2025-10-15 00:00:00,2025-10-15 07:00:00,Low,Closed,Phone,Login Issue,A008,Jessica Hobbs,7,Yes,3
T03532,2025-07-18 00:00:00,2025-07-22 13:00:00,High,Closed,Chat,Access Request,A014,Natasha Perez,109,No,3
T03533,2025-06-02 00:00:00,2025-06-02 14:00:00,Low,Closed,Email,Software Bug,A023,Brandy Sullivan,14,Yes,5
T03534,2025-11-08 00:00:00,2025-11-11 16:00:00,Critical,Resolved,Email,Access Request,A024,Melissa Porter,88,No,1
T03535,2025-11-27 00:00:00,2025-11-27 02:00:00,High,In Progress,Chat,Login Issue,A023,Timothy Baker,2,No,2
T03536,2025-12-16 00:00:00,2025-12-16 07:00:00,Low,Resolved,Email,Network Issue,A013,Michael Byrd,7,Yes,1
T03537,2025-10-24 00:00:00,2025-10-26 03:00:00,Low,Closed,Chat,Network Issue,A004,Joseph Ward,51,No,4
T03538,2025-05-07 00:00:00,2025-05-07 09:00:00,Medium,Closed,Phone,Software Bug,A006,Diana Hoffman,9,No,5
T03539,2026-02-12 00:00:00,2026-02-12 01:00:00,Medium,Open,Portal,Access Request,A024,Kaitlyn Cox,1,Yes,2
T03540,2025-10-09 00:00:00,2025-10-12 19:00:00,Critical,Resolved,Chat,Access Request,A001,Matthew Price,91,Yes,5
T03541,2026-03-19 00:00:00,2026-03-23 12:00:00,Medium,In Progress,Chat,Access Request,A008,Michele Wilson,108,No,5
T03542,2025-04-09 00:00:00,2025-04-12 16:00:00,Low,Open,Portal,Software Bug,A015,Roy Leonard,88,Yes,5
T03543,2026-02-16 00:00:00,2026-02-17 18:00:00,Critical,Resolved,Chat,Software Bug,A013,Matthew Carroll,42,Yes,1
T03544,2026-01-31 00:00:00,2026-02-03 17:00:00,Low,Open,Phone,Login Issue,A010,Kelli Turner,89,Yes,3
T03545,2026-02-18 00:00:00,2026-02-22 02:00:00,Medium,In Progress,Phone,Login Issue,A019,Michelle Sanchez,98,No,1
T03546,2025-07-08 00:00:00,2025-07-10 18:00:00,Critical,Open,Phone,Software Bug,A025,Donna Williams,66,No,5
T03547,2025-02-21 00:00:00,2025-02-23 16:00:00,Low,Closed,Email,Network Issue,A002,Sarah Levine,64,No,4
T03548,2025-07-30 00:00:00,2025-08-01 17:00:00,Low,Resolved,Email,Network Issue,A009,Becky Lucas,65,No,4
T03549,2025-01-03 00:00:00,2025-01-04 19:00:00,Critical,Resolved,Phone,Access Request,A019,Michael Martinez,43,No,1
T03550,2025-04-17 00:00:00,2025-04-18 07:00:00,Critical,Resolved,Email,Access Request,A015,John Steele,31,No,4
T03551,2025-08-23 00:00:00,2025-08-25 12:00:00,Low,Open,Portal,Software Bug,A008,Teresa Moore,60,No,4
T03552,2025-06-16 00:00:00,2025-06-19 12:00:00,Critical,In Progress,Email,Hardware Failure,A025,Ellen Roman,84,Yes,5
T03553,2025-01-23 00:00:00,2025-01-24 06:00:00,Medium,Resolved,Portal,Hardware Failure,A011,Kayla Thompson,30,No,2
T03554,2025-05-16 00:00:00,2025-05-20 16:00:00,Low,Open,Chat,Access Request,A009,David Robinson Jr.,112,Yes,3
T03555,2025-10-28 00:00:00,2025-10-29 15:00:00,Medium,Open,Email,Software Bug,A013,Michelle Smith DDS,39,Yes,4
T03556,2026-03-15 00:00:00,2026-03-16 20:00:00,Medium,Closed,Email,Hardware Failure,A020,Noah Dominguez,44,No,3
T03557,2026-02-23 00:00:00,2026-02-26 03:00:00,Critical,Closed,Email,Login Issue,A004,Paula Acosta,75,Yes,3
T03558,2025-09-05 00:00:00,2025-09-08 02:00:00,Critical,Resolved,Portal,Software Bug,A010,Darrell Thomas,74,No,4
T03559,2025-08-03 00:00:00,2025-08-04 20:00:00,Medium,Closed,Phone,Network Issue,A013,Emily Roberts,44,Yes,4
T03560,2025-06-01 00:00:00,2025-06-03 17:00:00,High,Open,Phone,Access Request,A001,Marissa Duffy,65,No,3
T03561,2025-12-17 00:00:00,2025-12-19 01:00:00,High,Closed,Email,Hardware Failure,A013,Bruce Hubbard,49,Yes,5
T03562,2026-03-20 00:00:00,2026-03-23 12:00:00,Low,In Progress,Phone,Hardware Failure,A018,Dana Orozco,84,No,4
T03563,2025-01-18 00:00:00,2025-01-21 08:00:00,Critical,Closed,Portal,Access Request,A012,Dave White,80,No,4
T03564,2025-01-21 00:00:00,2025-01-25 01:00:00,Critical,In Progress,Portal,Network Issue,A016,Erik Williams,97,No,2
T03565,2025-10-29 00:00:00,2025-10-30 00:00:00,Low,Open,Email,Hardware Failure,A025,Glenn Parrish,24,Yes,4
T03566,2025-07-03 00:00:00,2025-07-03 16:00:00,Critical,In Progress,Phone,Login Issue,A014,Allen Huang,16,Yes,2
T03567,2025-05-28 00:00:00,2025-05-29 02:00:00,Medium,In Progress,Phone,Login Issue,A005,Annette Conley,26,Yes,2
T03568,2025-11-12 00:00:00,2025-11-15 04:00:00,High,Resolved,Portal,Login Issue,A013,Jennifer Robinson,76,Yes,2
T03569,2026-03-04 00:00:00,2026-03-08 13:00:00,High,In Progress,Email,Hardware Failure,A020,Nancy Willis,109,No,4
T03570,2025-12-02 00:00:00,2025-12-02 17:00:00,High,Closed,Portal,Software Bug,A025,Ashley Gay,17,Yes,2
T03571,2025-11-03 00:00:00,2025-11-04 16:00:00,Medium,Resolved,Phone,Hardware Failure,A023,Linda Park,40,Yes,1
T03572,2025-01-17 00:00:00,2025-01-21 05:00:00,High,Resolved,Chat,Software Bug,A018,Alisha Coleman,101,No,4
T03573,2026-02-04 00:00:00,2026-02-05 20:00:00,Low,Open,Email,Software Bug,A006,Annette Garcia,44,No,2
T03574,2025-06-29 00:00:00,2025-06-30 16:00:00,Low,Resolved,Phone,Hardware Failure,A014,Pam Wilson,40,No,2
T03575,2025-03-09 00:00:00,2025-03-10 23:00:00,Low,Closed,Portal,Access Request,A017,Brian Hogan,47,No,3
T03576,2025-10-06 00:00:00,2025-10-08 03:00:00,Medium,Open,Phone,Access Request,A005,Scott Hines,51,Yes,1
T03577,2025-03-04 00:00:00,2025-03-05 08:00:00,Critical,Open,Email,Access Request,A023,Matthew Crawford,32,No,1
T03578,2025-10-14 00:00:00,2025-10-16 04:00:00,Medium,In Progress,Portal,Access Request,A017,Robert Wilson,52,No,4
T03579,2025-03-23 00:00:00,2025-03-27 22:00:00,Critical,In Progress,Email,Software Bug,A006,Ann Charles,118,No,5
T03580,2025-10-18 00:00:00,2025-10-19 23:00:00,Medium,Open,Portal,Access Request,A013,Jamie Ho,47,No,4
T03581,2025-06-03 00:00:00,2025-06-03 15:00:00,Low,In Progress,Phone,Network Issue,A018,David Peterson,15,Yes,4
T03582,2025-08-30 00:00:00,2025-08-30 01:00:00,High,Open,Email,Network Issue,A017,Anna Nelson,1,No,1
T03583,2025-06-09 00:00:00,2025-06-10 20:00:00,Medium,Open,Phone,Network Issue,A024,Victoria Hudson,44,Yes,1
T03584,2025-02-12 00:00:00,2025-02-15 21:00:00,High,Resolved,Chat,Software Bug,A003,Nancy Mccarthy,93,No,4
T03585,2025-05-22 00:00:00,2025-05-24 20:00:00,Medium,Open,Email,Software Bug,A013,Anthony Kemp,68,No,4
T03586,2025-03-09 00:00:00,2025-03-13 16:00:00,High,Open,Email,Software Bug,A006,Michael Baldwin Jr.,112,No,4
T03587,2025-12-15 00:00:00,2025-12-18 16:00:00,Critical,Resolved,Chat,Network Issue,A002,Robert Perez,88,Yes,5
T03588,2026-03-21 00:00:00,2026-03-24 21:00:00,Low,Closed,Chat,Software Bug,A024,Tyler Smith,93,Yes,4
T03589,2025-04-14 00:00:00,2025-04-14 02:00:00,High,Closed,Phone,Network Issue,A023,Emma Watts,2,Yes,5
T03590,2025-07-23 00:00:00,2025-07-25 21:00:00,Critical,Open,Email,Software Bug,A011,Todd Oconnor,69,No,1
T03591,2025-11-01 00:00:00,2025-11-01 20:00:00,Medium,Closed,Portal,Login Issue,A009,Emily Thompson,20,No,2
T03592,2025-09-14 00:00:00,2025-09-17 19:00:00,Critical,Open,Email,Software Bug,A002,Nicholas Kelly,91,Yes,1
T03593,2025-10-17 00:00:00,2025-10-19 08:00:00,Critical,In Progress,Email,Access Request,A005,Jason Johnson,56,No,4
T03594,2025-02-07 00:00:00,2025-02-10 02:00:00,Low,Open,Phone,Access Request,A024,Marie Green,74,No,2
T03595,2025-03-06 00:00:00,2025-03-07 07:00:00,Medium,Closed,Email,Software Bug,A019,Gregory Turner,31,Yes,2
T03596,2026-01-22 00:00:00,2026-01-24 14:00:00,High,In Progress,Email,Software Bug,A018,Paul Johnson,62,No,5
T03597,2025-06-15 00:00:00,2025-06-19 08:00:00,Low,Closed,Phone,Access Request,A021,April Stephenson,104,No,1
T03598,2025-02-12 00:00:00,2025-02-13 13:00:00,Medium,Open,Portal,Software Bug,A015,Steven Nelson,37,No,5
T03599,2025-12-23 00:00:00,2025-12-27 14:00:00,High,In Progress,Chat,Access Request,A015,April Campbell,110,Yes,1
T03600,2025-10-26 00:00:00,2025-10-28 05:00:00,Critical,In Progress,Chat,Access Request,A003,Theodore Cabrera,53,Yes,2
T03601,2025-12-21 00:00:00,2025-12-21 09:00:00,High,Closed,Portal,Network Issue,A025,Frederick Martinez,9,No,2
T03602,2025-12-29 00:00:00,2026-01-02 06:00:00,Critical,In Progress,Chat,Software Bug,A007,Kyle Foster,102,No,4
T03603,2025-04-12 00:00:00,2025-04-15 09:00:00,High,Closed,Portal,Network Issue,A020,Alexandra Ruiz,81,No,3
T03604,2025-07-05 00:00:00,2025-07-07 13:00:00,High,Closed,Chat,Network Issue,A017,Jill Franco,61,Yes,1
T03605,2026-03-04 00:00:00,2026-03-04 21:00:00,Low,In Progress,Chat,Access Request,A021,Craig Jennings,21,Yes,5
T03606,2025-11-25 00:00:00,2025-11-26 14:00:00,High,Closed,Portal,Login Issue,A021,Janet Mendez,38,Yes,2
T03607,2026-01-05 00:00:00,2026-01-05 07:00:00,High,Open,Email,Hardware Failure,A023,Daniel Day,7,No,5
T03608,2025-09-05 00:00:00,2025-09-06 06:00:00,Critical,In Progress,Chat,Network Issue,A013,Lori Ali,30,No,4
T03609,2025-12-22 00:00:00,2025-12-26 04:00:00,Medium,Resolved,Chat,Access Request,A005,Dr. Joshua Townsend,100,Yes,2
T03610,2025-04-24 00:00:00,2025-04-26 05:00:00,Medium,Open,Email,Software Bug,A021,Kelly Curtis,53,Yes,5
T03611,2025-02-21 00:00:00,2025-02-24 15:00:00,Medium,Closed,Phone,Login Issue,A023,Ashley Richardson,87,Yes,3
T03612,2026-01-21 00:00:00,2026-01-23 11:00:00,Medium,Closed,Chat,Login Issue,A009,Sandra Mcconnell,59,No,2
T03613,2026-03-20 00:00:00,2026-03-21 19:00:00,Low,Open,Email,Access Request,A009,Samuel Rivera,43,Yes,4
T03614,2025-11-09 00:00:00,2025-11-13 07:00:00,Medium,Resolved,Chat,Hardware Failure,A010,David Mullins,103,Yes,2
T03615,2025-03-22 00:00:00,2025-03-25 02:00:00,Medium,Resolved,Portal,Hardware Failure,A023,Luke Ellison,74,No,5
T03616,2026-02-08 00:00:00,2026-02-10 14:00:00,High,In Progress,Email,Network Issue,A006,Scott Williams,62,No,1
T03617,2026-01-29 00:00:00,2026-02-02 21:00:00,High,Closed,Phone,Hardware Failure,A011,Joseph Sanford,117,Yes,2
T03618,2025-01-22 00:00:00,2025-01-25 21:00:00,Medium,Open,Email,Login Issue,A014,Denise Coleman,93,No,2
T03619,2026-03-08 00:00:00,2026-03-10 11:00:00,Low,Resolved,Chat,Network Issue,A015,Nicole Coleman,59,No,4
T03620,2025-05-08 00:00:00,2025-05-12 12:00:00,High,Resolved,Email,Software Bug,A006,William Davis,108,Yes,3
T03621,2025-03-05 00:00:00,2025-03-07 04:00:00,Critical,In Progress,Email,Hardware Failure,A015,Carl Bauer,52,No,5
T03622,2026-02-20 00:00:00,2026-02-24 15:00:00,Medium,In Progress,Chat,Network Issue,A022,Grace Jones,111,No,3
T03623,2025-10-28 00:00:00,2025-10-28 03:00:00,High,In Progress,Phone,Software Bug,A006,Michael Moyer,3,No,3
T03624,2025-10-13 00:00:00,2025-10-16 17:00:00,High,Closed,Phone,Network Issue,A017,Jennifer Schroeder,89,Yes,2
T03625,2025-04-24 00:00:00,2025-04-25 08:00:00,Critical,In Progress,Chat,Software Bug,A008,Gregg Murphy,32,Yes,1
T03626,2025-01-26 00:00:00,2025-01-27 00:00:00,Critical,Resolved,Email,Network Issue,A005,Bryan Walker,24,No,2
T03627,2026-01-24 00:00:00,2026-01-26 13:00:00,Low,Resolved,Phone,Hardware Failure,A006,Kayla Sullivan,61,Yes,3
T03628,2025-05-04 00:00:00,2025-05-05 06:00:00,Low,Resolved,Email,Hardware Failure,A002,John Daniels,30,Yes,3
T03629,2025-05-08 00:00:00,2025-05-12 10:00:00,High,Open,Email,Hardware Failure,A023,Erik Warner,106,Yes,2
T03630,2025-07-07 00:00:00,2025-07-08 22:00:00,Critical,Open,Chat,Login Issue,A009,Ashley Fisher,46,Yes,3
T03631,2025-03-19 00:00:00,2025-03-23 19:00:00,High,Closed,Chat,Login Issue,A003,Yolanda Woodard,115,Yes,3
T03632,2025-07-10 00:00:00,2025-07-14 09:00:00,Low,In Progress,Chat,Network Issue,A017,Michaela Gonzalez,105,Yes,3
T03633,2025-09-06 00:00:00,2025-09-10 03:00:00,Low,Open,Phone,Software Bug,A001,Cory Martin,99,No,5
T03634,2026-01-02 00:00:00,2026-01-06 00:00:00,High,Resolved,Email,Access Request,A023,Mary Williams,96,No,2
T03635,2025-02-26 00:00:00,2025-02-27 19:00:00,High,Resolved,Portal,Login Issue,A013,Steven Jackson,43,No,4
T03636,2026-02-13 00:00:00,2026-02-14 06:00:00,Medium,Resolved,Portal,Network Issue,A001,Robert Rojas,30,No,2
T03637,2025-03-03 00:00:00,2025-03-07 00:00:00,Medium,Open,Chat,Hardware Failure,A008,Zachary Lyons,96,No,4
T03638,2025-03-09 00:00:00,2025-03-09 02:00:00,Critical,Closed,Email,Software Bug,A002,Eric Parrish,2,No,1
T03639,2025-03-20 00:00:00,2025-03-20 08:00:00,Critical,Resolved,Portal,Access Request,A015,Anthony Faulkner,8,No,3
T03640,2026-03-26 00:00:00,2026-03-26 10:00:00,Medium,In Progress,Portal,Login Issue,A017,Catherine Marks,10,Yes,3
T03641,2026-01-17 00:00:00,2026-01-21 02:00:00,Low,Open,Email,Login Issue,A010,Kevin Anderson,98,No,5
T03642,2026-01-11 00:00:00,2026-01-11 13:00:00,Medium,In Progress,Portal,Access Request,A017,Steven Olson,13,Yes,1
T03643,2025-10-03 00:00:00,2025-10-06 05:00:00,Low,Resolved,Portal,Login Issue,A013,David Dickson,77,Yes,2
T03644,2025-10-12 00:00:00,2025-10-14 19:00:00,Critical,Closed,Chat,Login Issue,A017,Reginald Johnston,67,No,1
T03645,2025-08-04 00:00:00,2025-08-09 00:00:00,Low,Resolved,Email,Access Request,A013,Eric Shaw,120,No,5
T03646,2025-07-24 00:00:00,2025-07-28 02:00:00,Medium,Closed,Portal,Network Issue,A017,Michelle Young,98,Yes,5
T03647,2025-01-07 00:00:00,2025-01-09 14:00:00,Critical,In Progress,Email,Access Request,A004,Miss Jennifer Alexander,62,No,2
T03648,2025-08-18 00:00:00,2025-08-18 20:00:00,Critical,In Progress,Chat,Hardware Failure,A010,Natalie Howard,20,Yes,2
T03649,2025-08-27 00:00:00,2025-08-29 19:00:00,Low,In Progress,Email,Hardware Failure,A020,Janet Sandoval,67,No,2
T03650,2025-09-24 00:00:00,2025-09-28 02:00:00,High,Open,Chat,Software Bug,A010,Mary Simpson,98,Yes,5
T03651,2025-07-30 00:00:00,2025-08-01 12:00:00,High,Closed,Portal,Software Bug,A019,Nina Dennis,60,Yes,1
T03652,2025-08-11 00:00:00,2025-08-13 01:00:00,Critical,Closed,Chat,Login Issue,A018,Sheila Griffin,49,No,5
T03653,2026-01-26 00:00:00,2026-01-28 15:00:00,Low,Closed,Chat,Software Bug,A014,Brandon Ramirez,63,Yes,1
T03654,2025-06-29 00:00:00,2025-07-02 14:00:00,High,Closed,Phone,Software Bug,A008,Cassandra Wood,86,Yes,5
T03655,2025-09-15 00:00:00,2025-09-15 07:00:00,Medium,In Progress,Email,Login Issue,A005,Cynthia Klein,7,No,4
T03656,2025-09-28 00:00:00,2025-10-02 11:00:00,Critical,Resolved,Phone,Network Issue,A025,Jessica Adams,107,No,3
T03657,2025-12-27 00:00:00,2025-12-29 14:00:00,Medium,Open,Phone,Login Issue,A013,Jamie Lee,62,No,4
T03658,2025-12-19 00:00:00,2025-12-22 00:00:00,Low,In Progress,Portal,Login Issue,A012,Heather Bell,72,No,4
T03659,2025-10-08 00:00:00,2025-10-10 14:00:00,Low,Open,Phone,Software Bug,A022,Jessica Sutton DVM,62,Yes,2
T03660,2025-03-12 00:00:00,2025-03-14 00:00:00,High,Resolved,Email,Login Issue,A011,Dr. Joseph Beltran,48,No,3
T03661,2025-10-30 00:00:00,2025-10-30 05:00:00,Low,In Progress,Portal,Hardware Failure,A021,Angie Bell,5,No,5
T03662,2025-05-02 00:00:00,2025-05-04 19:00:00,Critical,In Progress,Chat,Hardware Failure,A004,Jeffrey French,67,No,5
T03663,2025-04-20 00:00:00,2025-04-20 02:00:00,High,In Progress,Phone,Login Issue,A001,Jacob Gilbert,2,Yes,2
T03664,2025-10-25 00:00:00,2025-10-25 11:00:00,Medium,Resolved,Phone,Access Request,A010,Robert Johnson,11,Yes,3
T03665,2025-01-10 00:00:00,2025-01-12 15:00:00,Low,Closed,Portal,Software Bug,A009,Gina Bird,63,No,3
T03666,2026-01-22 00:00:00,2026-01-24 02:00:00,Critical,In Progress,Chat,Login Issue,A017,Mary Hill,50,No,2
T03667,2025-03-22 00:00:00,2025-03-22 19:00:00,Medium,Closed,Chat,Hardware Failure,A002,Anne Rodriguez,19,Yes,3
T03668,2025-03-26 00:00:00,2025-03-26 17:00:00,Low,In Progress,Phone,Software Bug,A002,Rhonda Buchanan,17,No,2
T03669,2025-07-15 00:00:00,2025-07-19 00:00:00,Critical,Open,Phone,Software Bug,A003,Laura Barber,96,No,4
T03670,2025-09-23 00:00:00,2025-09-26 01:00:00,High,Open,Phone,Access Request,A001,Melissa Jackson,73,No,1
T03671,2025-02-05 00:00:00,2025-02-07 05:00:00,Critical,Open,Email,Network Issue,A007,Ronald Davis,53,Yes,4
T03672,2025-09-07 00:00:00,2025-09-09 20:00:00,High,Resolved,Portal,Access Request,A002,John Kim,68,No,5
T03673,2026-02-14 00:00:00,2026-02-15 01:00:00,Low,Resolved,Phone,Hardware Failure,A013,Amy Hart,25,No,4
T03674,2026-03-01 00:00:00,2026-03-03 23:00:00,High,Resolved,Phone,Login Issue,A005,Laurie Roberts,71,Yes,3
T03675,2026-02-14 00:00:00,2026-02-15 10:00:00,Medium,Resolved,Portal,Network Issue,A024,Ryan Figueroa,34,Yes,5
T03676,2025-05-06 00:00:00,2025-05-10 16:00:00,Medium,Closed,Email,Software Bug,A012,Mary Espinoza,112,Yes,4
T03677,2025-04-26 00:00:00,2025-04-26 10:00:00,Low,In Progress,Portal,Hardware Failure,A021,Timothy Graham,10,Yes,1
T03678,2025-05-15 00:00:00,2025-05-19 05:00:00,Medium,Closed,Email,Hardware Failure,A003,Kevin Kelly,101,Yes,1
T03679,2025-05-16 00:00:00,2025-05-18 11:00:00,Low,Open,Phone,Software Bug,A013,Bobby Joseph,59,Yes,1
T03680,2025-06-05 00:00:00,2025-06-08 21:00:00,Critical,In Progress,Chat,Login Issue,A002,Tracey Johnson,93,Yes,4
T03681,2025-05-15 00:00:00,2025-05-15 11:00:00,Low,In Progress,Email,Access Request,A004,Shannon Payne,11,Yes,3
T03682,2026-03-16 00:00:00,2026-03-20 14:00:00,Low,Resolved,Email,Software Bug,A003,Elizabeth Ramirez,110,Yes,5
T03683,2025-03-22 00:00:00,2025-03-23 17:00:00,Critical,Open,Chat,Software Bug,A015,Casey White,41,Yes,1
T03684,2025-09-15 00:00:00,2025-09-16 23:00:00,Low,Resolved,Email,Hardware Failure,A015,Ann Moore,47,Yes,4
T03685,2025-06-01 00:00:00,2025-06-04 13:00:00,Critical,In Progress,Email,Login Issue,A007,Miss Tanya Davidson,85,Yes,5
T03686,2025-05-15 00:00:00,2025-05-19 08:00:00,Critical,Resolved,Chat,Hardware Failure,A005,Catherine Padilla,104,Yes,3
T03687,2025-08-23 00:00:00,2025-08-24 18:00:00,High,Open,Portal,Software Bug,A001,Rhonda Brown,42,Yes,4
T03688,2025-04-20 00:00:00,2025-04-24 14:00:00,High,Resolved,Portal,Login Issue,A020,Mary Tran,110,Yes,4
T03689,2025-05-07 00:00:00,2025-05-10 06:00:00,Medium,Closed,Chat,Login Issue,A006,Tanya Dixon,78,No,1
T03690,2025-06-03 00:00:00,2025-06-03 10:00:00,Critical,Open,Phone,Network Issue,A014,Luis Pollard,10,No,1
T03691,2025-06-29 00:00:00,2025-06-30 06:00:00,Low,Resolved,Portal,Hardware Failure,A008,Ronnie Rosales,30,Yes,1
T03692,2025-12-17 00:00:00,2025-12-21 12:00:00,Low,Open,Portal,Software Bug,A010,Jason Jones,108,No,1
T03693,2026-02-07 00:00:00,2026-02-07 13:00:00,High,In Progress,Portal,Login Issue,A013,Garrett Perry,13,No,2
T03694,2025-01-11 00:00:00,2025-01-11 08:00:00,Critical,Resolved,Portal,Hardware Failure,A020,Maria Henderson,8,No,3
T03695,2026-03-25 00:00:00,2026-03-28 00:00:00,High,Resolved,Email,Hardware Failure,A001,James Bautista,72,Yes,4
T03696,2025-07-27 00:00:00,2025-07-31 08:00:00,Low,Open,Portal,Hardware Failure,A001,Cody Hamilton,104,Yes,1
T03697,2025-08-16 00:00:00,2025-08-18 15:00:00,Critical,Resolved,Chat,Access Request,A007,Crystal Rice,63,Yes,2
T03698,2026-02-22 00:00:00,2026-02-27 00:00:00,Critical,Open,Email,Login Issue,A015,David Lopez,120,Yes,1
T03699,2025-10-21 00:00:00,2025-10-24 19:00:00,Low,Open,Chat,Access Request,A001,Joshua Williams,91,Yes,4
T03700,2025-02-17 00:00:00,2025-02-18 11:00:00,High,Open,Chat,Software Bug,A019,Carl Oneal,35,No,3
T03701,2025-08-18 00:00:00,2025-08-19 12:00:00,Medium,In Progress,Chat,Access Request,A024,Jared Velez,36,No,2
T03702,2025-12-26 00:00:00,2025-12-30 23:00:00,High,In Progress,Phone,Access Request,A004,Seth Hicks,119,No,3
T03703,2026-02-02 00:00:00,2026-02-05 16:00:00,Medium,In Progress,Chat,Network Issue,A001,Phillip Rhodes,88,Yes,1
T03704,2025-06-09 00:00:00,2025-06-12 08:00:00,Medium,Closed,Portal,Software Bug,A007,Nathan Black,80,No,5
T03705,2026-01-03 00:00:00,2026-01-03 15:00:00,Critical,Closed,Phone,Login Issue,A015,Bailey Vasquez,15,Yes,5
T03706,2025-10-18 00:00:00,2025-10-22 16:00:00,Critical,In Progress,Chat,Access Request,A016,Lisa Moyer,112,Yes,3
T03707,2025-04-11 00:00:00,2025-04-15 06:00:00,High,Closed,Chat,Network Issue,A020,Kevin Simpson,102,Yes,5
T03708,2026-03-20 00:00:00,2026-03-22 14:00:00,Critical,Open,Chat,Login Issue,A008,Dr. Matthew Patterson Jr.,62,No,4
T03709,2025-10-23 00:00:00,2025-10-24 02:00:00,Critical,Closed,Portal,Login Issue,A014,Tammy Martin,26,Yes,1
T03710,2025-07-07 00:00:00,2025-07-08 23:00:00,Low,Closed,Phone,Software Bug,A015,Mark Flores,47,Yes,5
T03711,2025-03-02 00:00:00,2025-03-06 17:00:00,Critical,In Progress,Chat,Login Issue,A013,Thomas Figueroa,113,Yes,1
T03712,2026-03-25 00:00:00,2026-03-27 00:00:00,Critical,Resolved,Portal,Network Issue,A019,Cassandra Garza,48,No,3
T03713,2025-01-08 00:00:00,2025-01-08 14:00:00,High,Resolved,Portal,Login Issue,A008,Jennifer Johnson MD,14,Yes,3
T03714,2025-05-09 00:00:00,2025-05-12 13:00:00,Critical,Open,Portal,Hardware Failure,A024,Troy Silva,85,Yes,2
T03715,2025-07-05 00:00:00,2025-07-06 18:00:00,Low,Resolved,Email,Access Request,A006,Kathy Sanders,42,No,2
T03716,2025-01-28 00:00:00,2025-01-28 01:00:00,Low,Open,Email,Login Issue,A011,Robert Green,1,No,1
T03717,2025-02-07 00:00:00,2025-02-09 06:00:00,Critical,In Progress,Chat,Software Bug,A025,Sean Brown,54,Yes,1
T03718,2025-03-13 00:00:00,2025-03-13 12:00:00,Low,Open,Phone,Network Issue,A017,Brian Jackson,12,No,2
T03719,2025-12-07 00:00:00,2025-12-09 01:00:00,Low,Closed,Portal,Network Issue,A007,Claire Reid,49,Yes,5
T03720,2025-02-07 00:00:00,2025-02-07 08:00:00,High,Open,Portal,Hardware Failure,A021,Melvin Brown,8,Yes,3
T03721,2025-11-18 00:00:00,2025-11-20 05:00:00,High,Closed,Email,Access Request,A005,Katherine White,53,Yes,3
T03722,2025-02-06 00:00:00,2025-02-10 03:00:00,Medium,In Progress,Email,Hardware Failure,A007,Logan Parks,99,Yes,5
T03723,2025-09-27 00:00:00,2025-09-30 22:00:00,High,Open,Portal,Hardware Failure,A003,Teresa Hale,94,Yes,4
T03724,2026-03-01 00:00:00,2026-03-01 04:00:00,Medium,Closed,Chat,Login Issue,A023,Vanessa Carter,4,No,2
T03725,2025-11-08 00:00:00,2025-11-09 07:00:00,Medium,Resolved,Email,Hardware Failure,A015,Scott Weeks,31,No,4
T03726,2025-05-21 00:00:00,2025-05-21 02:00:00,Medium,In Progress,Email,Access Request,A024,Melissa Jackson,2,Yes,2
T03727,2025-12-04 00:00:00,2025-12-04 23:00:00,Medium,In Progress,Portal,Hardware Failure,A004,Ashley Hamilton,23,Yes,3
T03728,2025-07-14 00:00:00,2025-07-18 18:00:00,Medium,Closed,Chat,Access Request,A020,Teresa Nelson,114,No,5
T03729,2026-03-09 00:00:00,2026-03-13 15:00:00,Medium,Resolved,Phone,Access Request,A014,Judith Watts,111,No,2
T03730,2025-05-13 00:00:00,2025-05-14 15:00:00,High,In Progress,Portal,Access Request,A014,Bobby Chen,39,Yes,5
T03731,2026-03-23 00:00:00,2026-03-27 18:00:00,Low,Resolved,Phone,Network Issue,A002,Michael Hubbard,114,No,1
T03732,2025-05-12 00:00:00,2025-05-12 04:00:00,Low,Resolved,Portal,Hardware Failure,A003,Meagan Jones,4,No,5
T03733,2025-06-12 00:00:00,2025-06-15 18:00:00,Low,Closed,Phone,Hardware Failure,A017,Matthew Dickson,90,No,3
T03734,2025-11-09 00:00:00,2025-11-09 07:00:00,High,Open,Phone,Login Issue,A023,Timothy Stafford,7,No,2
T03735,2025-07-19 00:00:00,2025-07-20 07:00:00,Medium,Open,Portal,Network Issue,A024,Gregory Rodriguez,31,No,4
T03736,2025-07-22 00:00:00,2025-07-25 21:00:00,Medium,In Progress,Phone,Software Bug,A017,Adam Vincent,93,No,1
T03737,2025-02-07 00:00:00,2025-02-09 21:00:00,Medium,Resolved,Chat,Access Request,A019,Jordan Smith,69,No,1
T03738,2025-08-28 00:00:00,2025-09-01 03:00:00,Critical,In Progress,Chat,Hardware Failure,A019,Steven Bean,99,No,2
T03739,2026-01-26 00:00:00,2026-01-27 21:00:00,Medium,Resolved,Portal,Software Bug,A022,Laura Simmons,45,Yes,1
T03740,2025-02-07 00:00:00,2025-02-07 09:00:00,Medium,Closed,Portal,Login Issue,A007,Alicia Vaughan,9,No,4
T03741,2025-03-17 00:00:00,2025-03-18 22:00:00,Critical,Closed,Email,Login Issue,A006,Eric Benitez,46,No,4
T03742,2025-10-12 00:00:00,2025-10-13 14:00:00,Medium,In Progress,Email,Login Issue,A018,Jessica Bradley,38,Yes,2
T03743,2025-07-05 00:00:00,2025-07-07 03:00:00,Low,In Progress,Phone,Software Bug,A021,Clayton Douglas,51,Yes,2
T03744,2025-09-19 00:00:00,2025-09-21 12:00:00,Medium,Open,Email,Hardware Failure,A022,Kelly Wheeler,60,Yes,2
T03745,2025-02-12 00:00:00,2025-02-12 22:00:00,Medium,Closed,Chat,Software Bug,A018,Robert Farrell,22,No,4
T03746,2025-03-18 00:00:00,2025-03-19 00:00:00,Critical,In Progress,Email,Login Issue,A020,Jerry Alexander,24,No,1
T03747,2026-03-09 00:00:00,2026-03-09 03:00:00,High,In Progress,Portal,Software Bug,A022,Sandra Hebert,3,Yes,5
T03748,2025-08-12 00:00:00,2025-08-15 16:00:00,Critical,Closed,Phone,Hardware Failure,A011,Brittany Koch,88,Yes,2
T03749,2025-03-22 00:00:00,2025-03-25 08:00:00,High,Resolved,Email,Login Issue,A001,Lisa Marshall,80,No,3
T03750,2025-02-11 00:00:00,2025-02-11 05:00:00,Low,Resolved,Chat,Network Issue,A005,Rebecca Gardner,5,No,5
T03751,2026-03-26 00:00:00,2026-03-26 23:00:00,Low,Open,Phone,Hardware Failure,A001,Elizabeth Thomas,23,No,2
T03752,2025-03-10 00:00:00,2025-03-10 17:00:00,High,Open,Phone,Access Request,A008,Melissa Gibson,17,Yes,2
T03753,2025-12-28 00:00:00,2026-01-01 20:00:00,High,In Progress,Chat,Network Issue,A015,Lawrence Hall,116,No,2
T03754,2026-02-18 00:00:00,2026-02-19 03:00:00,Low,Closed,Phone,Access Request,A001,Eric Tran,27,Yes,5
T03755,2026-03-23 00:00:00,2026-03-25 06:00:00,Medium,Open,Portal,Hardware Failure,A020,Jordan Oneill,54,No,4
T03756,2026-03-05 00:00:00,2026-03-08 00:00:00,High,Open,Phone,Network Issue,A001,Scott Ali,72,No,4
T03757,2025-07-11 00:00:00,2025-07-12 12:00:00,Low,Open,Portal,Login Issue,A014,Andrea Shields,36,No,3
T03758,2025-05-16 00:00:00,2025-05-19 03:00:00,Low,Open,Chat,Software Bug,A024,Mary Ortiz,75,No,4
T03759,2025-10-10 00:00:00,2025-10-10 04:00:00,High,Open,Portal,Hardware Failure,A010,Robin Reynolds MD,4,Yes,1
T03760,2025-10-25 00:00:00,2025-10-27 05:00:00,Low,In Progress,Chat,Login Issue,A004,Joseph Hopkins,53,No,2
T03761,2025-01-04 00:00:00,2025-01-05 17:00:00,Critical,Closed,Email,Network Issue,A004,Chase Terrell,41,No,1
T03762,2026-03-05 00:00:00,2026-03-05 21:00:00,High,In Progress,Phone,Network Issue,A005,Robert Copeland,21,Yes,3
T03763,2025-06-16 00:00:00,2025-06-18 17:00:00,Medium,Closed,Portal,Software Bug,A008,Latoya Harding,65,No,5
T03764,2025-05-19 00:00:00,2025-05-22 23:00:00,High,Closed,Portal,Network Issue,A011,Steven Barrera,95,Yes,1
T03765,2025-11-02 00:00:00,2025-11-03 23:00:00,Low,Open,Email,Software Bug,A025,Daniel Kennedy,47,Yes,1
T03766,2026-02-23 00:00:00,2026-02-24 18:00:00,Critical,In Progress,Portal,Hardware Failure,A023,Carl Walker,42,Yes,3
T03767,2025-07-25 00:00:00,2025-07-25 06:00:00,Low,Closed,Chat,Access Request,A019,Veronica Mitchell,6,Yes,2
T03768,2025-05-02 00:00:00,2025-05-02 03:00:00,High,Open,Portal,Login Issue,A018,Norma Bell,3,No,3
T03769,2025-02-04 00:00:00,2025-02-08 07:00:00,Medium,In Progress,Phone,Software Bug,A023,Larry Anderson,103,No,3
T03770,2025-12-21 00:00:00,2025-12-25 03:00:00,High,In Progress,Email,Software Bug,A024,James Salazar,99,No,3
T03771,2025-10-16 00:00:00,2025-10-18 05:00:00,High,Closed,Portal,Access Request,A020,Cynthia Martin,53,Yes,4
T03772,2025-02-24 00:00:00,2025-02-27 16:00:00,Critical,In Progress,Email,Software Bug,A025,Craig Wood,88,No,2
T03773,2025-08-28 00:00:00,2025-08-30 05:00:00,Critical,Resolved,Chat,Login Issue,A003,Dustin Clark,53,No,2
T03774,2025-01-01 00:00:00,2025-01-03 23:00:00,High,Closed,Email,Login Issue,A012,Cynthia Smith,71,Yes,5
T03775,2025-04-03 00:00:00,2025-04-03 15:00:00,Medium,Closed,Portal,Login Issue,A001,Angela Daniel,15,Yes,2
T03776,2025-05-20 00:00:00,2025-05-22 11:00:00,Low,In Progress,Phone,Login Issue,A022,Melinda Boyd,59,No,4
T03777,2025-05-24 00:00:00,2025-05-26 02:00:00,Low,In Progress,Portal,Access Request,A020,Jason Arias,50,Yes,1
T03778,2025-08-27 00:00:00,2025-08-27 14:00:00,Critical,Open,Phone,Network Issue,A017,Joanne Boyer,14,No,3
T03779,2026-01-19 00:00:00,2026-01-21 22:00:00,High,In Progress,Chat,Access Request,A020,Karen Morse,70,No,5
T03780,2025-09-20 00:00:00,2025-09-23 12:00:00,High,In Progress,Portal,Hardware Failure,A023,Bryce Williams,84,Yes,1
T03781,2025-01-27 00:00:00,2025-01-30 20:00:00,Low,Open,Portal,Network Issue,A016,Jeanette Underwood,92,No,5
T03782,2025-11-12 00:00:00,2025-11-15 03:00:00,High,Resolved,Chat,Hardware Failure,A022,Ryan Koch,75,No,5
T03783,2026-03-22 00:00:00,2026-03-26 07:00:00,High,Open,Email,Hardware Failure,A013,Robert Nelson,103,Yes,3
T03784,2026-01-16 00:00:00,2026-01-18 07:00:00,Critical,Resolved,Chat,Network Issue,A010,Kimberly Holloway,55,No,2
T03785,2026-03-02 00:00:00,2026-03-03 22:00:00,Low,Closed,Email,Software Bug,A008,Jodi Gonzalez,46,No,5
T03786,2025-10-24 00:00:00,2025-10-27 12:00:00,Medium,Resolved,Email,Hardware Failure,A020,Deborah Gonzalez,84,No,5
T03787,2025-07-06 00:00:00,2025-07-08 17:00:00,Critical,In Progress,Portal,Software Bug,A014,Chelsea Morales,65,Yes,3
T03788,2025-07-13 00:00:00,2025-07-15 14:00:00,High,In Progress,Chat,Login Issue,A016,Daniel Olson,62,Yes,5
T03789,2025-01-30 00:00:00,2025-02-01 09:00:00,Critical,Closed,Portal,Login Issue,A022,Michele Lopez,57,Yes,1
T03790,2025-06-11 00:00:00,2025-06-14 13:00:00,Low,Closed,Phone,Hardware Failure,A019,Joseph Reeves,85,Yes,1
T03791,2025-03-18 00:00:00,2025-03-19 01:00:00,High,Resolved,Email,Network Issue,A007,Pamela Fisher,25,No,2
T03792,2025-10-25 00:00:00,2025-10-28 04:00:00,High,In Progress,Chat,Login Issue,A024,Joseph Deleon PhD,76,Yes,5
T03793,2025-04-25 00:00:00,2025-04-25 12:00:00,Critical,Resolved,Phone,Network Issue,A015,Jessica Thomas,12,Yes,2
T03794,2025-06-10 00:00:00,2025-06-13 17:00:00,Low,Resolved,Portal,Network Issue,A009,Shannon Pena,89,Yes,3
T03795,2025-04-07 00:00:00,2025-04-07 18:00:00,Medium,Resolved,Portal,Hardware Failure,A003,Vanessa Barker,18,No,2
T03796,2025-08-06 00:00:00,2025-08-10 06:00:00,High,Open,Phone,Software Bug,A011,James Lowe,102,No,5
T03797,2025-06-26 00:00:00,2025-06-29 17:00:00,Low,In Progress,Email,Login Issue,A014,Tina Webb,89,Yes,4
T03798,2025-08-29 00:00:00,2025-08-30 09:00:00,Medium,Closed,Chat,Software Bug,A012,Christy Berg,33,No,1
T03799,2026-02-14 00:00:00,2026-02-16 13:00:00,Low,In Progress,Email,Access Request,A019,Stephanie Leonard,61,Yes,4
T03800,2025-12-06 00:00:00,2025-12-09 05:00:00,Medium,Closed,Email,Hardware Failure,A011,Allen Mejia,77,Yes,1
T03801,2025-08-13 00:00:00,2025-08-16 23:00:00,Low,In Progress,Phone,Network Issue,A018,John Wilkins,95,Yes,4
T03802,2025-12-02 00:00:00,2025-12-05 19:00:00,High,Closed,Chat,Software Bug,A014,Charles Taylor,91,No,1
T03803,2025-05-08 00:00:00,2025-05-11 14:00:00,High,Resolved,Chat,Software Bug,A011,Robert Carter,86,No,1
T03804,2025-01-27 00:00:00,2025-01-27 17:00:00,Medium,Resolved,Portal,Login Issue,A016,Steve Barker,17,No,4
T03805,2025-09-07 00:00:00,2025-09-11 03:00:00,High,In Progress,Phone,Network Issue,A016,Dr. Derek Vaughn PhD,99,No,5
T03806,2026-03-16 00:00:00,2026-03-17 01:00:00,Low,Resolved,Portal,Login Issue,A001,Christopher Palmer,25,Yes,5
T03807,2025-12-22 00:00:00,2025-12-25 23:00:00,Critical,Closed,Phone,Hardware Failure,A019,Shannon Carpenter,95,Yes,2
T03808,2025-04-05 00:00:00,2025-04-08 16:00:00,Medium,Open,Portal,Software Bug,A011,Brandi Pena,88,Yes,2
T03809,2025-07-25 00:00:00,2025-07-25 14:00:00,Low,Closed,Portal,Login Issue,A024,Deborah Hoover,14,Yes,4
T03810,2025-06-24 00:00:00,2025-06-27 15:00:00,Medium,Open,Email,Network Issue,A019,Kimberly Cruz,87,Yes,1
T03811,2025-05-10 00:00:00,2025-05-11 16:00:00,Low,Closed,Portal,Access Request,A016,Vanessa Butler,40,Yes,5
T03812,2025-02-28 00:00:00,2025-03-02 01:00:00,Low,In Progress,Phone,Network Issue,A019,Ronald Fuller,49,Yes,2
T03813,2026-01-15 00:00:00,2026-01-18 05:00:00,Critical,In Progress,Email,Login Issue,A011,Annette Smith,77,Yes,2
T03814,2025-01-13 00:00:00,2025-01-15 14:00:00,Medium,In Progress,Portal,Login Issue,A002,Kelly Pearson,62,Yes,1
T03815,2025-03-16 00:00:00,2025-03-18 18:00:00,Critical,Closed,Chat,Network Issue,A015,Emily Peters,66,Yes,2
T03816,2025-06-11 00:00:00,2025-06-12 13:00:00,High,Closed,Portal,Network Issue,A018,Steve Fisher,37,Yes,5
T03817,2025-02-01 00:00:00,2025-02-03 04:00:00,Medium,In Progress,Email,Login Issue,A006,Elizabeth Wagner,52,No,2
T03818,2025-10-23 00:00:00,2025-10-25 23:00:00,High,Resolved,Portal,Hardware Failure,A012,Troy Parker,71,No,1
T03819,2025-03-12 00:00:00,2025-03-15 23:00:00,Critical,Closed,Email,Access Request,A014,Dr. Mary Robbins DVM,95,Yes,3
T03820,2025-11-28 00:00:00,2025-11-30 07:00:00,Critical,In Progress,Chat,Software Bug,A006,Ryan Campbell,55,No,3
T03821,2025-08-25 00:00:00,2025-08-26 04:00:00,Critical,Resolved,Portal,Hardware Failure,A018,Dana Dickerson,28,No,4
T03822,2025-01-08 00:00:00,2025-01-10 09:00:00,High,Closed,Chat,Hardware Failure,A015,Melinda Graham,57,No,1
T03823,2026-02-02 00:00:00,2026-02-06 16:00:00,Critical,Open,Phone,Access Request,A017,Emily Ward,112,No,1
T03824,2025-03-20 00:00:00,2025-03-22 22:00:00,Medium,Closed,Email,Access Request,A005,Amanda Hart,70,Yes,3
T03825,2025-07-25 00:00:00,2025-07-28 16:00:00,Critical,Resolved,Email,Hardware Failure,A001,Ashley Jones,88,Yes,1
T03826,2025-06-24 00:00:00,2025-06-25 02:00:00,Low,Closed,Email,Software Bug,A013,Beth Pearson,26,No,4
T03827,2025-10-05 00:00:00,2025-10-07 18:00:00,Medium,Open,Portal,Hardware Failure,A010,Bruce Price,66,No,1
T03828,2026-03-22 00:00:00,2026-03-25 02:00:00,Low,In Progress,Portal,Access Request,A017,Kathryn Cooper,74,Yes,3
T03829,2025-03-05 00:00:00,2025-03-09 17:00:00,High,In Progress,Chat,Network Issue,A012,Jerry Kennedy,113,No,2
T03830,2025-02-12 00:00:00,2025-02-16 12:00:00,Low,Open,Email,Access Request,A018,Paul Reynolds,108,No,4
T03831,2025-10-12 00:00:00,2025-10-12 03:00:00,Critical,Open,Email,Hardware Failure,A001,Emma Gonzalez,3,No,5
T03832,2025-09-06 00:00:00,2025-09-10 16:00:00,High,In Progress,Email,Hardware Failure,A015,Robert Christensen PhD,112,Yes,1
T03833,2026-01-06 00:00:00,2026-01-06 08:00:00,High,Open,Chat,Network Issue,A008,Michelle Stewart,8,No,4
T03834,2025-10-08 00:00:00,2025-10-11 03:00:00,Critical,Closed,Portal,Network Issue,A021,Ryan Gould,75,No,3
T03835,2025-07-31 00:00:00,2025-07-31 11:00:00,High,Open,Email,Login Issue,A019,Kathleen Williams,11,Yes,1
T03836,2025-01-27 00:00:00,2025-01-30 15:00:00,Low,Open,Portal,Access Request,A024,Tara Barrett,87,No,4
T03837,2025-01-15 00:00:00,2025-01-18 21:00:00,Low,Resolved,Email,Network Issue,A012,Jeremy Thompson,93,No,2
T03838,2025-10-17 00:00:00,2025-10-19 13:00:00,Medium,In Progress,Email,Login Issue,A001,Thomas Ellis,61,Yes,2
T03839,2025-11-14 00:00:00,2025-11-18 20:00:00,High,Closed,Chat,Hardware Failure,A022,Lisa Lewis,116,No,4
T03840,2025-11-24 00:00:00,2025-11-25 06:00:00,Critical,Resolved,Portal,Software Bug,A009,Daniel Wood,30,Yes,5
T03841,2025-06-27 00:00:00,2025-06-27 20:00:00,High,In Progress,Email,Software Bug,A003,Shelby Thompson,20,No,4
T03842,2025-05-26 00:00:00,2025-05-26 15:00:00,Medium,Closed,Chat,Login Issue,A022,Wayne Cook,15,No,3
T03843,2025-02-17 00:00:00,2025-02-21 20:00:00,Medium,Closed,Phone,Hardware Failure,A014,Craig Carey IV,116,No,2
T03844,2026-01-15 00:00:00,2026-01-18 02:00:00,Critical,Closed,Email,Hardware Failure,A025,Susan Reed,74,Yes,5
T03845,2026-03-05 00:00:00,2026-03-07 20:00:00,High,Closed,Email,Hardware Failure,A010,Craig Blankenship,68,Yes,3
T03846,2026-02-14 00:00:00,2026-02-15 23:00:00,High,Closed,Email,Software Bug,A009,Bethany Garza,47,Yes,5
T03847,2025-09-21 00:00:00,2025-09-21 08:00:00,High,Closed,Phone,Software Bug,A024,Barbara Dorsey,8,Yes,2
T03848,2025-12-12 00:00:00,2025-12-13 22:00:00,High,Resolved,Chat,Login Issue,A019,Amanda Cunningham,46,No,4
T03849,2025-04-18 00:00:00,2025-04-19 00:00:00,High,In Progress,Chat,Network Issue,A015,Juan Thompson,24,Yes,3
T03850,2025-02-19 00:00:00,2025-02-23 20:00:00,Low,Open,Chat,Login Issue,A018,Alexandra Woods,116,No,1
T03851,2025-07-30 00:00:00,2025-08-02 15:00:00,High,In Progress,Phone,Login Issue,A008,Randy Scott,87,No,4
T03852,2026-02-28 00:00:00,2026-03-03 02:00:00,Low,In Progress,Email,Hardware Failure,A024,Tiffany Reed,74,Yes,4
T03853,2025-11-30 00:00:00,2025-12-01 12:00:00,Low,Open,Phone,Network Issue,A022,Mr. Robert Rios MD,36,No,5
T03854,2025-05-16 00:00:00,2025-05-16 20:00:00,Critical,In Progress,Email,Software Bug,A011,Randall Cobb,20,No,3
T03855,2025-10-07 00:00:00,2025-10-11 10:00:00,Critical,Open,Phone,Login Issue,A025,Shawn Wallace,106,No,2
T03856,2025-08-29 00:00:00,2025-09-01 16:00:00,High,Closed,Chat,Hardware Failure,A001,Tyrone Clark,88,No,3
T03857,2025-03-31 00:00:00,2025-04-03 03:00:00,Critical,Open,Portal,Access Request,A009,Aaron Clark,75,No,2
T03858,2026-02-11 00:00:00,2026-02-15 17:00:00,Low,Resolved,Portal,Login Issue,A015,Emily Pratt,113,Yes,2
T03859,2025-09-13 00:00:00,2025-09-14 20:00:00,Low,Resolved,Chat,Network Issue,A020,Gregory Heath,44,Yes,5
T03860,2025-08-05 00:00:00,2025-08-07 10:00:00,Critical,Closed,Portal,Software Bug,A010,Yvonne Mitchell,58,No,4
T03861,2025-06-18 00:00:00,2025-06-20 18:00:00,Critical,Resolved,Email,Network Issue,A009,Isaac Nicholson,66,Yes,3
T03862,2025-03-01 00:00:00,2025-03-05 22:00:00,Medium,In Progress,Portal,Login Issue,A023,Andrea Wright,118,No,5
T03863,2025-11-05 00:00:00,2025-11-07 08:00:00,Critical,Resolved,Email,Access Request,A007,Amanda Berry,56,No,2
T03864,2025-07-12 00:00:00,2025-07-16 19:00:00,Low,Open,Phone,Software Bug,A017,Albert Perry,115,No,2
T03865,2026-02-08 00:00:00,2026-02-09 14:00:00,Medium,Closed,Chat,Hardware Failure,A004,Katherine Lee,38,Yes,4
T03866,2025-07-04 00:00:00,2025-07-06 05:00:00,Critical,In Progress,Phone,Network Issue,A002,Kristen Bishop,53,No,5
T03867,2025-01-15 00:00:00,2025-01-18 13:00:00,High,Resolved,Email,Software Bug,A008,Jennifer Navarro,85,Yes,4
T03868,2025-07-13 00:00:00,2025-07-13 05:00:00,Medium,Closed,Chat,Network Issue,A008,Dr. Jennifer Leon,5,Yes,2
T03869,2025-04-20 00:00:00,2025-04-24 12:00:00,Medium,Closed,Email,Access Request,A014,Emily Mullen,108,Yes,4
T03870,2025-05-26 00:00:00,2025-05-27 15:00:00,High,Closed,Phone,Login Issue,A004,Laura Mejia,39,Yes,4
T03871,2025-11-17 00:00:00,2025-11-17 10:00:00,Low,Closed,Phone,Access Request,A016,Robert Smith,10,Yes,2
T03872,2025-07-22 00:00:00,2025-07-24 06:00:00,High,Resolved,Chat,Access Request,A017,Diana Bird DDS,54,No,1
T03873,2025-09-20 00:00:00,2025-09-22 04:00:00,Medium,Resolved,Portal,Software Bug,A023,Jeffrey Gardner,52,No,4
T03874,2025-02-10 00:00:00,2025-02-12 19:00:00,Medium,In Progress,Chat,Network Issue,A003,Steven Washington,67,Yes,1
T03875,2025-12-06 00:00:00,2025-12-08 19:00:00,Critical,Closed,Email,Software Bug,A020,Jackson Rosales,67,No,5
T03876,2025-07-19 00:00:00,2025-07-22 04:00:00,High,In Progress,Phone,Access Request,A010,Jordan Mills,76,No,5
T03877,2025-01-19 00:00:00,2025-01-20 19:00:00,Low,In Progress,Email,Network Issue,A022,William Huang,43,Yes,2
T03878,2026-02-22 00:00:00,2026-02-25 07:00:00,Critical,Open,Phone,Network Issue,A024,Mary Brown,79,Yes,5
T03879,2025-01-09 00:00:00,2025-01-10 03:00:00,Critical,Closed,Chat,Network Issue,A015,Spencer Perez,27,No,4
T03880,2025-10-07 00:00:00,2025-10-09 02:00:00,Critical,Resolved,Phone,Hardware Failure,A005,Adrian Murray,50,No,2
T03881,2026-01-14 00:00:00,2026-01-16 01:00:00,Medium,In Progress,Email,Access Request,A016,Brandon Terrell,49,No,1
T03882,2025-10-15 00:00:00,2025-10-16 05:00:00,Critical,Open,Email,Hardware Failure,A006,Leah Carter,29,Yes,3
T03883,2026-02-26 00:00:00,2026-02-27 05:00:00,High,Resolved,Portal,Network Issue,A011,Brian Holland,29,No,3
T03884,2025-03-30 00:00:00,2025-03-31 01:00:00,Critical,Closed,Email,Login Issue,A009,Katherine Cunningham,25,No,2
T03885,2025-04-20 00:00:00,2025-04-21 20:00:00,High,Closed,Phone,Login Issue,A005,Michael Craig,44,No,5
T03886,2025-04-23 00:00:00,2025-04-27 00:00:00,Medium,Resolved,Portal,Login Issue,A010,Rebecca Parks,96,Yes,2
T03887,2026-02-08 00:00:00,2026-02-09 09:00:00,Medium,Resolved,Chat,Software Bug,A010,Lisa Adams,33,No,1
T03888,2025-09-24 00:00:00,2025-09-27 06:00:00,Critical,Closed,Email,Software Bug,A004,Guy Gillespie,78,Yes,2
T03889,2025-08-01 00:00:00,2025-08-03 14:00:00,Low,Resolved,Portal,Software Bug,A013,Gerald Evans,62,No,5
T03890,2025-04-30 00:00:00,2025-05-02 20:00:00,High,Closed,Email,Software Bug,A009,Corey Malone,68,No,4
T03891,2026-01-18 00:00:00,2026-01-21 14:00:00,Critical,In Progress,Phone,Network Issue,A023,Charles Jones,86,Yes,4
T03892,2025-11-16 00:00:00,2025-11-20 13:00:00,Medium,Resolved,Chat,Software Bug,A018,Heather Klein,109,No,1
T03893,2025-12-20 00:00:00,2025-12-22 09:00:00,Low,Closed,Phone,Network Issue,A022,Amy Archer,57,No,1
T03894,2025-06-10 00:00:00,2025-06-13 03:00:00,High,In Progress,Portal,Software Bug,A002,Jennifer Archer,75,No,5
T03895,2025-07-31 00:00:00,2025-07-31 04:00:00,High,In Progress,Email,Login Issue,A005,Rachel Forbes,4,Yes,5
T03896,2025-04-26 00:00:00,2025-04-30 15:00:00,Low,Open,Phone,Access Request,A016,Tara Clark,111,Yes,2
T03897,2026-03-20 00:00:00,2026-03-24 02:00:00,Medium,In Progress,Phone,Software Bug,A014,Noah Suarez,98,Yes,4
T03898,2025-06-14 00:00:00,2025-06-18 19:00:00,Low,Open,Email,Login Issue,A012,Beverly Santos,115,Yes,5
T03899,2025-04-16 00:00:00,2025-04-18 11:00:00,Medium,Resolved,Portal,Hardware Failure,A001,Corey Brown,59,Yes,3
T03900,2025-11-22 00:00:00,2025-11-25 12:00:00,Critical,In Progress,Portal,Login Issue,A011,Hannah Byrd,84,No,4
T03901,2025-07-07 00:00:00,2025-07-10 06:00:00,High,Closed,Chat,Software Bug,A016,Joshua Roberts,78,No,4
T03902,2025-10-18 00:00:00,2025-10-19 20:00:00,High,Resolved,Email,Software Bug,A011,Stephen Hernandez,44,Yes,5
T03903,2025-12-19 00:00:00,2025-12-22 09:00:00,Medium,Open,Portal,Login Issue,A010,Cynthia Sawyer,81,No,4
T03904,2026-03-25 00:00:00,2026-03-29 18:00:00,Low,In Progress,Chat,Network Issue,A023,Richard Clark,114,No,3
T03905,2025-03-09 00:00:00,2025-03-12 23:00:00,Medium,Open,Portal,Access Request,A021,Tina Brown,95,Yes,3
T03906,2026-02-01 00:00:00,2026-02-05 02:00:00,Critical,Resolved,Email,Login Issue,A020,Matthew Turner,98,Yes,1
T03907,2025-02-17 00:00:00,2025-02-18 15:00:00,Critical,Resolved,Chat,Software Bug,A005,Catherine Gonzalez,39,Yes,3
T03908,2026-02-16 00:00:00,2026-02-17 03:00:00,Medium,Closed,Portal,Access Request,A009,Timothy Miller,27,No,1
T03909,2025-04-14 00:00:00,2025-04-14 04:00:00,Medium,Resolved,Email,Network Issue,A024,Douglas Johnson,4,No,5
T03910,2025-12-16 00:00:00,2025-12-20 14:00:00,Medium,Open,Phone,Software Bug,A010,Carrie Williams,110,Yes,2
T03911,2026-01-13 00:00:00,2026-01-16 18:00:00,Medium,Closed,Phone,Software Bug,A021,Ariel Day,90,Yes,2
T03912,2025-10-22 00:00:00,2025-10-23 09:00:00,Medium,Open,Email,Software Bug,A023,Larry White,33,Yes,1
T03913,2025-07-01 00:00:00,2025-07-03 14:00:00,High,Open,Email,Software Bug,A016,Danielle Smith,62,No,5
T03914,2025-02-15 00:00:00,2025-02-15 18:00:00,Medium,Resolved,Chat,Hardware Failure,A001,Margaret Cox,18,Yes,2
T03915,2025-10-11 00:00:00,2025-10-15 20:00:00,Low,Open,Phone,Software Bug,A024,Ryan Richardson,116,Yes,5
T03916,2025-05-15 00:00:00,2025-05-19 07:00:00,High,Closed,Email,Network Issue,A007,Mrs. Ashley Hickman DVM,103,No,5
T03917,2025-12-21 00:00:00,2025-12-21 23:00:00,Critical,Closed,Email,Network Issue,A016,Sarah Hunt,23,Yes,4
T03918,2025-05-29 00:00:00,2025-06-02 09:00:00,Low,Open,Phone,Login Issue,A025,Greg Ray,105,Yes,2
T03919,2025-11-14 00:00:00,2025-11-14 12:00:00,Low,In Progress,Email,Login Issue,A010,Brianna Owens,12,No,2
T03920,2025-10-14 00:00:00,2025-10-14 05:00:00,Low,Open,Portal,Hardware Failure,A010,Gabrielle Hopkins,5,No,2
T03921,2025-03-22 00:00:00,2025-03-23 01:00:00,Low,Open,Phone,Login Issue,A022,Teresa Moreno,25,Yes,1
T03922,2025-04-09 00:00:00,2025-04-10 18:00:00,Medium,Open,Portal,Network Issue,A008,Rickey Blair,42,No,4
T03923,2026-03-18 00:00:00,2026-03-21 09:00:00,Critical,Open,Chat,Login Issue,A016,James Koch,81,Yes,4
T03924,2025-01-06 00:00:00,2025-01-10 14:00:00,Low,Open,Portal,Software Bug,A002,Judith Wu,110,No,2
T03925,2026-02-21 00:00:00,2026-02-25 15:00:00,Low,In Progress,Phone,Network Issue,A001,Dawn Howard,111,Yes,1
T03926,2025-05-20 00:00:00,2025-05-24 07:00:00,High,Closed,Email,Hardware Failure,A003,William Montes,103,No,3
T03927,2025-09-23 00:00:00,2025-09-25 13:00:00,High,Open,Portal,Hardware Failure,A012,Joseph Walker,61,Yes,4
T03928,2025-07-03 00:00:00,2025-07-06 19:00:00,Medium,In Progress,Email,Hardware Failure,A025,Paul Jones,91,Yes,4
T03929,2025-03-02 00:00:00,2025-03-04 03:00:00,Medium,Closed,Email,Login Issue,A021,Christopher Morales,51,Yes,1
T03930,2025-06-11 00:00:00,2025-06-15 03:00:00,Low,In Progress,Portal,Network Issue,A002,Joseph Ramirez,99,No,4
T03931,2025-07-24 00:00:00,2025-07-28 16:00:00,Low,Open,Chat,Access Request,A020,Laura Ford,112,No,4
T03932,2025-07-26 00:00:00,2025-07-30 21:00:00,Critical,Closed,Phone,Network Issue,A025,Donald Brown,117,Yes,5
T03933,2025-04-22 00:00:00,2025-04-25 17:00:00,Low,Open,Portal,Login Issue,A024,Jonathan Garner,89,No,4
T03934,2025-09-25 00:00:00,2025-09-29 09:00:00,Low,Closed,Email,Software Bug,A021,Reginald Doyle,105,Yes,1
T03935,2025-10-14 00:00:00,2025-10-16 06:00:00,Medium,In Progress,Phone,Software Bug,A007,Robert Spears,54,Yes,2
T03936,2026-02-14 00:00:00,2026-02-18 01:00:00,High,Closed,Chat,Software Bug,A023,Jose Miller,97,Yes,4
T03937,2025-11-16 00:00:00,2025-11-20 17:00:00,Medium,Closed,Chat,Access Request,A024,Scott Gonzales DDS,113,Yes,2
T03938,2026-03-07 00:00:00,2026-03-10 02:00:00,Medium,In Progress,Chat,Access Request,A023,Noah Gutierrez,74,Yes,4
T03939,2025-12-18 00:00:00,2025-12-20 00:00:00,High,Resolved,Chat,Software Bug,A004,Jessica Thornton,48,Yes,5
T03940,2025-11-14 00:00:00,2025-11-18 03:00:00,Critical,Open,Phone,Software Bug,A017,Casey Nelson MD,99,Yes,1
T03941,2026-02-03 00:00:00,2026-02-07 01:00:00,Critical,Closed,Phone,Access Request,A023,Colleen Dunn,97,No,2
T03942,2025-04-11 00:00:00,2025-04-13 03:00:00,Medium,In Progress,Phone,Access Request,A001,Jesse Noble,51,Yes,5
T03943,2025-05-13 00:00:00,2025-05-16 17:00:00,Critical,Resolved,Portal,Software Bug,A017,Nathan Anderson,89,No,2
T03944,2025-07-31 00:00:00,2025-08-02 06:00:00,Critical,Closed,Chat,Login Issue,A013,Evelyn Rice,54,Yes,3
T03945,2025-09-09 00:00:00,2025-09-13 03:00:00,Medium,Open,Portal,Network Issue,A004,Kyle Barnett,99,No,1
T03946,2025-06-20 00:00:00,2025-06-21 21:00:00,Critical,Closed,Portal,Login Issue,A004,Leslie Bailey,45,No,2
T03947,2025-07-03 00:00:00,2025-07-05 18:00:00,Low,Open,Email,Software Bug,A009,James Wilson,66,Yes,3
T03948,2025-07-09 00:00:00,2025-07-11 09:00:00,Low,Resolved,Phone,Hardware Failure,A003,Nicholas Hatfield,57,Yes,2
T03949,2025-08-01 00:00:00,2025-08-03 21:00:00,Low,Open,Chat,Hardware Failure,A001,Brian Anderson,69,Yes,4
T03950,2026-03-26 00:00:00,2026-03-28 01:00:00,Low,In Progress,Portal,Login Issue,A011,Daniel Hobbs,49,No,1
T03951,2025-06-23 00:00:00,2025-06-26 19:00:00,Critical,Resolved,Chat,Network Issue,A024,Shane Olsen,91,No,3
T03952,2025-09-14 00:00:00,2025-09-15 08:00:00,High,In Progress,Portal,Hardware Failure,A003,Kevin Herrera,32,No,4
T03953,2026-02-18 00:00:00,2026-02-18 04:00:00,High,Resolved,Chat,Software Bug,A011,Dr. Alyssa Gross,4,No,2
T03954,2025-12-12 00:00:00,2025-12-14 05:00:00,Low,Open,Phone,Login Issue,A003,Brian Baker,53,Yes,4
T03955,2025-11-04 00:00:00,2025-11-06 05:00:00,Medium,Closed,Phone,Network Issue,A017,William Johnson,53,No,2
T03956,2026-02-14 00:00:00,2026-02-17 04:00:00,High,In Progress,Email,Hardware Failure,A024,Anthony Richards,76,Yes,4
T03957,2025-07-19 00:00:00,2025-07-23 07:00:00,Medium,Resolved,Email,Access Request,A011,Jill Duran,103,No,5
T03958,2025-01-11 00:00:00,2025-01-15 06:00:00,Medium,Resolved,Email,Access Request,A019,Tricia Stevens,102,Yes,5
T03959,2025-07-28 00:00:00,2025-07-31 16:00:00,Low,Open,Email,Network Issue,A014,Miss Angela Barker,88,No,3
T03960,2026-03-15 00:00:00,2026-03-19 19:00:00,Medium,Resolved,Chat,Access Request,A009,Nicholas Ray,115,Yes,1
T03961,2026-03-23 00:00:00,2026-03-27 00:00:00,Critical,Open,Email,Hardware Failure,A006,Charles Brown,96,No,4
T03962,2025-10-20 00:00:00,2025-10-21 19:00:00,High,Open,Chat,Network Issue,A020,Matthew Graham,43,No,5
T03963,2025-05-11 00:00:00,2025-05-12 13:00:00,Critical,Closed,Chat,Software Bug,A005,Andrea Jackson,37,Yes,5
T03964,2026-01-15 00:00:00,2026-01-19 01:00:00,High,Closed,Phone,Hardware Failure,A011,David Jimenez,97,Yes,4
T03965,2025-09-14 00:00:00,2025-09-14 01:00:00,Low,Closed,Email,Hardware Failure,A007,Anthony Myers,1,No,1
T03966,2025-06-06 00:00:00,2025-06-08 12:00:00,High,Resolved,Phone,Network Issue,A011,Erika Martinez,60,Yes,5
T03967,2026-02-22 00:00:00,2026-02-24 05:00:00,Medium,In Progress,Portal,Software Bug,A024,Julian Black,53,No,2
T03968,2026-01-03 00:00:00,2026-01-03 12:00:00,Low,Open,Portal,Login Issue,A015,Brian Marshall,12,Yes,1
T03969,2025-03-06 00:00:00,2025-03-09 16:00:00,High,Resolved,Portal,Hardware Failure,A003,Jennifer Fernandez,88,Yes,5
T03970,2025-01-21 00:00:00,2025-01-25 14:00:00,High,Resolved,Email,Software Bug,A006,Sherri Mayer,110,Yes,3
T03971,2025-06-10 00:00:00,2025-06-13 20:00:00,Medium,In Progress,Phone,Hardware Failure,A006,John Anthony,92,No,3
T03972,2026-01-01 00:00:00,2026-01-02 22:00:00,Critical,Open,Phone,Login Issue,A005,Stephanie Harper,46,No,4
T03973,2025-06-16 00:00:00,2025-06-18 01:00:00,Critical,Closed,Email,Login Issue,A011,Thomas Daniels,49,Yes,3
T03974,2026-01-09 00:00:00,2026-01-12 22:00:00,Critical,Open,Chat,Login Issue,A024,Kristy Jones,94,Yes,1
T03975,2025-09-07 00:00:00,2025-09-10 22:00:00,Low,Open,Portal,Login Issue,A003,Allen West,94,No,5
T03976,2025-07-25 00:00:00,2025-07-26 09:00:00,Critical,Open,Email,Access Request,A017,Chelsea Allen,33,Yes,3
T03977,2025-01-31 00:00:00,2025-02-04 02:00:00,Critical,Resolved,Chat,Network Issue,A024,Megan Parker,98,No,5
T03978,2026-03-24 00:00:00,2026-03-28 22:00:00,Medium,Resolved,Phone,Network Issue,A016,Lynn Carroll,118,No,4
T03979,2025-05-30 00:00:00,2025-06-02 00:00:00,Critical,Open,Email,Hardware Failure,A018,Yvonne Young,72,Yes,4
T03980,2025-11-20 00:00:00,2025-11-20 19:00:00,Medium,In Progress,Chat,Login Issue,A006,Patrick Rodriguez,19,Yes,3
T03981,2026-01-20 00:00:00,2026-01-23 12:00:00,Low,In Progress,Phone,Hardware Failure,A016,Tracy Powell,84,Yes,5
T03982,2025-11-11 00:00:00,2025-11-13 05:00:00,Critical,Open,Phone,Access Request,A014,Kelsey Bentley,53,No,4
T03983,2026-01-04 00:00:00,2026-01-08 12:00:00,Medium,Resolved,Portal,Login Issue,A014,Kenneth Frank,108,No,2
T03984,2025-07-26 00:00:00,2025-07-30 02:00:00,Medium,Open,Email,Login Issue,A007,David Johnson,98,No,5
T03985,2025-01-05 00:00:00,2025-01-09 11:00:00,Low,Closed,Email,Network Issue,A016,Jason Lopez,107,Yes,5
T03986,2025-09-28 00:00:00,2025-10-01 09:00:00,Critical,Closed,Phone,Network Issue,A002,Emily Lee,81,No,5
T03987,2026-02-14 00:00:00,2026-02-18 12:00:00,Medium,Resolved,Chat,Access Request,A005,Bailey Marshall,108,No,1
T03988,2025-09-09 00:00:00,2025-09-12 21:00:00,Critical,Closed,Phone,Access Request,A014,Patrick Sanchez,93,No,3
T03989,2025-01-31 00:00:00,2025-02-04 14:00:00,High,Resolved,Chat,Hardware Failure,A011,Stephen Johnson,110,No,4
T03990,2025-03-10 00:00:00,2025-03-12 07:00:00,Critical,Resolved,Chat,Login Issue,A025,Kari Collins,55,Yes,4
T03991,2025-09-15 00:00:00,2025-09-15 14:00:00,High,Closed,Portal,Access Request,A012,Madison Lam,14,Yes,4
T03992,2026-03-16 00:00:00,2026-03-20 22:00:00,Medium,Resolved,Chat,Network Issue,A025,Robert Shaw,118,Yes,1
T03993,2025-02-01 00:00:00,2025-02-02 00:00:00,Medium,Closed,Phone,Login Issue,A007,Matthew Long,24,Yes,4
T03994,2026-03-09 00:00:00,2026-03-13 00:00:00,High,Resolved,Phone,Software Bug,A015,Brittany Sanders,96,Yes,4
T03995,2025-05-04 00:00:00,2025-05-04 02:00:00,Low,Closed,Chat,Login Issue,A024,Joseph Lee,2,No,5
T03996,2025-04-27 00:00:00,2025-04-28 19:00:00,Critical,Resolved,Phone,Network Issue,A009,Bailey Weaver,43,No,1
T03997,2025-07-24 00:00:00,2025-07-28 00:00:00,High,Open,Phone,Software Bug,A023,Charles Carroll,96,Yes,4
T03998,2025-09-04 00:00:00,2025-09-08 02:00:00,Low,Open,Chat,Network Issue,A013,Monica Martinez,98,No,5
T03999,2025-11-04 00:00:00,2025-11-09 00:00:00,Medium,In Progress,Portal,Hardware Failure,A008,Tracy Gray,120,Yes,2
T04000,2025-05-13 00:00:00,2025-05-13 17:00:00,High,Closed,Phone,Access Request,A008,Leslie Miller,17,No,2
T04001,2025-03-13 00:00:00,2025-03-17 19:00:00,Critical,In Progress,Phone,Software Bug,A025,Donna Rodriguez,115,Yes,2
T04002,2025-02-22 00:00:00,2025-02-22 05:00:00,Medium,Closed,Email,Login Issue,A018,Rebecca Newman,5,No,2
T04003,2025-03-14 00:00:00,2025-03-17 12:00:00,High,Open,Phone,Hardware Failure,A001,Jennifer Burgess,84,No,2
T04004,2025-04-12 00:00:00,2025-04-13 01:00:00,Medium,Open,Phone,Access Request,A009,Brian Aguirre,25,No,2
T04005,2025-07-24 00:00:00,2025-07-27 10:00:00,Medium,Resolved,Portal,Access Request,A021,Theresa Mcknight,82,Yes,1
T04006,2025-05-18 00:00:00,2025-05-20 12:00:00,Critical,Open,Chat,Login Issue,A016,Claudia Peters,60,No,2
T04007,2025-10-20 00:00:00,2025-10-23 13:00:00,Low,Closed,Chat,Software Bug,A023,Cindy Lin,85,No,4
T04008,2025-06-07 00:00:00,2025-06-08 15:00:00,Low,Resolved,Portal,Access Request,A008,Katherine Odonnell,39,No,2
T04009,2025-11-14 00:00:00,2025-11-17 14:00:00,Critical,Resolved,Email,Software Bug,A007,Jared George,86,Yes,2
T04010,2025-11-19 00:00:00,2025-11-23 10:00:00,Medium,Closed,Chat,Access Request,A007,Amanda Kelly,106,No,4
T04011,2026-01-07 00:00:00,2026-01-07 17:00:00,Medium,Open,Phone,Access Request,A015,Angela Taylor,17,No,5
T04012,2025-12-13 00:00:00,2025-12-16 15:00:00,Medium,In Progress,Email,Software Bug,A001,Steven Cruz,87,Yes,5
T04013,2025-03-26 00:00:00,2025-03-26 13:00:00,High,Closed,Chat,Software Bug,A025,Priscilla Gordon,13,Yes,5
T04014,2025-12-15 00:00:00,2025-12-18 16:00:00,Medium,Resolved,Email,Hardware Failure,A014,Willie Mendoza,88,No,1
T04015,2026-03-25 00:00:00,2026-03-29 21:00:00,Critical,Open,Portal,Hardware Failure,A008,Joel Johnson,117,No,5
T04016,2025-09-11 00:00:00,2025-09-13 06:00:00,Low,Resolved,Portal,Network Issue,A005,Angela Gray,54,No,4
T04017,2026-01-06 00:00:00,2026-01-09 07:00:00,Low,In Progress,Chat,Network Issue,A010,David Nielsen,79,Yes,1
T04018,2026-03-15 00:00:00,2026-03-17 13:00:00,Medium,In Progress,Email,Software Bug,A012,Todd Wagner,61,No,4
T04019,2025-05-04 00:00:00,2025-05-08 21:00:00,High,In Progress,Portal,Network Issue,A020,Rebecca Lewis,117,No,4
T04020,2025-11-11 00:00:00,2025-11-12 20:00:00,High,Open,Phone,Access Request,A019,Corey Butler,44,No,5
T04021,2025-06-14 00:00:00,2025-06-18 05:00:00,Critical,Resolved,Portal,Software Bug,A007,Susan Robles,101,Yes,3
T04022,2025-08-29 00:00:00,2025-08-29 08:00:00,Critical,In Progress,Email,Login Issue,A005,Crystal Gonzales,8,Yes,5
T04023,2025-01-09 00:00:00,2025-01-12 13:00:00,Critical,In Progress,Portal,Hardware Failure,A008,Crystal Moore,85,Yes,2
T04024,2025-06-29 00:00:00,2025-07-02 23:00:00,Critical,In Progress,Phone,Network Issue,A024,Michael Price,95,Yes,4
T04025,2025-05-26 00:00:00,2025-05-30 22:00:00,Critical,Resolved,Phone,Access Request,A003,Allison Clark,118,No,5
T04026,2025-12-08 00:00:00,2025-12-10 03:00:00,Low,Open,Email,Access Request,A001,Joseph James,51,No,1
T04027,2025-10-08 00:00:00,2025-10-10 19:00:00,Critical,Open,Portal,Network Issue,A024,Kevin Mendoza,67,Yes,4
T04028,2025-07-31 00:00:00,2025-08-01 16:00:00,Critical,In Progress,Portal,Access Request,A012,Sharon Porter,40,No,3
T04029,2025-11-19 00:00:00,2025-11-20 12:00:00,Critical,Closed,Email,Access Request,A022,Zachary Anderson,36,Yes,1
T04030,2025-11-03 00:00:00,2025-11-04 02:00:00,Low,Closed,Chat,Software Bug,A021,Beth Ruiz,26,Yes,4
T04031,2025-01-08 00:00:00,2025-01-09 13:00:00,Critical,In Progress,Chat,Hardware Failure,A014,Edward Stevenson,37,No,3
T04032,2025-05-11 00:00:00,2025-05-15 22:00:00,Medium,In Progress,Portal,Access Request,A002,Peter Perry,118,No,4
T04033,2025-03-08 00:00:00,2025-03-10 17:00:00,Low,Resolved,Portal,Hardware Failure,A012,Mr. Justin Wheeler,65,Yes,5
T04034,2025-10-11 00:00:00,2025-10-12 01:00:00,High,Closed,Portal,Login Issue,A019,Jessica Foley,25,Yes,4
T04035,2025-08-16 00:00:00,2025-08-17 12:00:00,High,Resolved,Email,Access Request,A013,Joseph Espinoza,36,No,2
T04036,2025-11-13 00:00:00,2025-11-14 04:00:00,Low,Closed,Phone,Software Bug,A002,Andrew Stein,28,Yes,5
T04037,2025-05-03 00:00:00,2025-05-03 06:00:00,Critical,Resolved,Portal,Access Request,A021,Cody Carroll,6,Yes,5
T04038,2025-05-16 00:00:00,2025-05-21 00:00:00,High,In Progress,Chat,Software Bug,A017,Justin Kelley,120,No,2
T04039,2025-11-01 00:00:00,2025-11-02 19:00:00,Low,In Progress,Email,Software Bug,A013,Jacob Young,43,Yes,2
T04040,2026-02-26 00:00:00,2026-02-27 07:00:00,Critical,Open,Email,Access Request,A018,Darrell Castillo,31,Yes,5
T04041,2025-04-18 00:00:00,2025-04-19 19:00:00,Critical,Resolved,Portal,Hardware Failure,A001,Miss Jean Rodriguez,43,No,3
T04042,2025-10-28 00:00:00,2025-11-01 07:00:00,Medium,Closed,Portal,Software Bug,A015,Joshua Rojas,103,No,1
T04043,2025-08-24 00:00:00,2025-08-26 08:00:00,Low,Open,Portal,Login Issue,A006,Kimberly Melton MD,56,Yes,5
T04044,2025-03-01 00:00:00,2025-03-05 08:00:00,Low,In Progress,Portal,Software Bug,A012,Emily Strickland,104,No,3
T04045,2025-12-30 00:00:00,2026-01-01 17:00:00,Low,Open,Chat,Login Issue,A011,Alice Gomez,65,Yes,1
T04046,2025-04-21 00:00:00,2025-04-22 04:00:00,Medium,Closed,Portal,Login Issue,A004,Michael Bowman,28,Yes,3
T04047,2025-09-21 00:00:00,2025-09-22 17:00:00,Low,Open,Phone,Access Request,A011,Mark Jones,41,No,3
T04048,2025-04-09 00:00:00,2025-04-13 06:00:00,Low,Open,Email,Login Issue,A006,Donald Howard,102,No,5
T04049,2026-02-20 00:00:00,2026-02-21 22:00:00,Low,Open,Chat,Access Request,A002,Michael Padilla,46,No,4
T04050,2026-01-18 00:00:00,2026-01-22 22:00:00,High,Open,Phone,Hardware Failure,A021,Stephanie Mullins,118,No,1
T04051,2025-01-19 00:00:00,2025-01-23 17:00:00,High,Open,Email,Access Request,A008,Connie Copeland,113,No,3
T04052,2025-09-30 00:00:00,2025-10-02 09:00:00,Critical,Closed,Email,Hardware Failure,A001,Jill Mcdonald,57,Yes,1
T04053,2025-11-25 00:00:00,2025-11-26 16:00:00,Medium,In Progress,Phone,Access Request,A023,Rachel Mason,40,No,5
T04054,2025-01-09 00:00:00,2025-01-11 15:00:00,Critical,Open,Phone,Access Request,A008,Kevin Jimenez,63,Yes,1
T04055,2026-02-21 00:00:00,2026-02-21 18:00:00,Medium,Resolved,Chat,Network Issue,A005,Dennis Pittman,18,Yes,1
T04056,2025-10-16 00:00:00,2025-10-20 16:00:00,Low,Open,Phone,Hardware Failure,A022,David Odonnell,112,Yes,3
T04057,2025-08-30 00:00:00,2025-09-01 16:00:00,High,Closed,Phone,Hardware Failure,A009,Jennifer Gray,64,Yes,3
T04058,2025-07-18 00:00:00,2025-07-20 04:00:00,Low,In Progress,Portal,Network Issue,A024,Brian Haynes,52,Yes,1
T04059,2025-11-29 00:00:00,2025-11-30 06:00:00,Critical,Resolved,Email,Hardware Failure,A011,Mrs. Nicole Marquez,30,No,1
T04060,2025-12-11 00:00:00,2025-12-11 12:00:00,Low,Open,Portal,Login Issue,A021,Teresa Leon,12,Yes,2
T04061,2025-10-05 00:00:00,2025-10-05 11:00:00,Medium,In Progress,Phone,Network Issue,A002,Elijah Smith,11,Yes,1
T04062,2025-06-16 00:00:00,2025-06-17 22:00:00,Critical,In Progress,Email,Hardware Failure,A005,Alisha Wagner,46,Yes,5
T04063,2025-02-28 00:00:00,2025-03-04 06:00:00,High,Closed,Email,Login Issue,A019,Randy Buckley,102,No,3
T04064,2025-11-21 00:00:00,2025-11-21 14:00:00,Critical,Open,Chat,Software Bug,A001,Angela Johnson,14,No,5
T04065,2025-03-25 00:00:00,2025-03-25 12:00:00,Medium,Open,Phone,Hardware Failure,A001,Katie Butler,12,Yes,1
T04066,2025-07-27 00:00:00,2025-07-31 05:00:00,Low,Open,Chat,Software Bug,A024,Emma Sullivan,101,No,3
T04067,2026-03-06 00:00:00,2026-03-06 06:00:00,Low,Closed,Email,Software Bug,A002,Emily Sharp,6,Yes,5
T04068,2025-05-20 00:00:00,2025-05-22 07:00:00,High,Resolved,Chat,Access Request,A012,Jeffrey Farley,55,Yes,5
T04069,2026-02-24 00:00:00,2026-02-26 04:00:00,High,Open,Portal,Network Issue,A023,Maureen Reynolds,52,No,1
T04070,2025-05-15 00:00:00,2025-05-16 20:00:00,Critical,In Progress,Chat,Access Request,A021,Dwayne Osborne,44,Yes,4
T04071,2025-09-07 00:00:00,2025-09-08 10:00:00,High,Open,Chat,Network Issue,A022,Jennifer Marshall,34,Yes,2
T04072,2025-05-29 00:00:00,2025-06-01 08:00:00,Critical,Closed,Portal,Network Issue,A011,Richard Hicks,80,Yes,3
T04073,2025-12-12 00:00:00,2025-12-16 02:00:00,High,Closed,Portal,Hardware Failure,A020,Kelsey Bautista,98,Yes,5
T04074,2026-03-26 00:00:00,2026-03-29 05:00:00,Medium,Open,Email,Hardware Failure,A010,Shannon Greene,77,No,3
T04075,2025-03-13 00:00:00,2025-03-15 20:00:00,Low,Closed,Chat,Hardware Failure,A017,Scott Moody,68,No,4
T04076,2025-10-26 00:00:00,2025-10-30 21:00:00,Medium,Closed,Phone,Access Request,A015,Katie Garza,117,No,1
T04077,2025-02-13 00:00:00,2025-02-13 16:00:00,Critical,In Progress,Portal,Hardware Failure,A001,Erin Patton,16,Yes,4
T04078,2025-06-07 00:00:00,2025-06-10 05:00:00,Medium,Resolved,Portal,Access Request,A020,David Ho,77,No,5
T04079,2025-09-05 00:00:00,2025-09-08 12:00:00,Low,Closed,Chat,Hardware Failure,A006,Ryan Ferguson,84,No,1
T04080,2026-01-17 00:00:00,2026-01-19 15:00:00,Low,In Progress,Email,Software Bug,A016,Tanya Carter,63,Yes,3
T04081,2025-04-16 00:00:00,2025-04-16 12:00:00,High,In Progress,Chat,Network Issue,A007,Angela Holmes,12,No,2
T04082,2025-03-19 00:00:00,2025-03-20 20:00:00,Low,Open,Chat,Access Request,A020,William Butler,44,No,4
T04083,2025-11-04 00:00:00,2025-11-06 02:00:00,Critical,In Progress,Email,Software Bug,A002,Rebecca Rogers,50,No,1
T04084,2026-01-31 00:00:00,2026-01-31 20:00:00,High,In Progress,Chat,Network Issue,A025,Theresa Perez,20,Yes,1
T04085,2025-04-07 00:00:00,2025-04-10 21:00:00,High,Resolved,Portal,Login Issue,A011,Eric Melton,93,Yes,1
T04086,2025-05-28 00:00:00,2025-05-31 13:00:00,Medium,In Progress,Phone,Login Issue,A001,Kristin Lee,85,Yes,2
T04087,2025-03-17 00:00:00,2025-03-21 22:00:00,High,Resolved,Phone,Login Issue,A009,David Jones,118,Yes,5
T04088,2025-05-24 00:00:00,2025-05-28 15:00:00,Critical,In Progress,Chat,Network Issue,A022,Larry Sheppard,111,No,1
T04089,2026-03-25 00:00:00,2026-03-29 11:00:00,Medium,Resolved,Email,Network Issue,A004,Scott Dixon,107,Yes,4
T04090,2025-08-07 00:00:00,2025-08-12 00:00:00,Medium,In Progress,Email,Network Issue,A016,Mr. Michael Martin,120,Yes,5
T04091,2025-09-15 00:00:00,2025-09-15 14:00:00,Low,Closed,Phone,Software Bug,A006,Austin Lee,14,No,1
T04092,2025-06-26 00:00:00,2025-06-28 12:00:00,Critical,In Progress,Chat,Software Bug,A017,Caleb Reyes,60,No,5
T04093,2025-08-20 00:00:00,2025-08-21 13:00:00,Medium,Closed,Phone,Software Bug,A017,Gabriel Harrison,37,Yes,3
T04094,2025-04-11 00:00:00,2025-04-15 00:00:00,Medium,Resolved,Chat,Software Bug,A024,Mark Patton,96,Yes,4
T04095,2025-03-07 00:00:00,2025-03-10 10:00:00,Medium,Resolved,Email,Login Issue,A015,Christina Hanson,82,Yes,3
T04096,2025-10-11 00:00:00,2025-10-11 04:00:00,Low,In Progress,Chat,Software Bug,A012,David Perez,4,Yes,3
T04097,2025-10-11 00:00:00,2025-10-14 23:00:00,Medium,Closed,Phone,Login Issue,A009,Aaron Gibbs,95,No,5
T04098,2025-07-23 00:00:00,2025-07-25 13:00:00,Critical,Closed,Email,Access Request,A005,Albert Lawrence,61,No,4
T04099,2025-06-03 00:00:00,2025-06-04 18:00:00,Critical,Open,Phone,Login Issue,A021,Abigail Butler,42,No,5
T04100,2025-06-10 00:00:00,2025-06-11 03:00:00,Medium,Closed,Chat,Access Request,A007,Stephen Williams,27,Yes,1
T04101,2025-07-10 00:00:00,2025-07-14 04:00:00,Critical,In Progress,Email,Login Issue,A016,Michael Bentley,100,No,2
T04102,2025-12-31 00:00:00,2026-01-04 20:00:00,High,Resolved,Phone,Login Issue,A021,Dennis Arnold,116,Yes,1
T04103,2025-01-08 00:00:00,2025-01-12 08:00:00,Low,Resolved,Chat,Software Bug,A005,Michael Conley,104,No,4
T04104,2025-06-06 00:00:00,2025-06-07 22:00:00,High,Resolved,Phone,Network Issue,A003,Diane Silva,46,No,4
T04105,2025-02-19 00:00:00,2025-02-23 08:00:00,High,In Progress,Phone,Network Issue,A009,Zachary Daugherty,104,No,1
T04106,2025-03-26 00:00:00,2025-03-29 08:00:00,Critical,Open,Email,Login Issue,A025,Emily Davis,80,Yes,4
T04107,2026-01-18 00:00:00,2026-01-19 03:00:00,Medium,Resolved,Chat,Access Request,A020,Tony Davis,27,No,3
T04108,2025-07-06 00:00:00,2025-07-09 23:00:00,High,Closed,Email,Access Request,A017,Christopher Deleon,95,Yes,5
T04109,2026-03-05 00:00:00,2026-03-10 00:00:00,Critical,Open,Phone,Login Issue,A012,Austin Moore,120,Yes,4
T04110,2025-09-13 00:00:00,2025-09-16 06:00:00,Medium,Closed,Portal,Network Issue,A017,Timothy Mitchell,78,Yes,3
T04111,2025-09-09 00:00:00,2025-09-13 20:00:00,Low,In Progress,Phone,Login Issue,A006,Tara Soto,116,Yes,3
T04112,2025-04-06 00:00:00,2025-04-07 06:00:00,High,Resolved,Email,Hardware Failure,A001,Lawrence Bennett,30,No,5
T04113,2025-08-19 00:00:00,2025-08-20 03:00:00,High,In Progress,Portal,Access Request,A015,Melissa Roberts MD,27,No,1
T04114,2025-08-24 00:00:00,2025-08-26 13:00:00,High,Open,Portal,Login Issue,A008,Jeff Gonzalez,61,No,4
T04115,2025-07-17 00:00:00,2025-07-19 05:00:00,Critical,Open,Email,Hardware Failure,A013,Stephanie Kelley,53,Yes,3
T04116,2025-03-24 00:00:00,2025-03-28 14:00:00,Medium,Open,Phone,Access Request,A005,Nicole Stephenson,110,Yes,5
T04117,2025-10-25 00:00:00,2025-10-29 11:00:00,Critical,In Progress,Portal,Access Request,A009,Joshua Williams,107,No,2
T04118,2025-03-10 00:00:00,2025-03-12 07:00:00,Medium,In Progress,Phone,Login Issue,A010,James Fox,55,No,3
T04119,2025-11-26 00:00:00,2025-11-29 04:00:00,Medium,Open,Portal,Hardware Failure,A022,Haley Wong,76,No,4
T04120,2025-01-17 00:00:00,2025-01-21 18:00:00,High,In Progress,Email,Network Issue,A007,Kathleen Jacobson,114,No,3
T04121,2025-12-01 00:00:00,2025-12-05 22:00:00,Medium,Resolved,Chat,Access Request,A018,Chad Perkins,118,Yes,3
T04122,2025-02-27 00:00:00,2025-03-01 19:00:00,Critical,Resolved,Email,Network Issue,A009,Parker Smith,67,Yes,3
T04123,2025-03-02 00:00:00,2025-03-02 04:00:00,Medium,Closed,Email,Hardware Failure,A025,Jason Miller,4,Yes,4
T04124,2025-06-07 00:00:00,2025-06-10 00:00:00,Critical,Resolved,Email,Login Issue,A023,Robert Clark,72,No,2
T04125,2026-01-08 00:00:00,2026-01-09 20:00:00,High,Resolved,Chat,Access Request,A009,Stacey Cuevas,44,Yes,5
T04126,2025-02-07 00:00:00,2025-02-10 08:00:00,Critical,In Progress,Email,Network Issue,A025,Shawn Watson,80,No,2
T04127,2025-04-10 00:00:00,2025-04-14 21:00:00,High,Closed,Phone,Hardware Failure,A013,Robert Gibbs,117,No,4
T04128,2025-08-07 00:00:00,2025-08-09 19:00:00,Critical,Closed,Chat,Access Request,A007,John Nicholson,67,No,4
T04129,2026-02-08 00:00:00,2026-02-11 00:00:00,Low,In Progress,Chat,Login Issue,A016,Terry Williams,72,No,4
T04130,2025-11-01 00:00:00,2025-11-01 10:00:00,High,In Progress,Email,Access Request,A021,Ashley Zavala,10,No,5
T04131,2025-04-02 00:00:00,2025-04-04 08:00:00,Medium,In Progress,Phone,Access Request,A020,Ian Little,56,Yes,4
T04132,2025-12-14 00:00:00,2025-12-18 08:00:00,Critical,Open,Chat,Login Issue,A002,Kenneth Ewing,104,Yes,4
T04133,2025-02-08 00:00:00,2025-02-08 11:00:00,Low,Resolved,Chat,Access Request,A001,Elizabeth Hernandez,11,No,2
T04134,2025-05-25 00:00:00,2025-05-26 00:00:00,Critical,Resolved,Portal,Access Request,A006,Rebecca Lopez,24,Yes,2
T04135,2025-05-14 00:00:00,2025-05-17 03:00:00,Low,Open,Email,Access Request,A013,Willie Clark,75,Yes,5
T04136,2026-02-14 00:00:00,2026-02-19 00:00:00,High,Closed,Email,Software Bug,A021,Marisa Pugh,120,Yes,4
T04137,2025-06-25 00:00:00,2025-06-29 20:00:00,Medium,Open,Portal,Hardware Failure,A020,John Wilson,116,No,4
T04138,2025-08-25 00:00:00,2025-08-28 14:00:00,Critical,Closed,Phone,Login Issue,A019,Heather Jones,86,No,2
T04139,2025-03-02 00:00:00,2025-03-02 06:00:00,Medium,Closed,Phone,Hardware Failure,A010,Stephanie Ibarra,6,Yes,2
T04140,2025-12-12 00:00:00,2025-12-12 23:00:00,High,Closed,Portal,Network Issue,A009,Ryan Jones,23,No,1
T04141,2025-11-14 00:00:00,2025-11-16 13:00:00,High,Resolved,Portal,Access Request,A007,Julie Torres,61,Yes,1
T04142,2026-01-29 00:00:00,2026-02-02 17:00:00,Critical,Open,Email,Login Issue,A022,James Hall,113,No,4
T04143,2025-06-07 00:00:00,2025-06-10 15:00:00,Low,Closed,Portal,Network Issue,A021,John Randall,87,Yes,5
T04144,2026-01-09 00:00:00,2026-01-13 12:00:00,Low,Closed,Chat,Hardware Failure,A017,Zachary Burke,108,No,4
T04145,2026-01-22 00:00:00,2026-01-22 09:00:00,High,Closed,Phone,Software Bug,A017,Barbara Wood,9,No,1
T04146,2025-09-03 00:00:00,2025-09-07 15:00:00,High,In Progress,Phone,Hardware Failure,A009,Lindsay Mcintosh,111,No,5
T04147,2025-09-12 00:00:00,2025-09-12 07:00:00,Critical,In Progress,Phone,Hardware Failure,A013,Lisa Johnson,7,No,2
T04148,2025-12-03 00:00:00,2025-12-05 07:00:00,Critical,Resolved,Chat,Access Request,A015,Reginald Morgan,55,No,3
T04149,2025-07-17 00:00:00,2025-07-20 08:00:00,High,Closed,Email,Software Bug,A012,Heidi Williams,80,Yes,3
T04150,2025-05-21 00:00:00,2025-05-25 14:00:00,High,Resolved,Email,Network Issue,A009,Allison Wheeler,110,Yes,4
T04151,2026-02-01 00:00:00,2026-02-02 23:00:00,Critical,Closed,Phone,Access Request,A021,Sharon Callahan,47,Yes,2
T04152,2025-10-14 00:00:00,2025-10-17 21:00:00,Critical,Resolved,Phone,Access Request,A009,Calvin Gonzales,93,No,3
T04153,2026-03-26 00:00:00,2026-03-26 04:00:00,Critical,Resolved,Chat,Access Request,A002,Cindy Riley,4,No,2
T04154,2025-09-26 00:00:00,2025-09-26 01:00:00,Medium,In Progress,Phone,Access Request,A012,Michael Brown,1,No,3
T04155,2025-10-25 00:00:00,2025-10-26 01:00:00,Low,In Progress,Portal,Access Request,A013,Mark George,25,No,2
T04156,2026-01-15 00:00:00,2026-01-17 20:00:00,High,Open,Portal,Network Issue,A015,Candace Rose,68,Yes,1
T04157,2025-01-29 00:00:00,2025-02-02 07:00:00,Low,Resolved,Email,Hardware Failure,A007,Brian Johnson,103,Yes,3
T04158,2026-02-20 00:00:00,2026-02-23 19:00:00,Low,Resolved,Email,Login Issue,A024,Scott Parker,91,Yes,3
T04159,2025-07-28 00:00:00,2025-07-29 23:00:00,Medium,Closed,Portal,Network Issue,A007,Kimberly Porter,47,No,5
T04160,2025-07-22 00:00:00,2025-07-24 12:00:00,Critical,Resolved,Portal,Hardware Failure,A024,Adrienne Martin,60,Yes,3
T04161,2025-05-07 00:00:00,2025-05-08 04:00:00,Critical,In Progress,Portal,Software Bug,A004,Susan Mason,28,No,2
T04162,2025-11-01 00:00:00,2025-11-01 19:00:00,High,Open,Email,Login Issue,A001,Dale Strickland,19,Yes,1
T04163,2025-11-18 00:00:00,2025-11-20 15:00:00,Low,Closed,Email,Access Request,A011,Lisa Gutierrez,63,Yes,4
T04164,2025-07-20 00:00:00,2025-07-21 15:00:00,High,Closed,Portal,Access Request,A021,Natalie Wilson,39,No,5
T04165,2025-04-14 00:00:00,2025-04-16 19:00:00,Medium,Open,Portal,Login Issue,A009,Ashley Diaz,67,No,2
T04166,2025-04-21 00:00:00,2025-04-25 18:00:00,Critical,Resolved,Chat,Hardware Failure,A017,Patrick Henry,114,Yes,3
T04167,2026-03-14 00:00:00,2026-03-15 20:00:00,High,In Progress,Portal,Login Issue,A006,Charles Lee,44,No,1
T04168,2025-01-15 00:00:00,2025-01-18 21:00:00,Critical,Resolved,Portal,Hardware Failure,A002,Lauren Gray,93,No,4
T04169,2025-02-13 00:00:00,2025-02-16 10:00:00,Low,In Progress,Phone,Network Issue,A024,Michael Meyer,82,No,5
T04170,2025-02-18 00:00:00,2025-02-22 15:00:00,Low,In Progress,Phone,Hardware Failure,A015,Terry Friedman,111,No,2
T04171,2025-07-06 00:00:00,2025-07-09 05:00:00,High,Open,Phone,Network Issue,A016,Aaron Ryan,77,No,5
T04172,2025-09-14 00:00:00,2025-09-16 10:00:00,High,Open,Portal,Access Request,A003,Nicholas Silva,58,Yes,1
T04173,2025-11-18 00:00:00,2025-11-22 07:00:00,High,Open,Email,Hardware Failure,A009,Nicole Thomas,103,Yes,4
T04174,2025-09-11 00:00:00,2025-09-11 05:00:00,Medium,Resolved,Portal,Access Request,A024,Kevin Coleman,5,No,4
T04175,2025-09-20 00:00:00,2025-09-21 02:00:00,Medium,Resolved,Chat,Hardware Failure,A007,Melanie Valdez,26,No,1
T04176,2026-03-20 00:00:00,2026-03-21 19:00:00,Low,Resolved,Chat,Access Request,A005,Michele Bryant,43,No,3
T04177,2025-04-05 00:00:00,2025-04-07 18:00:00,Low,In Progress,Email,Hardware Failure,A018,Robert Campos,66,Yes,1
T04178,2026-02-10 00:00:00,2026-02-13 13:00:00,High,In Progress,Email,Hardware Failure,A016,Robin Ramos,85,No,4
T04179,2026-01-18 00:00:00,2026-01-21 08:00:00,High,Resolved,Chat,Login Issue,A018,Steven Hahn,80,No,5
T04180,2026-01-16 00:00:00,2026-01-19 04:00:00,Low,In Progress,Phone,Login Issue,A015,Eddie Walker,76,No,2
T04181,2025-08-12 00:00:00,2025-08-12 01:00:00,Medium,Closed,Email,Login Issue,A024,Virginia Rodgers,1,No,3
T04182,2025-03-23 00:00:00,2025-03-24 03:00:00,Medium,Closed,Portal,Network Issue,A008,Jeffrey Cunningham,27,Yes,1
T04183,2025-11-04 00:00:00,2025-11-08 10:00:00,Medium,Resolved,Portal,Software Bug,A009,Teresa Butler,106,Yes,2
T04184,2025-05-06 00:00:00,2025-05-06 04:00:00,Low,Resolved,Chat,Login Issue,A006,Ruth Mckinney,4,No,4
T04185,2025-04-17 00:00:00,2025-04-21 23:00:00,Low,Open,Phone,Access Request,A012,Jennifer Ramirez,119,Yes,2
T04186,2025-02-17 00:00:00,2025-02-20 00:00:00,Low,Open,Chat,Network Issue,A007,Cassandra Blackwell,72,Yes,3
T04187,2025-12-07 00:00:00,2025-12-09 21:00:00,Low,Closed,Phone,Login Issue,A010,Barbara Buck,69,Yes,2
T04188,2026-02-05 00:00:00,2026-02-08 17:00:00,Medium,Open,Chat,Software Bug,A017,Austin Taylor,89,No,1
T04189,2025-12-29 00:00:00,2025-12-31 10:00:00,High,Closed,Portal,Access Request,A015,Stephen Lopez,58,Yes,2
T04190,2025-10-28 00:00:00,2025-11-01 08:00:00,Medium,Resolved,Chat,Software Bug,A008,Erica Morris DVM,104,Yes,5
T04191,2025-07-11 00:00:00,2025-07-15 14:00:00,Medium,Closed,Phone,Network Issue,A025,Frances Kelly,110,Yes,1
T04192,2025-08-12 00:00:00,2025-08-17 00:00:00,Medium,Resolved,Email,Access Request,A011,Michael Hobbs,120,Yes,3
T04193,2026-03-22 00:00:00,2026-03-23 23:00:00,Critical,Closed,Email,Software Bug,A011,Walter Fletcher,47,Yes,3
T04194,2025-05-05 00:00:00,2025-05-05 07:00:00,Low,Closed,Chat,Software Bug,A009,Angela Shea,7,No,5
T04195,2025-07-18 00:00:00,2025-07-18 14:00:00,Low,Resolved,Chat,Access Request,A024,Robert Pitts,14,Yes,3
T04196,2026-01-01 00:00:00,2026-01-05 13:00:00,Low,In Progress,Chat,Software Bug,A014,Kathleen Mueller,109,No,3
T04197,2025-01-22 00:00:00,2025-01-23 07:00:00,Low,Closed,Portal,Access Request,A012,Daniel Jones,31,No,3
T04198,2026-02-06 00:00:00,2026-02-07 22:00:00,Medium,Resolved,Chat,Access Request,A017,Stacy Anderson,46,Yes,5
T04199,2026-03-16 00:00:00,2026-03-16 08:00:00,Medium,In Progress,Portal,Hardware Failure,A025,Edward Baldwin,8,No,5
T04200,2025-06-03 00:00:00,2025-06-05 10:00:00,Critical,Closed,Chat,Software Bug,A019,Samantha Petty DDS,58,Yes,4
T04201,2025-07-09 00:00:00,2025-07-10 13:00:00,Medium,In Progress,Portal,Network Issue,A010,Jerry Oconnor,37,Yes,1
T04202,2025-09-05 00:00:00,2025-09-08 05:00:00,Low,Open,Portal,Login Issue,A023,Melissa Patel,77,No,4
T04203,2026-03-24 00:00:00,2026-03-25 19:00:00,High,Resolved,Portal,Hardware Failure,A009,Penny Williams,43,Yes,3
T04204,2025-08-12 00:00:00,2025-08-14 07:00:00,Medium,Resolved,Portal,Hardware Failure,A004,Brooke Norton,55,Yes,2
T04205,2025-06-18 00:00:00,2025-06-19 23:00:00,Medium,Resolved,Email,Network Issue,A025,Kevin Bell,47,No,5
T04206,2025-08-09 00:00:00,2025-08-11 10:00:00,Low,Closed,Chat,Login Issue,A005,Mark Howell,58,Yes,3
T04207,2025-09-09 00:00:00,2025-09-09 19:00:00,Critical,Resolved,Phone,Login Issue,A010,Kimberly Noble,19,No,4
T04208,2025-02-27 00:00:00,2025-03-02 17:00:00,High,Open,Portal,Login Issue,A002,Tiffany Daniels,89,No,2
T04209,2025-05-25 00:00:00,2025-05-26 23:00:00,Medium,Resolved,Chat,Software Bug,A020,Edward Rodriguez,47,No,3
T04210,2026-03-02 00:00:00,2026-03-03 23:00:00,Medium,Open,Portal,Access Request,A022,Rebecca Reilly,47,Yes,4
T04211,2025-04-15 00:00:00,2025-04-17 00:00:00,Critical,Closed,Email,Access Request,A020,Doris Perez,48,No,4
T04212,2026-01-24 00:00:00,2026-01-24 01:00:00,Low,Open,Portal,Login Issue,A010,Holly Jones,1,Yes,3
T04213,2025-02-10 00:00:00,2025-02-12 13:00:00,High,Resolved,Portal,Access Request,A011,Mark Saunders,61,Yes,1
T04214,2025-02-17 00:00:00,2025-02-20 09:00:00,Critical,In Progress,Phone,Hardware Failure,A018,Nicole Villanueva MD,81,No,5
T04215,2025-01-24 00:00:00,2025-01-28 04:00:00,Medium,Open,Portal,Login Issue,A017,Lisa Gonzalez,100,No,5
T04216,2025-11-27 00:00:00,2025-11-30 15:00:00,Low,Open,Chat,Software Bug,A025,Glenn Daniel,87,Yes,1
T04217,2025-11-02 00:00:00,2025-11-02 11:00:00,Low,Resolved,Phone,Network Issue,A002,Evan Pena,11,Yes,1
T04218,2025-07-27 00:00:00,2025-07-28 13:00:00,Low,In Progress,Phone,Network Issue,A019,Amber Alexander,37,No,1
T04219,2025-05-05 00:00:00,2025-05-07 16:00:00,Low,In Progress,Email,Network Issue,A018,David Bentley,64,No,5
T04220,2025-09-23 00:00:00,2025-09-23 22:00:00,Medium,Resolved,Chat,Hardware Failure,A017,Kenneth Kelly,22,Yes,1
T04221,2026-01-21 00:00:00,2026-01-25 01:00:00,Critical,Closed,Portal,Network Issue,A024,Michael Gonzalez,97,No,4
T04222,2026-03-27 00:00:00,2026-03-31 12:00:00,Low,In Progress,Chat,Access Request,A023,Dwayne Bennett,108,Yes,2
T04223,2025-04-06 00:00:00,2025-04-07 14:00:00,Critical,Closed,Chat,Hardware Failure,A009,Roberto Medina,38,Yes,2
T04224,2026-01-08 00:00:00,2026-01-12 09:00:00,High,Resolved,Email,Software Bug,A015,Chris Harris,105,Yes,4
T04225,2026-01-28 00:00:00,2026-01-31 16:00:00,Critical,Closed,Portal,Network Issue,A015,Jasmine Robinson,88,No,2
T04226,2025-09-23 00:00:00,2025-09-23 12:00:00,Critical,Closed,Chat,Software Bug,A020,Theresa Lowe,12,Yes,5
T04227,2025-06-09 00:00:00,2025-06-11 02:00:00,Critical,Open,Chat,Software Bug,A013,George Roach,50,Yes,5
T04228,2026-02-11 00:00:00,2026-02-14 01:00:00,High,In Progress,Email,Software Bug,A011,Michelle Smith,73,No,5
T04229,2025-07-26 00:00:00,2025-07-27 16:00:00,Medium,Resolved,Email,Network Issue,A021,Jordan Hunter,40,No,2
T04230,2026-02-10 00:00:00,2026-02-14 06:00:00,Low,Closed,Chat,Access Request,A013,Tyler Austin,102,No,5
T04231,2025-08-03 00:00:00,2025-08-06 14:00:00,Low,Open,Phone,Network Issue,A019,Christopher Flowers,86,Yes,5
T04232,2025-05-05 00:00:00,2025-05-08 14:00:00,High,Closed,Portal,Network Issue,A006,Jessica Wallace,86,Yes,2
T04233,2025-04-26 00:00:00,2025-04-28 12:00:00,Medium,Closed,Chat,Login Issue,A013,Anthony Lee,60,Yes,2
T04234,2025-04-15 00:00:00,2025-04-17 18:00:00,Critical,Resolved,Chat,Hardware Failure,A017,Sarah Price,66,Yes,4
T04235,2025-01-27 00:00:00,2025-01-31 23:00:00,High,Resolved,Portal,Software Bug,A022,Jo Case,119,No,3
T04236,2025-12-06 00:00:00,2025-12-08 04:00:00,Critical,Closed,Email,Login Issue,A012,Kelly Thompson,52,No,3
T04237,2025-02-04 00:00:00,2025-02-08 13:00:00,Critical,Closed,Portal,Software Bug,A021,Angela Padilla,109,No,2
T04238,2025-11-05 00:00:00,2025-11-06 10:00:00,Critical,In Progress,Phone,Hardware Failure,A002,Tammy Russell,34,No,2
T04239,2025-07-30 00:00:00,2025-07-30 14:00:00,Critical,Resolved,Phone,Software Bug,A009,Theresa Anderson,14,Yes,3
T04240,2025-01-22 00:00:00,2025-01-22 08:00:00,Medium,Open,Portal,Hardware Failure,A009,Mr. James Burnett DDS,8,No,3
T04241,2026-01-02 00:00:00,2026-01-02 13:00:00,Medium,Open,Phone,Software Bug,A003,Zachary Morales,13,Yes,3
T04242,2025-10-20 00:00:00,2025-10-22 20:00:00,Low,Resolved,Portal,Software Bug,A021,Emily Ramos,68,Yes,3
T04243,2025-05-01 00:00:00,2025-05-02 05:00:00,High,Open,Email,Software Bug,A007,Cindy Cook,29,Yes,3
T04244,2026-03-03 00:00:00,2026-03-04 00:00:00,Critical,Closed,Portal,Network Issue,A006,Ralph Fleming,24,No,5
T04245,2025-12-10 00:00:00,2025-12-13 04:00:00,High,In Progress,Phone,Network Issue,A018,Sarah Williams,76,Yes,1
T04246,2025-01-01 00:00:00,2025-01-03 04:00:00,Low,Closed,Email,Login Issue,A012,Julia Young,52,Yes,1
T04247,2025-03-06 00:00:00,2025-03-09 06:00:00,High,Resolved,Portal,Software Bug,A019,Joel Petersen,78,No,1
T04248,2025-07-05 00:00:00,2025-07-08 08:00:00,Low,Resolved,Phone,Hardware Failure,A001,Alyssa Anderson,80,Yes,5
T04249,2025-06-29 00:00:00,2025-07-02 07:00:00,Critical,Open,Email,Software Bug,A007,Susan Nelson,79,No,5
T04250,2025-09-15 00:00:00,2025-09-19 10:00:00,Low,Resolved,Email,Hardware Failure,A016,Brian Ramirez,106,No,2
T04251,2025-03-05 00:00:00,2025-03-06 05:00:00,Critical,Open,Email,Access Request,A025,Kathleen Garcia,29,Yes,1
T04252,2025-03-13 00:00:00,2025-03-13 14:00:00,Critical,Resolved,Chat,Network Issue,A015,Vincent Jacobs,14,Yes,4
T04253,2025-05-25 00:00:00,2025-05-27 10:00:00,Medium,Open,Chat,Network Issue,A003,Beth Russell,58,Yes,2
T04254,2025-08-16 00:00:00,2025-08-17 13:00:00,Low,In Progress,Portal,Hardware Failure,A014,Lisa Wright,37,No,2
T04255,2025-07-23 00:00:00,2025-07-27 14:00:00,Medium,In Progress,Phone,Hardware Failure,A003,Caitlyn Diaz,110,No,1
T04256,2025-07-02 00:00:00,2025-07-03 20:00:00,Low,Closed,Phone,Software Bug,A015,Eric Williams,44,No,5
T04257,2025-06-19 00:00:00,2025-06-20 20:00:00,Critical,Closed,Phone,Login Issue,A022,Kathryn Malone,44,Yes,2
T04258,2025-07-27 00:00:00,2025-07-30 09:00:00,Low,In Progress,Portal,Software Bug,A004,Alexandra Ramirez DDS,81,Yes,4
T04259,2025-01-04 00:00:00,2025-01-08 18:00:00,Critical,Closed,Email,Hardware Failure,A019,John Villanueva,114,Yes,3
T04260,2025-06-13 00:00:00,2025-06-15 12:00:00,Low,In Progress,Email,Access Request,A003,Kenneth Carrillo,60,No,1
T04261,2025-08-21 00:00:00,2025-08-25 16:00:00,Medium,In Progress,Phone,Software Bug,A007,Jane Cook,112,Yes,5
T04262,2026-01-25 00:00:00,2026-01-28 18:00:00,Low,Resolved,Chat,Access Request,A010,Nicole Stewart,90,No,2
T04263,2025-02-11 00:00:00,2025-02-15 16:00:00,High,Closed,Email,Hardware Failure,A019,Robert Mills,112,No,4
T04264,2025-04-07 00:00:00,2025-04-07 19:00:00,Medium,Open,Phone,Software Bug,A006,Kathryn Snyder,19,No,1
T04265,2025-12-16 00:00:00,2025-12-17 10:00:00,High,Resolved,Email,Access Request,A001,Justin Brown,34,Yes,4
T04266,2026-01-05 00:00:00,2026-01-05 05:00:00,Low,Open,Chat,Software Bug,A018,Terry Adkins,5,Yes,3
T04267,2026-02-03 00:00:00,2026-02-04 17:00:00,Low,In Progress,Phone,Software Bug,A013,Stephanie Henderson,41,No,1
T04268,2026-01-06 00:00:00,2026-01-07 08:00:00,Critical,In Progress,Phone,Login Issue,A011,Daniel Sheppard,32,No,2
T04269,2025-12-29 00:00:00,2026-01-02 03:00:00,High,In Progress,Portal,Login Issue,A001,Melanie Wagner,99,No,3
T04270,2025-03-03 00:00:00,2025-03-05 04:00:00,Medium,Closed,Portal,Login Issue,A021,Amy Santos,52,Yes,3
T04271,2025-02-19 00:00:00,2025-02-23 05:00:00,Low,Resolved,Portal,Login Issue,A004,Kelsey Jacobs,101,Yes,4
T04272,2025-06-24 00:00:00,2025-06-27 19:00:00,Medium,In Progress,Phone,Access Request,A024,Diana Garza,91,No,5
T04273,2025-02-17 00:00:00,2025-02-19 10:00:00,High,Closed,Email,Hardware Failure,A013,Douglas Bishop,58,No,5
T04274,2025-07-11 00:00:00,2025-07-11 05:00:00,Low,Closed,Phone,Access Request,A008,Kayla Mcguire,5,Yes,3
T04275,2026-01-26 00:00:00,2026-01-29 18:00:00,Low,Resolved,Chat,Access Request,A003,Travis Thomas,90,No,1
T04276,2025-11-07 00:00:00,2025-11-11 03:00:00,Medium,In Progress,Email,Hardware Failure,A019,Allison Ferguson,99,Yes,5
T04277,2025-07-12 00:00:00,2025-07-13 13:00:00,Low,Resolved,Chat,Login Issue,A013,Brenda Schroeder,37,No,4
T04278,2025-12-27 00:00:00,2025-12-30 20:00:00,High,In Progress,Chat,Access Request,A007,Jamie Williams,92,No,3
T04279,2025-08-28 00:00:00,2025-08-28 03:00:00,Critical,Resolved,Email,Access Request,A009,Erik Saunders,3,No,4
T04280,2025-04-03 00:00:00,2025-04-07 16:00:00,Critical,Resolved,Portal,Network Issue,A021,Austin Bird,112,Yes,1
T04281,2025-08-19 00:00:00,2025-08-19 15:00:00,Medium,Closed,Email,Network Issue,A021,Katherine Woods,15,No,5
T04282,2026-02-08 00:00:00,2026-02-11 23:00:00,Low,Closed,Email,Login Issue,A001,Amber Yang,95,Yes,1
T04283,2025-08-12 00:00:00,2025-08-16 12:00:00,Low,Resolved,Email,Access Request,A003,Jonathan Jones,108,No,1
T04284,2025-01-26 00:00:00,2025-01-26 07:00:00,Medium,Closed,Portal,Network Issue,A017,Tiffany Goodwin,7,Yes,2
T04285,2025-06-26 00:00:00,2025-06-30 23:00:00,Critical,Closed,Portal,Hardware Failure,A002,Edwin Bailey,119,Yes,5
T04286,2025-05-23 00:00:00,2025-05-26 14:00:00,Critical,In Progress,Portal,Access Request,A005,Matthew Sanchez,86,Yes,5
T04287,2025-02-23 00:00:00,2025-02-26 01:00:00,Critical,Closed,Chat,Hardware Failure,A001,Victoria Pineda,73,No,3
T04288,2025-08-19 00:00:00,2025-08-20 02:00:00,High,Closed,Email,Access Request,A006,Marilyn Anderson,26,Yes,3
T04289,2025-01-19 00:00:00,2025-01-20 22:00:00,Medium,Resolved,Portal,Network Issue,A024,David Ray,46,No,1
T04290,2026-02-13 00:00:00,2026-02-14 13:00:00,Medium,Resolved,Email,Login Issue,A016,Ashley Bailey,37,No,5
T04291,2025-02-24 00:00:00,2025-02-26 07:00:00,High,Closed,Portal,Network Issue,A012,Scott Hines,55,Yes,4
T04292,2025-10-10 00:00:00,2025-10-10 17:00:00,Critical,Closed,Chat,Access Request,A015,Tracy Coleman,17,No,1
T04293,2025-09-13 00:00:00,2025-09-15 10:00:00,Medium,Resolved,Chat,Access Request,A010,Alicia Scott,58,Yes,5
T04294,2025-10-02 00:00:00,2025-10-03 07:00:00,Critical,Closed,Email,Network Issue,A012,Kristina Ware,31,Yes,3
T04295,2026-01-31 00:00:00,2026-01-31 05:00:00,Medium,Open,Portal,Software Bug,A014,Michael Smith,5,Yes,1
T04296,2025-03-18 00:00:00,2025-03-20 01:00:00,Low,Open,Portal,Access Request,A019,Kendra Roach,49,Yes,4
T04297,2025-04-18 00:00:00,2025-04-20 00:00:00,Low,In Progress,Email,Network Issue,A025,John Hammond,48,No,2
T04298,2025-10-13 00:00:00,2025-10-14 04:00:00,High,Closed,Phone,Access Request,A024,Mark Carroll,28,No,1
T04299,2025-07-11 00:00:00,2025-07-12 06:00:00,High,Resolved,Phone,Hardware Failure,A023,Terri Holmes,30,Yes,2
T04300,2025-01-28 00:00:00,2025-01-28 18:00:00,High,Closed,Chat,Hardware Failure,A017,Christopher Ellis,18,Yes,5
T04301,2025-02-28 00:00:00,2025-03-01 00:00:00,Medium,Closed,Phone,Software Bug,A024,Nathaniel Sparks,24,No,5
T04302,2025-03-04 00:00:00,2025-03-06 10:00:00,Medium,In Progress,Phone,Access Request,A008,Jeffrey Yu,58,Yes,2
T04303,2025-08-14 00:00:00,2025-08-17 11:00:00,Critical,Resolved,Email,Network Issue,A019,Bianca Fox,83,No,4
T04304,2025-12-18 00:00:00,2025-12-21 21:00:00,High,Open,Chat,Software Bug,A016,Charles Thomas,93,No,4
T04305,2026-01-07 00:00:00,2026-01-09 14:00:00,Low,Closed,Chat,Network Issue,A003,Derek Richards,62,Yes,5
T04306,2025-12-09 00:00:00,2025-12-10 15:00:00,High,Resolved,Phone,Software Bug,A008,Tiffany Garcia,39,Yes,2
T04307,2025-02-05 00:00:00,2025-02-08 17:00:00,Critical,Resolved,Email,Access Request,A005,Amanda Woods,89,No,3
T04308,2025-03-22 00:00:00,2025-03-22 07:00:00,High,Open,Phone,Hardware Failure,A019,Kristen Taylor,7,No,5
T04309,2025-08-19 00:00:00,2025-08-22 11:00:00,Critical,In Progress,Chat,Network Issue,A007,Linda Richard,83,Yes,3
T04310,2025-07-28 00:00:00,2025-07-30 21:00:00,Critical,Open,Chat,Software Bug,A001,David Shelton,69,No,4
T04311,2025-10-21 00:00:00,2025-10-25 02:00:00,Medium,Resolved,Chat,Login Issue,A002,Andrea Schmidt,98,Yes,3
T04312,2025-01-09 00:00:00,2025-01-10 15:00:00,Critical,Closed,Chat,Access Request,A007,Evan Moore,39,No,2
T04313,2025-05-23 00:00:00,2025-05-27 12:00:00,Medium,Open,Email,Login Issue,A017,William Morton,108,Yes,5
T04314,2025-09-16 00:00:00,2025-09-18 22:00:00,Critical,Open,Phone,Network Issue,A025,Karen Phillips,70,Yes,5
T04315,2025-07-09 00:00:00,2025-07-11 10:00:00,Medium,Resolved,Email,Login Issue,A003,Heather Adams,58,No,3
T04316,2026-01-02 00:00:00,2026-01-04 16:00:00,Medium,Resolved,Portal,Software Bug,A013,Juan Oliver,64,Yes,1
T04317,2025-11-26 00:00:00,2025-11-26 12:00:00,High,In Progress,Portal,Network Issue,A010,Cole Finley,12,No,4
T04318,2025-06-15 00:00:00,2025-06-16 13:00:00,Medium,Open,Phone,Login Issue,A008,Ryan Wolfe,37,No,4
T04319,2025-12-30 00:00:00,2025-12-31 09:00:00,Medium,In Progress,Phone,Access Request,A010,Seth Shaffer,33,Yes,4
T04320,2025-09-08 00:00:00,2025-09-12 12:00:00,Critical,In Progress,Chat,Network Issue,A009,Louis Mills,108,No,1
T04321,2025-07-16 00:00:00,2025-07-20 21:00:00,High,Resolved,Portal,Login Issue,A024,Daniel Wright,117,Yes,1
T04322,2025-08-02 00:00:00,2025-08-02 07:00:00,Low,Open,Portal,Access Request,A025,Sherri Cooper,7,No,2
T04323,2025-02-25 00:00:00,2025-02-27 03:00:00,High,In Progress,Email,Software Bug,A021,Patricia Mendez,51,Yes,2
T04324,2026-01-14 00:00:00,2026-01-14 23:00:00,Medium,In Progress,Chat,Login Issue,A016,Tara Moyer,23,No,1
T04325,2025-07-24 00:00:00,2025-07-24 09:00:00,Low,Resolved,Portal,Software Bug,A022,Gabrielle Blake,9,Yes,4
T04326,2025-09-28 00:00:00,2025-10-01 22:00:00,High,Open,Phone,Network Issue,A022,Michael Newton,94,Yes,3
T04327,2025-08-11 00:00:00,2025-08-13 03:00:00,Low,In Progress,Chat,Access Request,A003,Christine Williams,51,No,3
T04328,2025-08-09 00:00:00,2025-08-12 18:00:00,Low,Closed,Email,Software Bug,A024,Gregory Fisher,90,No,3
T04329,2025-10-08 00:00:00,2025-10-08 22:00:00,Low,Resolved,Phone,Software Bug,A019,Gerald Hunt,22,Yes,5
T04330,2025-03-29 00:00:00,2025-03-29 11:00:00,Low,Open,Chat,Network Issue,A019,David Wilkerson,11,No,5
T04331,2025-09-15 00:00:00,2025-09-15 15:00:00,Low,Resolved,Email,Login Issue,A007,Cheryl Whitaker,15,No,3
T04332,2025-12-22 00:00:00,2025-12-25 19:00:00,Medium,Open,Chat,Network Issue,A014,Elizabeth Benson,91,No,4
T04333,2025-03-20 00:00:00,2025-03-20 01:00:00,Medium,Open,Email,Hardware Failure,A010,Javier Brewer,1,Yes,1
T04334,2025-03-19 00:00:00,2025-03-19 07:00:00,High,Resolved,Portal,Access Request,A017,Patricia Anderson,7,No,5
T04335,2025-07-26 00:00:00,2025-07-27 23:00:00,High,Open,Phone,Hardware Failure,A006,Dr. Michael Davis,47,Yes,5
T04336,2025-05-07 00:00:00,2025-05-10 13:00:00,Critical,Resolved,Email,Hardware Failure,A010,Andrew Rios,85,No,4
T04337,2025-12-22 00:00:00,2025-12-25 10:00:00,Low,Resolved,Phone,Network Issue,A024,Kevin Rodgers,82,Yes,5
T04338,2025-10-14 00:00:00,2025-10-17 12:00:00,Low,Open,Phone,Login Issue,A017,Mrs. Diane Baldwin,84,No,1
T04339,2025-03-12 00:00:00,2025-03-13 04:00:00,High,Closed,Phone,Network Issue,A010,Calvin Cruz,28,Yes,1
T04340,2025-10-06 00:00:00,2025-10-07 09:00:00,Medium,In Progress,Chat,Hardware Failure,A006,Natalie Murphy,33,No,1
T04341,2025-09-02 00:00:00,2025-09-06 11:00:00,Medium,In Progress,Email,Network Issue,A011,Chad Thomas,107,Yes,1
T04342,2026-03-04 00:00:00,2026-03-08 01:00:00,Medium,In Progress,Portal,Hardware Failure,A002,Daniel Walton,97,No,3
T04343,2025-08-31 00:00:00,2025-09-02 02:00:00,High,In Progress,Phone,Access Request,A025,John Hernandez,50,No,1
T04344,2025-11-24 00:00:00,2025-11-27 19:00:00,Critical,Closed,Chat,Login Issue,A018,Rebecca Crawford,91,No,4
T04345,2025-09-07 00:00:00,2025-09-11 15:00:00,Low,Open,Portal,Software Bug,A006,Jennifer Burns,111,No,2
T04346,2026-03-08 00:00:00,2026-03-11 17:00:00,Low,In Progress,Phone,Login Issue,A012,Alexis Reynolds,89,Yes,1
T04347,2025-01-10 00:00:00,2025-01-13 17:00:00,Critical,In Progress,Chat,Hardware Failure,A005,Ashley Kelly,89,No,5
T04348,2025-05-22 00:00:00,2025-05-23 00:00:00,High,Resolved,Email,Hardware Failure,A024,Kimberly Decker,24,Yes,4
T04349,2025-10-31 00:00:00,2025-10-31 23:00:00,Critical,In Progress,Chat,Network Issue,A008,Brandon Fox,23,Yes,4
T04350,2026-02-17 00:00:00,2026-02-19 23:00:00,Medium,Closed,Phone,Network Issue,A025,Andrea Reed,71,No,2
T04351,2025-10-09 00:00:00,2025-10-12 12:00:00,Low,Closed,Email,Software Bug,A006,Tony Bradley,84,Yes,4
T04352,2025-06-30 00:00:00,2025-07-04 20:00:00,Medium,Open,Chat,Access Request,A008,Heidi Mayo,116,Yes,4
T04353,2026-02-25 00:00:00,2026-02-25 11:00:00,Medium,Open,Phone,Software Bug,A008,Timothy Stewart,11,No,4
T04354,2025-12-29 00:00:00,2025-12-31 12:00:00,High,Open,Portal,Login Issue,A016,Kelly Knapp,60,No,1
T04355,2025-07-11 00:00:00,2025-07-11 01:00:00,High,Resolved,Portal,Network Issue,A012,Amanda Wilson,1,No,5
T04356,2025-07-13 00:00:00,2025-07-15 17:00:00,Critical,In Progress,Email,Network Issue,A018,Julia Brown,65,Yes,4
T04357,2026-02-20 00:00:00,2026-02-21 18:00:00,High,Open,Chat,Access Request,A009,Sharon Morgan,42,No,5
T04358,2025-05-23 00:00:00,2025-05-27 00:00:00,Medium,Resolved,Chat,Software Bug,A004,Stephanie Brooks,96,Yes,2
T04359,2026-02-23 00:00:00,2026-02-27 13:00:00,Low,Resolved,Email,Software Bug,A010,Ryan Bush,109,Yes,2
T04360,2025-10-25 00:00:00,2025-10-27 05:00:00,High,Open,Email,Login Issue,A020,Kathy Smith,53,No,2
T04361,2025-09-12 00:00:00,2025-09-13 16:00:00,Low,In Progress,Portal,Network Issue,A013,Kelly Ryan,40,No,3
T04362,2026-01-11 00:00:00,2026-01-14 06:00:00,High,Open,Chat,Login Issue,A016,Steven Jones,78,Yes,1
T04363,2025-09-12 00:00:00,2025-09-16 18:00:00,Medium,In Progress,Chat,Network Issue,A014,Sarah Whitaker DDS,114,No,2
T04364,2026-03-08 00:00:00,2026-03-10 17:00:00,Low,In Progress,Phone,Network Issue,A021,Ms. Lindsey Perez,65,Yes,4
T04365,2025-03-13 00:00:00,2025-03-15 19:00:00,Critical,Open,Phone,Software Bug,A010,Jennifer Drake,67,No,1
T04366,2026-01-15 00:00:00,2026-01-18 16:00:00,Medium,Open,Email,Network Issue,A015,James Banks,88,No,3
T04367,2025-10-25 00:00:00,2025-10-27 07:00:00,Critical,In Progress,Email,Login Issue,A010,Dr. Troy Jordan,55,Yes,2
T04368,2025-05-03 00:00:00,2025-05-03 14:00:00,Critical,In Progress,Phone,Login Issue,A014,Edward Porter,14,No,1
T04369,2026-02-05 00:00:00,2026-02-08 03:00:00,Low,Open,Phone,Access Request,A004,Brittany Giles,75,Yes,3
T04370,2025-05-05 00:00:00,2025-05-08 19:00:00,High,Resolved,Email,Login Issue,A002,Jennifer Cox,91,Yes,4
T04371,2025-02-04 00:00:00,2025-02-06 17:00:00,High,Open,Chat,Login Issue,A018,Bobby Young,65,Yes,2
T04372,2025-08-18 00:00:00,2025-08-18 06:00:00,High,Closed,Email,Hardware Failure,A021,Nicole Harris,6,No,2
T04373,2025-09-30 00:00:00,2025-10-02 10:00:00,Medium,Open,Chat,Access Request,A020,Marc Jacobs,58,No,2
T04374,2026-03-18 00:00:00,2026-03-22 22:00:00,Medium,In Progress,Email,Software Bug,A007,Emily Young,118,No,1
T04375,2025-12-07 00:00:00,2025-12-09 16:00:00,Medium,In Progress,Chat,Software Bug,A005,Natalie Anderson,64,Yes,3
T04376,2025-01-23 00:00:00,2025-01-25 05:00:00,Low,Open,Email,Software Bug,A013,Laurie Lopez,53,Yes,3
T04377,2025-02-03 00:00:00,2025-02-03 02:00:00,Low,In Progress,Email,Network Issue,A011,Kevin Foley,2,No,3
T04378,2025-06-20 00:00:00,2025-06-24 00:00:00,High,In Progress,Email,Hardware Failure,A025,Samantha Drake,96,Yes,4
T04379,2025-12-17 00:00:00,2025-12-20 16:00:00,Medium,Resolved,Portal,Hardware Failure,A005,Robert Goodwin,88,Yes,2
T04380,2025-09-08 00:00:00,2025-09-10 01:00:00,Critical,Closed,Portal,Hardware Failure,A016,Kimberly Moore,49,No,1
T04381,2025-07-09 00:00:00,2025-07-13 15:00:00,Medium,Closed,Portal,Login Issue,A005,Daniel Beard,111,Yes,1
T04382,2025-11-07 00:00:00,2025-11-09 21:00:00,Medium,Closed,Phone,Login Issue,A009,Kayla Strickland,69,No,1
T04383,2025-04-26 00:00:00,2025-04-26 05:00:00,High,Open,Chat,Software Bug,A011,Lynn Best,5,No,3
T04384,2025-09-19 00:00:00,2025-09-23 08:00:00,Critical,In Progress,Chat,Login Issue,A018,Joe Hart,104,Yes,1
T04385,2025-09-13 00:00:00,2025-09-16 03:00:00,High,Open,Phone,Login Issue,A012,Justin Ramos,75,No,4
T04386,2026-02-17 00:00:00,2026-02-18 17:00:00,High,In Progress,Email,Access Request,A021,Kim Johnson,41,No,5
T04387,2025-05-03 00:00:00,2025-05-06 13:00:00,Medium,Open,Chat,Software Bug,A010,Jeremy Mays,85,Yes,4
T04388,2026-01-28 00:00:00,2026-01-29 07:00:00,Medium,Closed,Email,Access Request,A011,Todd Morales,31,No,5
T04389,2025-01-16 00:00:00,2025-01-18 05:00:00,High,Closed,Portal,Login Issue,A005,Gregory Turner,53,Yes,2
T04390,2026-01-14 00:00:00,2026-01-16 12:00:00,High,In Progress,Portal,Access Request,A022,Anthony Lloyd,60,No,1
T04391,2025-04-06 00:00:00,2025-04-06 08:00:00,High,Resolved,Chat,Network Issue,A022,Eric Evans,8,No,3
T04392,2025-05-17 00:00:00,2025-05-18 13:00:00,Critical,Closed,Portal,Hardware Failure,A023,Mr. Michael Ferguson,37,Yes,1
T04393,2025-11-26 00:00:00,2025-11-29 20:00:00,Low,Open,Email,Hardware Failure,A025,Rebecca Rodriguez,92,Yes,2
T04394,2025-12-14 00:00:00,2025-12-17 14:00:00,High,Open,Chat,Hardware Failure,A025,Jennifer Cox,86,Yes,1
T04395,2025-03-05 00:00:00,2025-03-09 05:00:00,High,Closed,Email,Hardware Failure,A012,Brittany Miller,101,No,2
T04396,2025-10-03 00:00:00,2025-10-06 17:00:00,High,Open,Email,Software Bug,A018,Todd May,89,No,1
T04397,2025-07-29 00:00:00,2025-07-31 14:00:00,Critical,Resolved,Chat,Network Issue,A014,Mark Nichols,62,Yes,1
T04398,2026-01-30 00:00:00,2026-01-31 14:00:00,Critical,Open,Chat,Access Request,A018,Miss Haley Allen,38,No,3
T04399,2025-08-29 00:00:00,2025-08-29 11:00:00,Low,Open,Portal,Hardware Failure,A025,Jennifer Bentley,11,Yes,1
T04400,2025-04-29 00:00:00,2025-04-30 08:00:00,High,Closed,Email,Software Bug,A022,Logan Parker,32,No,2
T04401,2025-04-25 00:00:00,2025-04-29 05:00:00,Critical,In Progress,Phone,Software Bug,A013,Lauren Garcia,101,No,1
T04402,2026-01-31 00:00:00,2026-02-02 20:00:00,Critical,Resolved,Email,Network Issue,A021,Michael Shepard,68,Yes,5
T04403,2025-05-14 00:00:00,2025-05-18 07:00:00,Low,Closed,Portal,Access Request,A020,Amanda Elliott,103,Yes,2
T04404,2025-05-14 00:00:00,2025-05-16 04:00:00,Medium,Resolved,Portal,Login Issue,A010,Samuel Watts,52,Yes,5
T04405,2025-02-23 00:00:00,2025-02-27 23:00:00,Low,Open,Portal,Software Bug,A008,Samuel Huerta,119,Yes,2
T04406,2025-05-07 00:00:00,2025-05-07 11:00:00,High,Closed,Chat,Login Issue,A017,Kevin Glass,11,Yes,3
T04407,2025-03-27 00:00:00,2025-03-29 12:00:00,Low,Closed,Email,Login Issue,A008,Christopher Davila,60,No,3
T04408,2025-05-04 00:00:00,2025-05-08 20:00:00,High,In Progress,Phone,Software Bug,A013,Paul Estes,116,No,4
T04409,2025-06-01 00:00:00,2025-06-01 04:00:00,Medium,Closed,Phone,Software Bug,A003,Kimberly Merritt MD,4,Yes,3
T04410,2025-04-16 00:00:00,2025-04-16 16:00:00,High,Resolved,Email,Login Issue,A004,Cindy Ross,16,Yes,1
T04411,2025-11-24 00:00:00,2025-11-24 18:00:00,Critical,Open,Portal,Login Issue,A008,Joseph Collins,18,No,1
T04412,2025-11-29 00:00:00,2025-12-02 03:00:00,Low,Open,Chat,Network Issue,A006,Drew Allen,75,Yes,2
T04413,2025-12-12 00:00:00,2025-12-13 16:00:00,Medium,Closed,Portal,Network Issue,A024,Crystal Bradford,40,No,3
T04414,2026-02-22 00:00:00,2026-02-23 02:00:00,High,In Progress,Chat,Hardware Failure,A004,Thomas Anderson,26,Yes,5
T04415,2026-03-03 00:00:00,2026-03-05 05:00:00,High,Resolved,Chat,Network Issue,A014,Earl Walter,53,Yes,1
T04416,2025-10-01 00:00:00,2025-10-02 12:00:00,High,In Progress,Portal,Software Bug,A018,James Lucas,36,Yes,3
T04417,2025-07-25 00:00:00,2025-07-27 20:00:00,High,Open,Email,Software Bug,A020,Curtis Malone,68,No,2
T04418,2025-01-17 00:00:00,2025-01-18 00:00:00,Medium,In Progress,Chat,Access Request,A012,Yesenia Griffith,24,Yes,2
T04419,2026-02-27 00:00:00,2026-02-28 21:00:00,Low,In Progress,Chat,Network Issue,A017,Angela Scott,45,Yes,5
T04420,2025-06-22 00:00:00,2025-06-22 04:00:00,High,Open,Portal,Access Request,A003,Brian Lee,4,No,4
T04421,2026-02-18 00:00:00,2026-02-19 04:00:00,High,Resolved,Phone,Software Bug,A006,Cory Mckinney,28,No,3
T04422,2025-12-27 00:00:00,2025-12-30 18:00:00,Critical,Closed,Portal,Software Bug,A010,Joanna Brown,90,No,4
T04423,2025-10-17 00:00:00,2025-10-19 02:00:00,Medium,Open,Chat,Hardware Failure,A010,Matthew Hudson,50,Yes,3
T04424,2025-01-25 00:00:00,2025-01-27 08:00:00,Critical,In Progress,Portal,Software Bug,A018,Jerry Stewart,56,No,1
T04425,2025-03-06 00:00:00,2025-03-09 23:00:00,High,Resolved,Phone,Hardware Failure,A015,Joanne Donovan,95,Yes,4
T04426,2026-02-07 00:00:00,2026-02-11 18:00:00,High,Resolved,Portal,Login Issue,A019,Paul Gonzalez,114,Yes,5
T04427,2025-03-13 00:00:00,2025-03-13 16:00:00,High,Open,Portal,Network Issue,A012,Briana Gould,16,No,1
T04428,2026-02-19 00:00:00,2026-02-20 22:00:00,Critical,Open,Email,Hardware Failure,A002,Jennifer Brown,46,Yes,2
T04429,2025-03-14 00:00:00,2025-03-18 12:00:00,Critical,Open,Portal,Access Request,A005,Jeanne Leonard,108,No,3
T04430,2025-03-11 00:00:00,2025-03-12 23:00:00,Critical,Resolved,Phone,Login Issue,A022,Kelly Nunez,47,No,1
T04431,2026-02-01 00:00:00,2026-02-01 08:00:00,Medium,Resolved,Email,Network Issue,A024,Jasmine Mason,8,No,2
T04432,2025-05-07 00:00:00,2025-05-10 15:00:00,High,Resolved,Phone,Hardware Failure,A018,Doris Williams,87,No,5
T04433,2025-03-21 00:00:00,2025-03-24 16:00:00,Critical,Open,Portal,Access Request,A009,Angela Saunders,88,No,2
T04434,2026-01-07 00:00:00,2026-01-08 10:00:00,High,Resolved,Chat,Hardware Failure,A024,Amy Anderson,34,Yes,3
T04435,2025-03-30 00:00:00,2025-04-01 10:00:00,Low,Closed,Chat,Network Issue,A015,Jeffrey Gutierrez,58,Yes,2
T04436,2025-09-28 00:00:00,2025-09-29 06:00:00,Medium,Resolved,Email,Network Issue,A007,Brittany Ramirez,30,Yes,2
T04437,2025-07-21 00:00:00,2025-07-25 15:00:00,Critical,Closed,Email,Hardware Failure,A014,Paula Stone,111,No,2
T04438,2025-12-30 00:00:00,2025-12-30 04:00:00,Low,Resolved,Portal,Software Bug,A022,Daniel Luna,4,No,3
T04439,2025-02-20 00:00:00,2025-02-20 11:00:00,Critical,In Progress,Email,Login Issue,A001,Marie Navarro,11,No,2
T04440,2025-01-04 00:00:00,2025-01-04 18:00:00,Medium,Open,Portal,Software Bug,A022,David Walton,18,No,2
T04441,2025-10-28 00:00:00,2025-10-29 22:00:00,Medium,Closed,Portal,Hardware Failure,A016,William Thomas,46,No,2
T04442,2025-04-04 00:00:00,2025-04-05 03:00:00,Medium,Resolved,Chat,Network Issue,A025,Charles Griffin,27,Yes,5
T04443,2026-02-24 00:00:00,2026-02-27 10:00:00,Medium,In Progress,Portal,Access Request,A007,Sean Alvarez,82,No,4
T04444,2026-01-30 00:00:00,2026-02-03 00:00:00,Medium,Open,Chat,Login Issue,A002,Cindy Jones,96,Yes,5
T04445,2025-03-12 00:00:00,2025-03-14 01:00:00,Critical,Closed,Phone,Login Issue,A009,Jessica Harris,49,Yes,1
T04446,2025-11-18 00:00:00,2025-11-21 09:00:00,Critical,Closed,Chat,Network Issue,A016,Mrs. Lynn Hanson,81,Yes,3
T04447,2025-07-04 00:00:00,2025-07-08 20:00:00,Critical,In Progress,Email,Login Issue,A012,Robin Gonzalez,116,Yes,3
T04448,2025-01-03 00:00:00,2025-01-06 00:00:00,Medium,Open,Portal,Network Issue,A001,Mark Lowe,72,No,5
T04449,2025-01-27 00:00:00,2025-01-29 13:00:00,Medium,In Progress,Portal,Hardware Failure,A008,Ralph Blake,61,Yes,5
T04450,2025-03-08 00:00:00,2025-03-11 07:00:00,Medium,Resolved,Email,Software Bug,A017,Lindsey Combs,79,No,4
T04451,2025-01-27 00:00:00,2025-01-31 19:00:00,Critical,Resolved,Email,Access Request,A005,Wendy Allen,115,No,2
T04452,2025-10-06 00:00:00,2025-10-09 20:00:00,Low,Open,Portal,Network Issue,A006,Shawn Mendoza,92,Yes,1
T04453,2025-10-15 00:00:00,2025-10-18 12:00:00,Low,In Progress,Email,Access Request,A019,Sandra Taylor,84,No,4
T04454,2025-06-27 00:00:00,2025-06-28 00:00:00,High,Closed,Email,Network Issue,A008,Christina Weeks,24,Yes,2
T04455,2025-02-08 00:00:00,2025-02-12 09:00:00,Critical,Resolved,Email,Hardware Failure,A012,Cassandra Kemp,105,No,3
T04456,2026-02-09 00:00:00,2026-02-12 08:00:00,Medium,In Progress,Phone,Login Issue,A018,Natasha Hobbs,80,Yes,1
T04457,2026-02-11 00:00:00,2026-02-13 08:00:00,High,Open,Portal,Software Bug,A001,Erica Robertson,56,Yes,1
T04458,2026-02-12 00:00:00,2026-02-15 22:00:00,Low,In Progress,Email,Login Issue,A015,Zachary Green,94,No,3
T04459,2025-09-10 00:00:00,2025-09-13 12:00:00,Critical,Resolved,Chat,Access Request,A011,Daniel Perry,84,Yes,3
T04460,2025-10-28 00:00:00,2025-10-29 20:00:00,Low,Resolved,Chat,Login Issue,A010,Michael Perez,44,No,5
T04461,2025-04-01 00:00:00,2025-04-05 20:00:00,Critical,Closed,Chat,Hardware Failure,A005,Mary Gardner,116,No,2
T04462,2025-04-02 00:00:00,2025-04-04 17:00:00,High,Open,Email,Software Bug,A025,Michael Walker,65,Yes,4
T04463,2025-01-21 00:00:00,2025-01-22 16:00:00,High,Resolved,Email,Software Bug,A013,Patrick Castro,40,Yes,2
T04464,2025-02-24 00:00:00,2025-02-26 15:00:00,High,In Progress,Chat,Access Request,A007,Joshua Jones,63,No,4
T04465,2025-02-24 00:00:00,2025-02-26 07:00:00,Critical,Resolved,Email,Hardware Failure,A018,David Bryan,55,No,4
T04466,2025-10-16 00:00:00,2025-10-18 18:00:00,High,Closed,Chat,Access Request,A003,Mr. Tristan Hamilton,66,Yes,3
T04467,2025-01-28 00:00:00,2025-01-30 03:00:00,Critical,In Progress,Portal,Software Bug,A003,Mr. Ronald Elliott,51,No,4
T04468,2025-11-16 00:00:00,2025-11-17 07:00:00,Critical,Resolved,Phone,Hardware Failure,A016,Jerry King,31,Yes,5
T04469,2025-02-07 00:00:00,2025-02-07 21:00:00,Medium,Open,Portal,Software Bug,A012,Russell Maldonado,21,Yes,3
T04470,2025-05-13 00:00:00,2025-05-14 08:00:00,Low,Resolved,Portal,Login Issue,A010,Jordan Dougherty,32,Yes,4
T04471,2025-09-05 00:00:00,2025-09-08 09:00:00,Medium,Closed,Chat,Login Issue,A017,Christopher Hayes,81,No,5
T04472,2025-07-11 00:00:00,2025-07-13 03:00:00,Medium,Closed,Phone,Login Issue,A025,Lisa Hurley,51,Yes,5
T04473,2025-12-09 00:00:00,2025-12-12 21:00:00,Critical,In Progress,Chat,Hardware Failure,A004,James King,93,Yes,2
T04474,2025-07-06 00:00:00,2025-07-08 02:00:00,Medium,Open,Phone,Network Issue,A001,Adrian Smith,50,Yes,4
T04475,2025-10-10 00:00:00,2025-10-14 04:00:00,Critical,Resolved,Email,Software Bug,A008,Antonio Williams,100,Yes,3
T04476,2025-12-28 00:00:00,2025-12-29 16:00:00,High,Closed,Portal,Login Issue,A001,Randy Harrison,40,Yes,2
T04477,2026-03-25 00:00:00,2026-03-29 16:00:00,Critical,In Progress,Portal,Access Request,A002,Paul Mccoy,112,Yes,3
T04478,2025-01-16 00:00:00,2025-01-17 02:00:00,Low,In Progress,Portal,Software Bug,A021,Gregory Perez,26,Yes,3
T04479,2025-03-06 00:00:00,2025-03-09 04:00:00,High,Closed,Chat,Access Request,A022,Ellen Potts,76,No,5
T04480,2026-03-20 00:00:00,2026-03-23 21:00:00,Low,Closed,Email,Hardware Failure,A002,Brenda Jensen,93,Yes,4
T04481,2025-09-13 00:00:00,2025-09-14 11:00:00,Low,Resolved,Phone,Network Issue,A015,Linda Carney,35,Yes,4
T04482,2025-01-27 00:00:00,2025-01-31 05:00:00,Low,Closed,Chat,Software Bug,A007,Andrea Ibarra,101,No,3
T04483,2025-10-14 00:00:00,2025-10-16 09:00:00,Critical,In Progress,Portal,Hardware Failure,A006,Wyatt Ramos,57,Yes,1
T04484,2025-07-03 00:00:00,2025-07-07 19:00:00,Critical,Resolved,Email,Software Bug,A009,Amy Anderson,115,No,4
T04485,2026-03-03 00:00:00,2026-03-05 17:00:00,Critical,Open,Phone,Software Bug,A025,William Marquez,65,No,4
T04486,2025-06-07 00:00:00,2025-06-07 09:00:00,Medium,Closed,Chat,Network Issue,A021,Kimberly Hunt,9,Yes,3
T04487,2025-05-09 00:00:00,2025-05-09 14:00:00,Critical,In Progress,Portal,Network Issue,A023,Maureen Beard,14,No,5
T04488,2025-12-18 00:00:00,2025-12-21 02:00:00,Low,In Progress,Phone,Network Issue,A023,Brenda Vincent,74,Yes,2
T04489,2025-10-23 00:00:00,2025-10-27 16:00:00,Medium,Open,Chat,Access Request,A001,Michael Stout,112,Yes,5
T04490,2025-08-25 00:00:00,2025-08-28 18:00:00,Medium,In Progress,Email,Software Bug,A023,Danielle Sloan,90,No,1
T04491,2025-09-19 00:00:00,2025-09-20 10:00:00,Critical,Closed,Portal,Login Issue,A012,Jessica Nelson,34,No,3
T04492,2025-02-26 00:00:00,2025-03-01 22:00:00,Critical,Closed,Email,Software Bug,A011,Robert Best,94,No,4
T04493,2025-10-08 00:00:00,2025-10-11 04:00:00,Low,Open,Portal,Software Bug,A012,Jennifer Duran,76,No,2
T04494,2025-12-01 00:00:00,2025-12-03 04:00:00,Critical,Closed,Chat,Hardware Failure,A024,Wendy Baker,52,No,4
T04495,2025-07-17 00:00:00,2025-07-19 04:00:00,Critical,Closed,Email,Access Request,A012,Felicia Flores,52,Yes,3
T04496,2025-01-05 00:00:00,2025-01-07 17:00:00,Medium,Closed,Chat,Software Bug,A011,Anthony Davis,65,Yes,3
T04497,2025-02-06 00:00:00,2025-02-08 15:00:00,Low,Resolved,Portal,Access Request,A005,Tami Silva,63,No,3
T04498,2025-03-15 00:00:00,2025-03-17 12:00:00,High,Resolved,Phone,Network Issue,A001,Jennifer Cohen,60,No,3
T04499,2025-02-09 00:00:00,2025-02-12 16:00:00,High,Open,Portal,Access Request,A006,Michael Singleton,88,No,5
T04500,2026-02-06 00:00:00,2026-02-09 15:00:00,Critical,Resolved,Email,Login Issue,A013,Robert Hill,87,No,2
T04501,2025-03-13 00:00:00,2025-03-14 16:00:00,Critical,In Progress,Email,Network Issue,A006,Christina Lopez,40,Yes,4
T04502,2025-05-12 00:00:00,2025-05-13 08:00:00,Medium,Open,Phone,Access Request,A008,Margaret Hammond,32,Yes,1
T04503,2026-02-25 00:00:00,2026-02-25 03:00:00,Low,Open,Chat,Login Issue,A013,Kevin Flowers,3,No,1
T04504,2025-05-09 00:00:00,2025-05-11 17:00:00,High,Resolved,Portal,Software Bug,A012,Nicholas Norton,65,Yes,5
T04505,2025-12-23 00:00:00,2025-12-24 14:00:00,Medium,Closed,Email,Software Bug,A003,Anna Black,38,No,3
T04506,2025-04-09 00:00:00,2025-04-11 05:00:00,Critical,Resolved,Chat,Hardware Failure,A023,Melissa Roberts,53,Yes,5
T04507,2025-06-12 00:00:00,2025-06-12 10:00:00,Medium,Closed,Email,Network Issue,A011,Justin Torres,10,No,4
T04508,2025-07-23 00:00:00,2025-07-25 07:00:00,Critical,In Progress,Phone,Access Request,A023,Amy Guzman,55,No,5
T04509,2025-12-30 00:00:00,2026-01-03 18:00:00,Critical,Resolved,Email,Hardware Failure,A021,Jennifer Porter,114,Yes,5
T04510,2025-06-17 00:00:00,2025-06-20 16:00:00,Low,Open,Email,Hardware Failure,A005,Alexander Johnson,88,No,4
T04511,2026-03-17 00:00:00,2026-03-19 07:00:00,High,Closed,Portal,Network Issue,A019,Catherine Rodgers,55,Yes,5
T04512,2025-07-21 00:00:00,2025-07-25 07:00:00,High,In Progress,Portal,Access Request,A012,Renee Olson,103,Yes,5
T04513,2025-09-06 00:00:00,2025-09-09 04:00:00,Medium,Closed,Portal,Access Request,A024,William Martinez,76,Yes,4
T04514,2025-02-16 00:00:00,2025-02-20 09:00:00,Medium,Closed,Email,Access Request,A025,Zachary Oconnell,105,Yes,1
T04515,2025-12-14 00:00:00,2025-12-18 05:00:00,High,In Progress,Email,Network Issue,A018,John Castro,101,No,5
T04516,2025-03-23 00:00:00,2025-03-23 13:00:00,Low,Resolved,Email,Access Request,A002,Stephanie Robinson,13,No,2
T04517,2025-06-30 00:00:00,2025-07-03 22:00:00,Medium,Resolved,Chat,Hardware Failure,A023,Ian Hayes,94,Yes,4
T04518,2025-03-19 00:00:00,2025-03-19 05:00:00,Critical,Resolved,Portal,Hardware Failure,A007,Jason Wood,5,Yes,1
T04519,2025-11-05 00:00:00,2025-11-06 04:00:00,Low,In Progress,Chat,Network Issue,A024,Matthew Martinez,28,Yes,3
T04520,2025-07-16 00:00:00,2025-07-16 17:00:00,Medium,Open,Chat,Login Issue,A008,Kevin Thompson MD,17,Yes,3
T04521,2025-11-26 00:00:00,2025-11-28 16:00:00,High,Resolved,Email,Software Bug,A006,Jennifer Chavez,64,Yes,3
T04522,2025-03-14 00:00:00,2025-03-18 18:00:00,High,In Progress,Chat,Login Issue,A016,Daniel Howell,114,No,3
T04523,2025-07-08 00:00:00,2025-07-08 02:00:00,Medium,In Progress,Phone,Access Request,A002,Donald Clay,2,No,5
T04524,2025-01-13 00:00:00,2025-01-13 18:00:00,High,Open,Chat,Network Issue,A003,Lisa Dominguez,18,Yes,3
T04525,2025-11-14 00:00:00,2025-11-14 02:00:00,Critical,Open,Phone,Network Issue,A022,Carrie Davis,2,No,4
T04526,2025-12-26 00:00:00,2025-12-29 17:00:00,Medium,Closed,Portal,Network Issue,A016,Joe Schultz,89,No,2
T04527,2025-07-01 00:00:00,2025-07-02 20:00:00,Critical,Closed,Email,Hardware Failure,A005,Joshua Duran,44,No,3
T04528,2025-07-02 00:00:00,2025-07-04 13:00:00,High,Resolved,Chat,Access Request,A004,Jason Smith,61,No,2
T04529,2025-08-28 00:00:00,2025-08-28 13:00:00,Critical,Closed,Portal,Login Issue,A011,Allen Christian,13,Yes,2
T04530,2025-10-25 00:00:00,2025-10-26 04:00:00,Medium,Resolved,Phone,Hardware Failure,A023,Kathryn Schmidt,28,Yes,5
T04531,2026-03-03 00:00:00,2026-03-03 18:00:00,High,Open,Email,Network Issue,A009,Austin Hudson,18,Yes,1
T04532,2025-11-22 00:00:00,2025-11-23 08:00:00,Low,Closed,Phone,Hardware Failure,A020,Alex Anderson,32,No,5
T04533,2025-09-16 00:00:00,2025-09-17 00:00:00,Critical,Closed,Phone,Network Issue,A023,Sergio Smith DDS,24,Yes,3
T04534,2026-03-02 00:00:00,2026-03-02 17:00:00,Low,In Progress,Portal,Login Issue,A023,Lisa Brown,17,Yes,5
T04535,2025-03-17 00:00:00,2025-03-19 09:00:00,Medium,Resolved,Chat,Hardware Failure,A022,Susan Villarreal,57,Yes,3
T04536,2025-05-28 00:00:00,2025-06-01 07:00:00,Low,Open,Portal,Network Issue,A006,Jennifer Miller,103,Yes,2
T04537,2026-03-03 00:00:00,2026-03-07 23:00:00,High,Open,Email,Login Issue,A023,Matthew Kane,119,No,4
T04538,2026-03-04 00:00:00,2026-03-05 09:00:00,Critical,Resolved,Phone,Hardware Failure,A009,John Ramos,33,No,2
T04539,2025-05-09 00:00:00,2025-05-10 03:00:00,Critical,Open,Chat,Network Issue,A006,James Rogers,27,Yes,2
T04540,2025-11-20 00:00:00,2025-11-20 08:00:00,Medium,In Progress,Portal,Hardware Failure,A023,Sheila Rodriguez,8,Yes,4
T04541,2025-06-13 00:00:00,2025-06-13 21:00:00,Low,Closed,Chat,Hardware Failure,A004,Jason Wood,21,Yes,4
T04542,2025-11-05 00:00:00,2025-11-09 22:00:00,Medium,Resolved,Phone,Login Issue,A001,Emily Bryant PhD,118,Yes,2
T04543,2025-10-29 00:00:00,2025-10-29 06:00:00,Critical,In Progress,Phone,Software Bug,A017,William Scott,6,No,1
T04544,2025-11-27 00:00:00,2025-11-29 13:00:00,High,Resolved,Portal,Software Bug,A018,Heather Mcintyre,61,No,4
T04545,2025-03-03 00:00:00,2025-03-05 14:00:00,High,Closed,Email,Network Issue,A010,Shannon Mendez,62,No,2
T04546,2026-02-16 00:00:00,2026-02-18 06:00:00,Medium,In Progress,Chat,Hardware Failure,A012,Casey Pratt,54,No,2
T04547,2026-03-15 00:00:00,2026-03-19 15:00:00,High,Open,Chat,Software Bug,A024,Jennifer Smith,111,No,5
T04548,2026-01-12 00:00:00,2026-01-13 02:00:00,Low,Closed,Chat,Hardware Failure,A007,Devin Richards,26,No,3
T04549,2026-01-23 00:00:00,2026-01-23 09:00:00,High,Open,Portal,Hardware Failure,A019,Jackie Coleman,9,No,5
T04550,2025-07-03 00:00:00,2025-07-06 19:00:00,High,Closed,Chat,Hardware Failure,A001,Joseph Arroyo,91,Yes,5
T04551,2026-02-07 00:00:00,2026-02-11 23:00:00,Medium,Closed,Chat,Network Issue,A006,Stephen Lopez,119,No,2
T04552,2026-01-13 00:00:00,2026-01-14 11:00:00,High,In Progress,Email,Login Issue,A019,Sarah Perez,35,Yes,5
T04553,2025-04-05 00:00:00,2025-04-09 18:00:00,High,Open,Chat,Software Bug,A012,Amy Cunningham,114,No,2
T04554,2025-10-28 00:00:00,2025-10-31 10:00:00,Medium,Closed,Phone,Network Issue,A016,Tracey Hernandez,82,No,3
T04555,2025-07-31 00:00:00,2025-07-31 06:00:00,Low,Resolved,Phone,Hardware Failure,A010,Tammy Obrien,6,Yes,3
T04556,2025-01-30 00:00:00,2025-01-31 00:00:00,Critical,Open,Email,Network Issue,A016,Samantha Austin,24,Yes,5
T04557,2025-04-02 00:00:00,2025-04-05 04:00:00,Medium,Open,Email,Access Request,A025,Monica Wise,76,Yes,5
T04558,2025-07-05 00:00:00,2025-07-08 10:00:00,High,In Progress,Phone,Network Issue,A020,Collin Anderson,82,No,2
T04559,2025-01-17 00:00:00,2025-01-17 12:00:00,Critical,In Progress,Chat,Login Issue,A015,Christopher Reed,12,No,3
T04560,2025-12-13 00:00:00,2025-12-16 11:00:00,High,In Progress,Email,Access Request,A015,Ryan Lamb,83,Yes,5
T04561,2025-12-04 00:00:00,2025-12-07 13:00:00,Critical,Closed,Portal,Access Request,A001,Matthew Ellison,85,Yes,3
T04562,2025-08-13 00:00:00,2025-08-15 17:00:00,High,Resolved,Portal,Hardware Failure,A013,Taylor Montgomery,65,No,2
T04563,2025-11-08 00:00:00,2025-11-09 16:00:00,Medium,Closed,Email,Access Request,A021,Mr. William Ferguson,40,No,5
T04564,2025-04-18 00:00:00,2025-04-20 19:00:00,Medium,Resolved,Email,Access Request,A011,Jeffrey Barrera,67,No,4
T04565,2025-10-24 00:00:00,2025-10-25 00:00:00,Critical,In Progress,Portal,Network Issue,A013,Deborah Cortez,24,No,3
T04566,2025-10-17 00:00:00,2025-10-21 01:00:00,Medium,In Progress,Chat,Hardware Failure,A024,Stefanie Stewart,97,Yes,2
T04567,2025-09-07 00:00:00,2025-09-08 08:00:00,Critical,In Progress,Portal,Login Issue,A024,Lindsey Parrish MD,32,No,3
T04568,2025-08-28 00:00:00,2025-08-28 23:00:00,Medium,Resolved,Chat,Hardware Failure,A014,Tonya Reid,23,No,2
T04569,2025-02-23 00:00:00,2025-02-23 06:00:00,Low,Resolved,Portal,Login Issue,A018,Deborah Camacho,6,Yes,3
T04570,2025-07-13 00:00:00,2025-07-17 16:00:00,Critical,In Progress,Portal,Access Request,A023,Vanessa Campbell,112,No,5
T04571,2025-11-12 00:00:00,2025-11-12 22:00:00,High,Resolved,Email,Network Issue,A022,Christopher Hurley,22,No,3
T04572,2025-02-12 00:00:00,2025-02-14 19:00:00,High,Closed,Email,Network Issue,A022,Ryan Coleman,67,No,4
T04573,2025-05-20 00:00:00,2025-05-20 07:00:00,Medium,In Progress,Email,Access Request,A008,Kevin Vargas,7,Yes,5
T04574,2025-03-04 00:00:00,2025-03-06 03:00:00,Medium,Resolved,Portal,Hardware Failure,A019,Dustin Thomas,51,Yes,5
T04575,2026-02-16 00:00:00,2026-02-16 18:00:00,Critical,Closed,Phone,Access Request,A018,Victoria Ross,18,Yes,2
T04576,2025-02-16 00:00:00,2025-02-20 04:00:00,Medium,Open,Email,Hardware Failure,A007,Aaron Morris,100,Yes,2
T04577,2025-09-14 00:00:00,2025-09-18 02:00:00,Medium,Open,Email,Network Issue,A008,Daniel Lowery,98,Yes,3
T04578,2025-07-06 00:00:00,2025-07-06 20:00:00,Low,In Progress,Phone,Hardware Failure,A021,Andrew Hanson,20,Yes,2
T04579,2025-12-14 00:00:00,2025-12-14 09:00:00,Low,In Progress,Email,Network Issue,A016,Hayley Green,9,Yes,3
T04580,2025-04-04 00:00:00,2025-04-05 08:00:00,Critical,Closed,Phone,Login Issue,A004,Regina York,32,Yes,1
T04581,2025-11-15 00:00:00,2025-11-16 21:00:00,Low,In Progress,Email,Hardware Failure,A016,Michael Nelson,45,No,5
T04582,2025-07-24 00:00:00,2025-07-28 20:00:00,Low,Open,Email,Login Issue,A021,Bryan Gomez,116,Yes,5
T04583,2025-08-26 00:00:00,2025-08-28 01:00:00,Medium,In Progress,Chat,Software Bug,A017,Linda Smith,49,Yes,3
T04584,2025-05-12 00:00:00,2025-05-13 04:00:00,Critical,Open,Chat,Login Issue,A011,Debra Henderson,28,No,5
T04585,2026-01-04 00:00:00,2026-01-06 16:00:00,Critical,Open,Email,Hardware Failure,A021,Deborah Gomez,64,Yes,3
T04586,2026-01-02 00:00:00,2026-01-05 17:00:00,Critical,Open,Phone,Hardware Failure,A005,Jodi Collins,89,Yes,5
T04587,2025-01-17 00:00:00,2025-01-21 13:00:00,Low,Open,Phone,Access Request,A001,David Roberson,109,Yes,3
T04588,2025-05-25 00:00:00,2025-05-28 09:00:00,Low,In Progress,Phone,Network Issue,A004,Sharon Lloyd,81,No,5
T04589,2025-12-08 00:00:00,2025-12-11 16:00:00,Low,Resolved,Phone,Network Issue,A009,Vanessa Johnson,88,Yes,1
T04590,2025-10-07 00:00:00,2025-10-08 06:00:00,High,In Progress,Portal,Hardware Failure,A006,Keith Jones,30,No,2
T04591,2025-03-17 00:00:00,2025-03-20 12:00:00,Medium,Open,Phone,Login Issue,A004,Patricia Chambers,84,No,1
T04592,2025-08-28 00:00:00,2025-08-31 01:00:00,High,In Progress,Phone,Network Issue,A013,Matthew Johnson,73,No,3
T04593,2025-12-14 00:00:00,2025-12-14 04:00:00,Low,Closed,Portal,Access Request,A004,Meredith Vazquez,4,Yes,1
T04594,2026-02-16 00:00:00,2026-02-18 08:00:00,Critical,In Progress,Email,Network Issue,A011,Anna Moore,56,Yes,4
T04595,2025-06-20 00:00:00,2025-06-21 01:00:00,Critical,Resolved,Phone,Hardware Failure,A015,David Miller,25,Yes,5
T04596,2026-02-04 00:00:00,2026-02-04 03:00:00,Medium,Open,Chat,Login Issue,A016,Katherine Ashley,3,No,2
T04597,2025-04-17 00:00:00,2025-04-20 11:00:00,High,Open,Chat,Network Issue,A003,Christopher Scott,83,No,1
T04598,2026-02-04 00:00:00,2026-02-04 10:00:00,High,Open,Portal,Software Bug,A011,Barry Huber,10,Yes,1
T04599,2025-09-28 00:00:00,2025-09-29 10:00:00,High,In Progress,Chat,Hardware Failure,A016,James Wilson,34,No,5
T04600,2025-02-01 00:00:00,2025-02-02 06:00:00,High,Closed,Portal,Access Request,A016,Henry Mann,30,Yes,4
T04601,2026-01-11 00:00:00,2026-01-11 01:00:00,Medium,Open,Portal,Hardware Failure,A009,Christina Gomez DVM,1,No,5
T04602,2026-03-02 00:00:00,2026-03-02 06:00:00,Medium,Resolved,Chat,Login Issue,A003,Christopher Jones,6,No,3
T04603,2025-03-25 00:00:00,2025-03-27 09:00:00,Critical,Closed,Phone,Network Issue,A018,Marie Miller,57,Yes,2
T04604,2025-10-17 00:00:00,2025-10-17 04:00:00,Medium,In Progress,Email,Software Bug,A004,Paul Roy,4,Yes,1
T04605,2026-01-20 00:00:00,2026-01-20 21:00:00,Medium,Resolved,Email,Hardware Failure,A007,Kristina Wilson,21,No,1
T04606,2025-10-01 00:00:00,2025-10-01 04:00:00,Low,Resolved,Email,Network Issue,A010,Juan Delgado,4,Yes,1
T04607,2025-07-25 00:00:00,2025-07-26 17:00:00,Low,Closed,Chat,Hardware Failure,A003,Destiny Barron,41,Yes,1
T04608,2025-08-24 00:00:00,2025-08-24 07:00:00,High,Resolved,Portal,Access Request,A014,Andrew Macias,7,No,4
T04609,2025-04-10 00:00:00,2025-04-13 09:00:00,Medium,Resolved,Email,Hardware Failure,A024,Eric Fritz,81,Yes,1
T04610,2025-06-07 00:00:00,2025-06-10 10:00:00,Low,In Progress,Email,Access Request,A002,Raven Nguyen,82,Yes,3
T04611,2025-02-21 00:00:00,2025-02-25 01:00:00,High,Closed,Portal,Hardware Failure,A015,Crystal Miller,97,No,3
T04612,2025-08-02 00:00:00,2025-08-06 20:00:00,High,In Progress,Chat,Access Request,A013,Anthony Ferguson,116,Yes,1
T04613,2025-02-19 00:00:00,2025-02-21 14:00:00,Medium,Open,Portal,Hardware Failure,A010,Shawn Gardner,62,No,1
T04614,2025-02-08 00:00:00,2025-02-13 00:00:00,Critical,Open,Phone,Network Issue,A022,Ronald Walker,120,Yes,4
T04615,2025-10-12 00:00:00,2025-10-12 01:00:00,High,In Progress,Chat,Hardware Failure,A017,Joel Lopez III,1,Yes,3
T04616,2025-08-14 00:00:00,2025-08-16 11:00:00,High,In Progress,Phone,Login Issue,A020,Patty Melendez,59,No,2
T04617,2025-11-22 00:00:00,2025-11-25 04:00:00,High,Closed,Phone,Software Bug,A023,Bradley Hogan,76,No,2
T04618,2025-03-31 00:00:00,2025-04-02 11:00:00,Medium,In Progress,Chat,Hardware Failure,A022,Brittany Smith,59,Yes,2
T04619,2025-03-25 00:00:00,2025-03-28 18:00:00,Low,In Progress,Portal,Hardware Failure,A007,Elaine Dorsey,90,No,3
T04620,2026-01-28 00:00:00,2026-01-30 02:00:00,High,Resolved,Phone,Hardware Failure,A008,Mr. Brandon Hicks MD,50,Yes,3
T04621,2025-06-13 00:00:00,2025-06-16 21:00:00,High,In Progress,Phone,Access Request,A003,John Hill,93,No,4
T04622,2025-12-05 00:00:00,2025-12-07 11:00:00,Medium,In Progress,Portal,Network Issue,A011,Allison Martin,59,Yes,4
T04623,2026-03-02 00:00:00,2026-03-03 07:00:00,Low,Closed,Phone,Login Issue,A004,David Hall,31,No,3
T04624,2025-08-06 00:00:00,2025-08-07 01:00:00,High,Open,Email,Software Bug,A023,Christopher Alexander,25,Yes,2
T04625,2025-02-17 00:00:00,2025-02-19 00:00:00,Medium,Resolved,Chat,Network Issue,A014,Joshua Sanders,48,Yes,4
T04626,2025-07-25 00:00:00,2025-07-25 22:00:00,Critical,In Progress,Phone,Network Issue,A012,Timothy Hill,22,No,5
T04627,2025-01-17 00:00:00,2025-01-18 13:00:00,High,Resolved,Chat,Login Issue,A024,Beth Fitzgerald,37,No,3
T04628,2025-04-15 00:00:00,2025-04-16 11:00:00,Medium,Open,Email,Login Issue,A015,Jacob Smith,35,No,3
T04629,2025-05-16 00:00:00,2025-05-20 18:00:00,High,Resolved,Chat,Hardware Failure,A021,Nicole Hayden,114,No,5
T04630,2025-03-27 00:00:00,2025-03-31 02:00:00,High,In Progress,Chat,Hardware Failure,A008,Melissa Rodriguez,98,Yes,1
T04631,2025-07-07 00:00:00,2025-07-07 10:00:00,Low,Open,Portal,Software Bug,A025,Nathan Livingston,10,No,2
T04632,2025-11-25 00:00:00,2025-11-28 07:00:00,High,Closed,Chat,Network Issue,A019,Terry Scott,79,No,2
T04633,2025-03-30 00:00:00,2025-03-31 09:00:00,Medium,Resolved,Phone,Access Request,A020,Lauren Mays,33,No,4
T04634,2025-07-11 00:00:00,2025-07-15 02:00:00,Low,Resolved,Phone,Login Issue,A002,Tiffany Quinn,98,No,5
T04635,2025-06-11 00:00:00,2025-06-15 08:00:00,High,Resolved,Email,Access Request,A008,John Christian,104,No,1
T04636,2025-09-03 00:00:00,2025-09-07 18:00:00,Medium,In Progress,Email,Software Bug,A015,Timothy Chen PhD,114,Yes,5
T04637,2025-05-14 00:00:00,2025-05-15 18:00:00,Low,Open,Email,Network Issue,A009,Dana Chavez,42,No,2
T04638,2025-06-03 00:00:00,2025-06-07 20:00:00,Critical,Closed,Phone,Software Bug,A007,Melissa Solomon,116,Yes,2
T04639,2026-02-23 00:00:00,2026-02-26 10:00:00,High,Closed,Email,Hardware Failure,A014,Brandon Andrews,82,No,1
T04640,2025-02-28 00:00:00,2025-03-03 21:00:00,Critical,Closed,Phone,Hardware Failure,A010,Francis Burns,93,Yes,1
T04641,2026-02-20 00:00:00,2026-02-20 19:00:00,Critical,Open,Portal,Software Bug,A001,Matthew Lang,19,No,1
T04642,2025-02-09 00:00:00,2025-02-13 13:00:00,Critical,Open,Chat,Access Request,A001,Dean Hernandez DDS,109,Yes,3
T04643,2025-02-25 00:00:00,2025-03-01 20:00:00,High,Open,Phone,Network Issue,A003,Michael Simpson,116,No,2
T04644,2025-01-23 00:00:00,2025-01-23 01:00:00,Low,In Progress,Portal,Network Issue,A018,Victoria Taylor,1,No,3
T04645,2026-02-09 00:00:00,2026-02-13 15:00:00,Medium,In Progress,Email,Network Issue,A002,Donald Vang,111,No,5
T04646,2025-02-10 00:00:00,2025-02-11 10:00:00,High,In Progress,Chat,Login Issue,A015,John Vargas,34,No,5
T04647,2026-01-26 00:00:00,2026-01-28 01:00:00,Critical,Resolved,Phone,Login Issue,A002,Kaitlyn Clements,49,Yes,5
T04648,2025-05-27 00:00:00,2025-05-27 11:00:00,High,In Progress,Chat,Hardware Failure,A001,James Williams,11,No,3
T04649,2025-04-25 00:00:00,2025-04-29 12:00:00,Medium,In Progress,Portal,Login Issue,A023,Morgan Lang,108,No,4
T04650,2025-10-24 00:00:00,2025-10-26 00:00:00,High,Resolved,Portal,Software Bug,A022,Grant Tran,48,No,2
T04651,2025-12-24 00:00:00,2025-12-26 08:00:00,Critical,In Progress,Phone,Login Issue,A011,James Smith,56,No,2
T04652,2025-09-13 00:00:00,2025-09-15 14:00:00,Critical,In Progress,Portal,Hardware Failure,A014,Morgan Hill,62,Yes,5
T04653,2025-08-29 00:00:00,2025-08-30 16:00:00,Low,Resolved,Phone,Access Request,A009,Erin Stewart,40,Yes,1
T04654,2025-06-12 00:00:00,2025-06-12 01:00:00,Medium,Open,Phone,Software Bug,A014,Matthew Martinez,1,Yes,3
T04655,2026-03-24 00:00:00,2026-03-24 18:00:00,High,Closed,Portal,Hardware Failure,A023,Kristy Hudson,18,Yes,5
T04656,2026-03-14 00:00:00,2026-03-17 08:00:00,Medium,Resolved,Chat,Hardware Failure,A013,Kathleen Patel,80,Yes,4
T04657,2025-09-06 00:00:00,2025-09-07 18:00:00,Medium,Open,Email,Login Issue,A017,Elizabeth Hodges,42,No,1
T04658,2025-03-08 00:00:00,2025-03-10 02:00:00,Medium,Closed,Chat,Software Bug,A004,Lori Lam,50,Yes,2
T04659,2026-03-25 00:00:00,2026-03-29 05:00:00,High,Resolved,Chat,Login Issue,A017,Hector Pollard,101,No,2
T04660,2026-02-07 00:00:00,2026-02-10 06:00:00,High,Closed,Chat,Network Issue,A011,Brianna Davis,78,Yes,2
T04661,2026-02-15 00:00:00,2026-02-16 12:00:00,Critical,Closed,Chat,Login Issue,A015,Daniel Newton,36,No,2
T04662,2025-12-16 00:00:00,2025-12-20 23:00:00,High,Closed,Phone,Hardware Failure,A009,Joshua Cooper,119,No,3
T04663,2026-01-08 00:00:00,2026-01-12 22:00:00,High,Open,Phone,Network Issue,A011,Stephen Krueger,118,No,2
T04664,2025-08-03 00:00:00,2025-08-05 11:00:00,Low,Open,Portal,Software Bug,A025,Amanda Bender,59,Yes,5
T04665,2026-03-13 00:00:00,2026-03-13 21:00:00,Medium,Resolved,Portal,Software Bug,A006,Sherry Rodriguez,21,Yes,4
T04666,2026-02-07 00:00:00,2026-02-10 08:00:00,Critical,Resolved,Email,Network Issue,A002,Tabitha Johns,80,Yes,4
T04667,2025-12-07 00:00:00,2025-12-09 19:00:00,High,Open,Portal,Login Issue,A002,Daniel Roth,67,No,3
T04668,2026-01-24 00:00:00,2026-01-24 12:00:00,Low,In Progress,Chat,Network Issue,A014,Joshua Rogers,12,No,3
T04669,2025-08-29 00:00:00,2025-09-02 18:00:00,Medium,Resolved,Email,Network Issue,A022,Sharon Miller,114,No,3
T04670,2025-07-12 00:00:00,2025-07-15 19:00:00,High,In Progress,Chat,Hardware Failure,A003,Leslie Shaw,91,No,2
T04671,2025-03-08 00:00:00,2025-03-11 21:00:00,Medium,Open,Chat,Login Issue,A017,Matthew Smith,93,No,4
T04672,2025-03-14 00:00:00,2025-03-14 03:00:00,Medium,In Progress,Chat,Hardware Failure,A003,Linda Alvarado,3,Yes,4
T04673,2025-09-27 00:00:00,2025-09-30 05:00:00,Critical,In Progress,Portal,Network Issue,A017,Donna Morrow,77,Yes,4
T04674,2025-11-30 00:00:00,2025-12-02 01:00:00,Medium,In Progress,Email,Software Bug,A004,Alvin Davis,49,Yes,3
T04675,2025-09-04 00:00:00,2025-09-04 11:00:00,Low,In Progress,Phone,Network Issue,A002,Jacob Ellison,11,No,4
T04676,2025-05-30 00:00:00,2025-05-31 13:00:00,High,In Progress,Portal,Hardware Failure,A002,Dr. Ashley Gilmore,37,Yes,1
T04677,2025-12-13 00:00:00,2025-12-13 03:00:00,Medium,Open,Phone,Hardware Failure,A018,Alexis Sanders,3,Yes,5
T04678,2026-01-10 00:00:00,2026-01-10 21:00:00,Low,In Progress,Portal,Hardware Failure,A024,Andrew Buck,21,No,1
T04679,2025-09-13 00:00:00,2025-09-15 11:00:00,Critical,In Progress,Portal,Software Bug,A025,Elaine Thomas,59,No,4
T04680,2025-07-13 00:00:00,2025-07-14 16:00:00,High,Resolved,Chat,Access Request,A002,Ronald Jordan,40,Yes,3
T04681,2025-05-09 00:00:00,2025-05-13 20:00:00,Low,Resolved,Chat,Network Issue,A012,Erik Villegas,116,Yes,5
T04682,2025-02-25 00:00:00,2025-03-01 20:00:00,Medium,Closed,Phone,Access Request,A011,Michael Perez,116,No,1
T04683,2025-04-16 00:00:00,2025-04-17 07:00:00,Medium,In Progress,Phone,Network Issue,A021,Laura Zamora,31,Yes,1
T04684,2025-04-16 00:00:00,2025-04-17 23:00:00,High,Resolved,Chat,Login Issue,A015,Nicole Cummings,47,Yes,1
T04685,2025-03-15 00:00:00,2025-03-17 01:00:00,Low,Closed,Phone,Hardware Failure,A001,Jamie Morris,49,No,3
T04686,2025-08-14 00:00:00,2025-08-15 13:00:00,High,Open,Chat,Software Bug,A017,Troy Baker,37,No,1
T04687,2025-08-12 00:00:00,2025-08-12 21:00:00,Critical,Resolved,Phone,Software Bug,A022,Drew Taylor,21,Yes,1
T04688,2025-08-21 00:00:00,2025-08-24 18:00:00,Critical,In Progress,Email,Network Issue,A019,Brooke Callahan,90,No,5
T04689,2025-01-28 00:00:00,2025-01-30 08:00:00,High,Closed,Phone,Software Bug,A006,Troy Gonzales,56,Yes,5
T04690,2025-03-22 00:00:00,2025-03-23 06:00:00,Medium,Closed,Portal,Login Issue,A006,Michelle Cole,30,No,3
T04691,2025-10-07 00:00:00,2025-10-08 00:00:00,High,Open,Chat,Access Request,A012,Jennifer Smith,24,Yes,5
T04692,2025-07-16 00:00:00,2025-07-19 15:00:00,Low,Resolved,Chat,Hardware Failure,A022,Emily Peterson,87,No,3
T04693,2025-06-02 00:00:00,2025-06-04 08:00:00,High,In Progress,Phone,Access Request,A001,Debbie Tapia,56,Yes,3
T04694,2025-05-13 00:00:00,2025-05-13 10:00:00,Medium,Resolved,Phone,Access Request,A013,John Gonzalez,10,No,3
T04695,2025-10-03 00:00:00,2025-10-04 23:00:00,High,Closed,Email,Login Issue,A017,Sandra Wyatt,47,No,3
T04696,2026-01-26 00:00:00,2026-01-28 15:00:00,High,Open,Email,Software Bug,A013,Michael Perry,63,No,5
T04697,2025-01-23 00:00:00,2025-01-27 00:00:00,Medium,Closed,Portal,Network Issue,A025,Ashley Gonzales MD,96,No,5
T04698,2025-01-23 00:00:00,2025-01-27 00:00:00,Low,Open,Chat,Login Issue,A015,Colleen Waters,96,No,2
T04699,2025-12-31 00:00:00,2025-12-31 05:00:00,Medium,Resolved,Portal,Login Issue,A022,Jessica Morales,5,Yes,4
T04700,2025-02-24 00:00:00,2025-02-26 05:00:00,Medium,Resolved,Email,Hardware Failure,A019,Thomas Jones,53,Yes,1
T04701,2026-02-15 00:00:00,2026-02-18 16:00:00,Critical,Resolved,Chat,Hardware Failure,A011,Renee Baird,88,Yes,1
T04702,2025-09-07 00:00:00,2025-09-08 21:00:00,Medium,In Progress,Phone,Access Request,A025,Jessica Avila,45,No,3
T04703,2025-09-08 00:00:00,2025-09-11 16:00:00,High,Open,Chat,Login Issue,A014,David Alvarez,88,No,5
T04704,2025-09-24 00:00:00,2025-09-29 00:00:00,Low,Resolved,Chat,Hardware Failure,A004,Tiffany Schroeder,120,No,5
T04705,2025-07-06 00:00:00,2025-07-10 11:00:00,Critical,Open,Portal,Hardware Failure,A018,Brianna Moreno MD,107,No,4
T04706,2025-01-23 00:00:00,2025-01-26 01:00:00,Critical,In Progress,Portal,Software Bug,A014,Michael Yu,73,Yes,2
T04707,2025-06-24 00:00:00,2025-06-27 01:00:00,High,Open,Portal,Login Issue,A003,Michael Rodriguez,73,Yes,3
T04708,2025-04-17 00:00:00,2025-04-20 04:00:00,Critical,In Progress,Phone,Network Issue,A009,Shannon Russell,76,No,3
T04709,2025-02-08 00:00:00,2025-02-10 18:00:00,High,Closed,Portal,Login Issue,A019,Dr. Sean Barton,66,Yes,2
T04710,2025-02-11 00:00:00,2025-02-11 19:00:00,Critical,Resolved,Portal,Access Request,A016,Ashley Hooper PhD,19,No,4
T04711,2025-09-27 00:00:00,2025-09-29 14:00:00,Critical,In Progress,Email,Access Request,A014,Dr. Kimberly Joseph,62,Yes,5
T04712,2025-01-30 00:00:00,2025-01-31 21:00:00,Critical,Open,Chat,Network Issue,A013,Kathy Henry DVM,45,Yes,2
T04713,2025-04-03 00:00:00,2025-04-07 02:00:00,Low,Closed,Chat,Network Issue,A008,Steven Hayes,98,Yes,3
T04714,2025-03-03 00:00:00,2025-03-03 18:00:00,High,Closed,Email,Login Issue,A016,Kelly Parrish,18,No,4
T04715,2025-04-15 00:00:00,2025-04-15 14:00:00,Low,Closed,Phone,Hardware Failure,A022,Steven Rollins,14,Yes,5
T04716,2026-03-05 00:00:00,2026-03-07 20:00:00,High,In Progress,Portal,Login Issue,A014,Ryan Johnson,68,Yes,3
T04717,2025-03-30 00:00:00,2025-03-31 01:00:00,Critical,In Progress,Chat,Hardware Failure,A016,Suzanne Powell,25,Yes,1
T04718,2025-11-25 00:00:00,2025-11-28 23:00:00,Critical,Closed,Chat,Hardware Failure,A020,Deanna Clark,95,No,3
T04719,2025-03-27 00:00:00,2025-03-31 03:00:00,High,Open,Email,Software Bug,A001,Shannon Price,99,Yes,5
T04720,2025-04-22 00:00:00,2025-04-26 14:00:00,Critical,In Progress,Email,Network Issue,A025,Rebecca Stone,110,Yes,2
T04721,2025-06-07 00:00:00,2025-06-11 03:00:00,Medium,Closed,Chat,Hardware Failure,A007,Morgan Warren,99,No,5
T04722,2025-03-07 00:00:00,2025-03-10 16:00:00,High,Closed,Email,Login Issue,A018,Scott Johnson,88,Yes,2
T04723,2025-01-07 00:00:00,2025-01-08 08:00:00,Low,Closed,Chat,Access Request,A022,Nichole Berry,32,No,5
T04724,2025-03-13 00:00:00,2025-03-16 13:00:00,High,In Progress,Email,Login Issue,A004,Eddie Noble,85,Yes,1
T04725,2025-09-15 00:00:00,2025-09-19 02:00:00,Critical,Closed,Email,Network Issue,A021,Rachel Owens MD,98,No,1
T04726,2025-08-06 00:00:00,2025-08-08 02:00:00,Medium,Closed,Chat,Hardware Failure,A006,Ellen Martin,50,Yes,4
T04727,2025-11-29 00:00:00,2025-11-30 08:00:00,Critical,Resolved,Chat,Software Bug,A001,Frederick Greene,32,Yes,2
T04728,2025-04-13 00:00:00,2025-04-16 16:00:00,Low,In Progress,Chat,Login Issue,A008,James Fox,88,No,4
T04729,2025-07-04 00:00:00,2025-07-05 04:00:00,Medium,Open,Phone,Network Issue,A023,Catherine Simon,28,No,3
T04730,2026-01-14 00:00:00,2026-01-15 20:00:00,Critical,Resolved,Portal,Hardware Failure,A004,Jennifer Livingston,44,No,2
T04731,2025-01-25 00:00:00,2025-01-29 09:00:00,Low,Resolved,Portal,Access Request,A015,Robert Green,105,Yes,2
T04732,2025-08-22 00:00:00,2025-08-26 06:00:00,Medium,Closed,Chat,Network Issue,A010,Zachary Martin,102,No,1
T04733,2026-02-12 00:00:00,2026-02-14 22:00:00,Low,Resolved,Phone,Access Request,A017,Martin Lin,70,Yes,5
T04734,2025-09-17 00:00:00,2025-09-19 17:00:00,Low,Open,Chat,Login Issue,A009,Jessica Oneill,65,No,2
T04735,2025-08-15 00:00:00,2025-08-17 16:00:00,High,Open,Phone,Hardware Failure,A024,Kyle Long,64,Yes,4
T04736,2025-07-29 00:00:00,2025-08-02 14:00:00,Critical,Closed,Chat,Network Issue,A017,Fernando Myers,110,Yes,3
T04737,2025-03-10 00:00:00,2025-03-13 19:00:00,Low,Resolved,Chat,Access Request,A022,Yvonne Melendez,91,Yes,4
T04738,2026-03-15 00:00:00,2026-03-15 17:00:00,High,Resolved,Chat,Network Issue,A022,Alisha Adams,17,No,5
T04739,2026-01-15 00:00:00,2026-01-19 14:00:00,Critical,Closed,Portal,Hardware Failure,A003,Jasmine Miller,110,Yes,3
T04740,2025-10-05 00:00:00,2025-10-07 21:00:00,High,Resolved,Email,Login Issue,A023,John Carroll,69,Yes,4
T04741,2025-12-24 00:00:00,2025-12-26 00:00:00,High,Closed,Portal,Access Request,A007,Jessica Miller,48,Yes,5
T04742,2025-04-17 00:00:00,2025-04-20 01:00:00,Medium,Closed,Email,Login Issue,A019,Heather Marquez,73,No,3
T04743,2025-02-14 00:00:00,2025-02-14 20:00:00,Low,Closed,Portal,Login Issue,A018,Jerry Vargas,20,No,4
T04744,2025-12-10 00:00:00,2025-12-11 06:00:00,Low,Closed,Email,Hardware Failure,A005,Laura Sanders,30,Yes,4
T04745,2025-12-09 00:00:00,2025-12-09 18:00:00,Medium,In Progress,Email,Login Issue,A006,Gregory Bell,18,Yes,1
T04746,2026-01-24 00:00:00,2026-01-28 21:00:00,Critical,Closed,Portal,Hardware Failure,A008,Anthony Shelton,117,No,5
T04747,2025-03-25 00:00:00,2025-03-25 03:00:00,Critical,In Progress,Chat,Software Bug,A017,Ashlee Lopez,3,Yes,2
T04748,2025-07-12 00:00:00,2025-07-13 23:00:00,Critical,Open,Portal,Login Issue,A019,Barry Williams,47,Yes,4
T04749,2025-06-27 00:00:00,2025-06-29 04:00:00,Critical,Resolved,Phone,Access Request,A014,Angela Rasmussen,52,No,3
T04750,2025-09-02 00:00:00,2025-09-02 05:00:00,High,Closed,Portal,Network Issue,A020,Rachel Hodge,5,Yes,3
T04751,2025-02-08 00:00:00,2025-02-10 03:00:00,Low,Resolved,Chat,Hardware Failure,A018,Angela Cross,51,No,3
T04752,2026-01-18 00:00:00,2026-01-19 07:00:00,High,Closed,Email,Login Issue,A006,Lauren Miller,31,No,1
T04753,2025-04-19 00:00:00,2025-04-19 13:00:00,Medium,Closed,Portal,Network Issue,A011,John Johnson,13,No,2
T04754,2025-09-11 00:00:00,2025-09-15 04:00:00,Low,Open,Chat,Access Request,A002,Christy Smith,100,No,5
T04755,2025-01-08 00:00:00,2025-01-12 13:00:00,High,Closed,Email,Software Bug,A020,Benjamin Johnson,109,No,1
T04756,2026-01-29 00:00:00,2026-02-01 22:00:00,Low,Open,Email,Access Request,A022,Lindsay Fernandez,94,Yes,1
T04757,2025-01-18 00:00:00,2025-01-20 10:00:00,High,Resolved,Portal,Hardware Failure,A025,Brian Stephenson,58,Yes,2
T04758,2025-11-19 00:00:00,2025-11-20 16:00:00,High,In Progress,Portal,Access Request,A008,Don Alvarez,40,Yes,4
T04759,2025-10-11 00:00:00,2025-10-14 06:00:00,Low,In Progress,Email,Access Request,A017,Katie Smith,78,No,3
T04760,2025-10-22 00:00:00,2025-10-24 01:00:00,Low,In Progress,Phone,Login Issue,A007,Jennifer Murphy MD,49,Yes,4
T04761,2025-06-29 00:00:00,2025-06-30 14:00:00,High,In Progress,Chat,Login Issue,A004,Valerie Allison,38,Yes,2
T04762,2025-10-26 00:00:00,2025-10-29 12:00:00,Medium,Resolved,Chat,Login Issue,A019,Morgan Nelson,84,No,1
T04763,2025-03-27 00:00:00,2025-03-30 13:00:00,High,Open,Phone,Software Bug,A019,Jennifer Wright,85,No,5
T04764,2025-11-15 00:00:00,2025-11-18 08:00:00,Low,In Progress,Phone,Network Issue,A018,Claire Cook,80,No,5
T04765,2025-12-14 00:00:00,2025-12-16 06:00:00,Critical,Closed,Email,Hardware Failure,A006,Kara Yu,54,No,4
T04766,2026-03-05 00:00:00,2026-03-05 10:00:00,High,Open,Phone,Access Request,A020,Cheryl Turner,10,No,2
T04767,2025-10-09 00:00:00,2025-10-10 04:00:00,Critical,Resolved,Chat,Network Issue,A001,Bill Kennedy,28,Yes,5
T04768,2025-09-19 00:00:00,2025-09-20 02:00:00,Medium,In Progress,Phone,Access Request,A022,Larry Rodriguez,26,No,4
T04769,2025-12-28 00:00:00,2025-12-28 02:00:00,Critical,Closed,Phone,Access Request,A006,Diane Smith,2,Yes,2
T04770,2025-08-30 00:00:00,2025-08-30 16:00:00,High,Open,Chat,Login Issue,A008,Alice Mcpherson,16,Yes,3
T04771,2026-02-27 00:00:00,2026-03-03 15:00:00,Low,Closed,Portal,Login Issue,A011,Steven Wood,111,No,1
T04772,2026-03-01 00:00:00,2026-03-03 10:00:00,Critical,Closed,Email,Access Request,A005,Jennifer Alvarez,58,Yes,4
T04773,2026-01-26 00:00:00,2026-01-26 05:00:00,Low,In Progress,Portal,Software Bug,A015,Carol Schroeder,5,No,2
T04774,2025-01-18 00:00:00,2025-01-19 22:00:00,Medium,In Progress,Email,Network Issue,A014,Sarah Perkins,46,Yes,5
T04775,2025-07-13 00:00:00,2025-07-15 09:00:00,Critical,Open,Phone,Software Bug,A025,Brian Lopez,57,No,4
T04776,2025-12-06 00:00:00,2025-12-10 23:00:00,Critical,Resolved,Chat,Hardware Failure,A003,Caroline Jones,119,Yes,2
T04777,2025-07-27 00:00:00,2025-07-28 13:00:00,Critical,Closed,Chat,Software Bug,A004,Valerie Ryan MD,37,No,5
T04778,2025-06-11 00:00:00,2025-06-12 06:00:00,High,In Progress,Chat,Hardware Failure,A024,Melissa Shields,30,No,4
T04779,2026-02-18 00:00:00,2026-02-19 15:00:00,Medium,Resolved,Phone,Hardware Failure,A021,Derrick Maldonado,39,Yes,5
T04780,2025-12-29 00:00:00,2025-12-29 15:00:00,High,Open,Email,Login Issue,A011,Dalton Acevedo,15,No,5
T04781,2025-09-01 00:00:00,2025-09-05 19:00:00,Medium,Resolved,Email,Software Bug,A015,Julie Gallagher,115,No,2
T04782,2025-05-27 00:00:00,2025-05-30 23:00:00,Critical,Open,Chat,Login Issue,A022,Larry Jackson,95,No,4
T04783,2026-01-20 00:00:00,2026-01-24 15:00:00,Low,In Progress,Phone,Login Issue,A019,Jessica Cook,111,Yes,5
T04784,2025-05-13 00:00:00,2025-05-15 08:00:00,Low,In Progress,Portal,Software Bug,A017,Nicole Thomas,56,No,3
T04785,2025-01-27 00:00:00,2025-01-28 08:00:00,High,Closed,Phone,Network Issue,A007,Jeremy Fernandez,32,Yes,3
T04786,2025-05-06 00:00:00,2025-05-07 15:00:00,High,In Progress,Chat,Software Bug,A015,Latasha Kim,39,Yes,5
T04787,2025-06-23 00:00:00,2025-06-23 10:00:00,High,Closed,Phone,Hardware Failure,A007,Mr. James Crosby,10,Yes,3
T04788,2026-02-26 00:00:00,2026-03-01 10:00:00,Medium,Resolved,Phone,Hardware Failure,A003,Nicole Rubio,82,No,2
T04789,2025-02-26 00:00:00,2025-03-01 14:00:00,Critical,In Progress,Portal,Access Request,A015,Gabrielle Williams,86,No,5
T04790,2025-09-04 00:00:00,2025-09-06 06:00:00,Medium,Closed,Email,Network Issue,A022,Colleen Webster,54,No,2
T04791,2025-11-30 00:00:00,2025-12-01 12:00:00,Critical,In Progress,Portal,Access Request,A004,Lisa Delgado,36,Yes,4
T04792,2025-03-04 00:00:00,2025-03-08 06:00:00,Medium,In Progress,Chat,Login Issue,A025,Brian Flores,102,Yes,5
T04793,2025-12-26 00:00:00,2025-12-27 05:00:00,Low,Closed,Phone,Software Bug,A008,Zachary Smith,29,No,2
T04794,2026-03-21 00:00:00,2026-03-24 22:00:00,High,Resolved,Chat,Software Bug,A009,Alexander Carlson,94,Yes,1
T04795,2026-03-08 00:00:00,2026-03-10 22:00:00,Medium,Resolved,Phone,Login Issue,A009,Jordan Ortega,70,Yes,5
T04796,2025-01-27 00:00:00,2025-01-31 18:00:00,High,Closed,Phone,Login Issue,A007,Hannah Mendez,114,Yes,2
T04797,2025-09-16 00:00:00,2025-09-16 20:00:00,Critical,In Progress,Chat,Software Bug,A020,Claire Alexander,20,Yes,4
T04798,2025-06-07 00:00:00,2025-06-09 10:00:00,Critical,Resolved,Portal,Login Issue,A014,Michelle Ramos,58,No,5
T04799,2025-12-01 00:00:00,2025-12-01 18:00:00,Medium,In Progress,Chat,Login Issue,A017,Matthew Harvey,18,No,1
T04800,2025-03-30 00:00:00,2025-04-03 13:00:00,Critical,Resolved,Portal,Software Bug,A021,James Pham,109,Yes,5
T04801,2025-06-02 00:00:00,2025-06-04 09:00:00,Low,In Progress,Phone,Login Issue,A019,Tim Hart,57,Yes,4
T04802,2026-03-12 00:00:00,2026-03-13 23:00:00,Critical,In Progress,Chat,Hardware Failure,A015,Matthew Smith,47,Yes,5
T04803,2025-07-21 00:00:00,2025-07-22 03:00:00,Critical,In Progress,Phone,Login Issue,A018,Deborah Wells,27,No,1
T04804,2025-07-18 00:00:00,2025-07-18 06:00:00,Critical,In Progress,Portal,Network Issue,A017,Christopher Williams,6,Yes,1
T04805,2025-05-01 00:00:00,2025-05-02 03:00:00,High,Open,Chat,Hardware Failure,A010,Samuel Jones II,27,Yes,4
T04806,2025-11-20 00:00:00,2025-11-20 12:00:00,Medium,Resolved,Phone,Login Issue,A008,William Lee,12,Yes,4
T04807,2025-02-01 00:00:00,2025-02-04 20:00:00,Critical,Closed,Phone,Hardware Failure,A014,Lisa Lowery,92,Yes,1
T04808,2026-01-20 00:00:00,2026-01-20 19:00:00,High,Resolved,Chat,Software Bug,A003,Sara Patterson,19,No,5
T04809,2026-01-20 00:00:00,2026-01-20 01:00:00,High,Closed,Portal,Network Issue,A006,Aaron Smith,1,No,5
T04810,2025-02-08 00:00:00,2025-02-12 02:00:00,Low,Resolved,Portal,Login Issue,A002,Christopher Thomas,98,No,1
T04811,2026-01-10 00:00:00,2026-01-14 04:00:00,Low,Open,Phone,Hardware Failure,A001,Debra Walsh,100,No,4
T04812,2025-08-03 00:00:00,2025-08-06 04:00:00,Low,Closed,Chat,Access Request,A022,Edward Patel,76,No,1
T04813,2025-04-13 00:00:00,2025-04-15 18:00:00,Low,Closed,Phone,Software Bug,A009,Tasha Marshall,66,Yes,5
T04814,2025-01-13 00:00:00,2025-01-15 06:00:00,Critical,Resolved,Chat,Hardware Failure,A008,Jennifer Juarez,54,Yes,4
T04815,2025-02-08 00:00:00,2025-02-10 08:00:00,Low,In Progress,Chat,Network Issue,A007,Jacqueline Galloway,56,Yes,3
T04816,2025-06-27 00:00:00,2025-06-28 11:00:00,Low,Closed,Email,Login Issue,A021,Thomas Grimes,35,Yes,3
T04817,2025-12-18 00:00:00,2025-12-20 12:00:00,High,Open,Phone,Network Issue,A022,Francisco Mercado,60,Yes,2
T04818,2025-06-27 00:00:00,2025-06-30 10:00:00,Critical,Closed,Portal,Login Issue,A009,Shelley Logan,82,No,1
T04819,2025-04-30 00:00:00,2025-05-05 00:00:00,Medium,Open,Portal,Login Issue,A009,Trevor Hicks,120,No,2
T04820,2025-10-22 00:00:00,2025-10-26 02:00:00,High,Resolved,Email,Network Issue,A019,Melissa Wyatt,98,Yes,3
T04821,2025-05-30 00:00:00,2025-06-03 01:00:00,Medium,In Progress,Email,Network Issue,A017,Jason Bryant,97,Yes,5
T04822,2025-07-02 00:00:00,2025-07-06 05:00:00,Low,Resolved,Phone,Login Issue,A015,Alejandra Mathis,101,No,2
T04823,2025-10-08 00:00:00,2025-10-08 01:00:00,Medium,Closed,Portal,Network Issue,A011,Julia Brown,1,Yes,1
T04824,2026-03-12 00:00:00,2026-03-13 18:00:00,Critical,In Progress,Phone,Software Bug,A024,Lisa Thompson,42,Yes,1
T04825,2025-04-29 00:00:00,2025-05-03 18:00:00,High,In Progress,Email,Network Issue,A023,Maria Mcguire,114,Yes,5
T04826,2025-07-07 00:00:00,2025-07-07 06:00:00,Critical,Resolved,Portal,Network Issue,A008,Lauren Brown,6,Yes,2
T04827,2025-09-16 00:00:00,2025-09-17 13:00:00,Low,In Progress,Portal,Hardware Failure,A012,Elizabeth Cole,37,No,3
T04828,2025-04-18 00:00:00,2025-04-21 05:00:00,High,In Progress,Chat,Access Request,A001,Brian Koch,77,Yes,5
T04829,2025-04-26 00:00:00,2025-04-26 04:00:00,Critical,Resolved,Email,Software Bug,A018,Bradley Stewart,4,No,5
T04830,2025-12-02 00:00:00,2025-12-03 08:00:00,Low,Resolved,Email,Software Bug,A002,Jason Gross,32,No,2
T04831,2025-12-10 00:00:00,2025-12-12 18:00:00,Low,Resolved,Email,Software Bug,A004,Paul Smith,66,Yes,4
T04832,2025-04-19 00:00:00,2025-04-21 12:00:00,Medium,Open,Email,Access Request,A002,Suzanne Barnes,60,No,4
T04833,2025-05-10 00:00:00,2025-05-11 13:00:00,Critical,In Progress,Email,Login Issue,A016,Tiffany Guerra,37,Yes,3
T04834,2025-09-06 00:00:00,2025-09-07 09:00:00,Low,In Progress,Chat,Software Bug,A013,Christian Burgess,33,No,1
T04835,2025-09-29 00:00:00,2025-10-01 03:00:00,Critical,In Progress,Portal,Software Bug,A025,Lauren Campbell,51,No,3
T04836,2025-11-03 00:00:00,2025-11-05 01:00:00,Critical,Open,Portal,Network Issue,A008,Sandra Bauer,49,No,4
T04837,2025-07-13 00:00:00,2025-07-16 22:00:00,High,Closed,Chat,Login Issue,A005,Gabriela Hood,94,Yes,1
T04838,2025-10-13 00:00:00,2025-10-13 14:00:00,Low,In Progress,Portal,Access Request,A020,Melissa Hernandez,14,Yes,5
T04839,2025-09-14 00:00:00,2025-09-17 10:00:00,High,In Progress,Chat,Login Issue,A010,Mr. Nicholas Jones,82,Yes,2
T04840,2025-10-25 00:00:00,2025-10-26 08:00:00,Low,Closed,Email,Network Issue,A013,Makayla Smith,32,No,3
T04841,2025-09-05 00:00:00,2025-09-07 09:00:00,Medium,Closed,Portal,Access Request,A010,Taylor Mullins,57,Yes,3
T04842,2025-04-22 00:00:00,2025-04-25 14:00:00,Critical,In Progress,Portal,Hardware Failure,A017,Ronald Matthews,86,Yes,1
T04843,2025-08-24 00:00:00,2025-08-25 17:00:00,High,Open,Phone,Software Bug,A008,Seth Lewis,41,No,2
T04844,2025-07-17 00:00:00,2025-07-21 18:00:00,Medium,In Progress,Phone,Login Issue,A007,George Cook,114,No,3
T04845,2025-05-04 00:00:00,2025-05-07 05:00:00,Medium,Closed,Email,Access Request,A021,Alex Weber,77,No,3
T04846,2025-04-07 00:00:00,2025-04-08 00:00:00,Critical,In Progress,Chat,Login Issue,A003,Katie Garrison,24,Yes,5
T04847,2025-05-11 00:00:00,2025-05-14 08:00:00,Critical,Resolved,Portal,Software Bug,A009,Jason Snow,80,No,5
T04848,2025-04-14 00:00:00,2025-04-17 15:00:00,Critical,Open,Chat,Access Request,A020,Joseph Williamson,87,Yes,4
T04849,2025-10-22 00:00:00,2025-10-24 06:00:00,Low,Resolved,Chat,Hardware Failure,A011,David Castro,54,No,4
T04850,2025-08-19 00:00:00,2025-08-20 06:00:00,Critical,Open,Email,Network Issue,A025,Alan Hill,30,No,5
T04851,2025-01-11 00:00:00,2025-01-12 20:00:00,Medium,Closed,Email,Login Issue,A017,James Cunningham,44,Yes,4
T04852,2025-05-31 00:00:00,2025-06-04 08:00:00,Critical,Resolved,Portal,Access Request,A021,Scott Vargas,104,No,1
T04853,2025-04-20 00:00:00,2025-04-20 05:00:00,Medium,Open,Portal,Hardware Failure,A003,Joseph Dyer,5,No,4
T04854,2025-10-23 00:00:00,2025-10-26 04:00:00,Critical,Resolved,Portal,Network Issue,A008,Adam Koch,76,No,1
T04855,2025-05-07 00:00:00,2025-05-08 16:00:00,Low,Open,Chat,Access Request,A011,Jennifer Moreno,40,No,1
T04856,2025-10-12 00:00:00,2025-10-16 22:00:00,Critical,Open,Phone,Hardware Failure,A011,Lisa Nguyen,118,No,4
T04857,2025-12-22 00:00:00,2025-12-22 21:00:00,Low,In Progress,Email,Network Issue,A016,Linda Hernandez,21,No,5
T04858,2025-11-29 00:00:00,2025-11-29 22:00:00,Low,Closed,Email,Access Request,A010,Richard Reynolds,22,Yes,3
T04859,2026-01-04 00:00:00,2026-01-07 18:00:00,High,Resolved,Phone,Hardware Failure,A023,Timothy Clark,90,Yes,3
T04860,2025-02-01 00:00:00,2025-02-04 19:00:00,Medium,Closed,Portal,Network Issue,A004,Christopher King,91,No,3
T04861,2025-07-08 00:00:00,2025-07-11 01:00:00,Critical,Open,Portal,Login Issue,A014,Tamara Allen,73,No,4
T04862,2025-05-11 00:00:00,2025-05-13 23:00:00,High,Resolved,Email,Login Issue,A002,Lauren Potts,71,No,1
T04863,2025-01-19 00:00:00,2025-01-23 05:00:00,High,Closed,Email,Network Issue,A008,Timothy Parker,101,Yes,4
T04864,2025-01-27 00:00:00,2025-01-30 22:00:00,High,Open,Portal,Access Request,A016,Amy Jones,94,Yes,4
T04865,2025-10-27 00:00:00,2025-10-29 05:00:00,Medium,In Progress,Chat,Software Bug,A005,Julie Pearson,53,No,5
T04866,2025-04-16 00:00:00,2025-04-20 00:00:00,High,Closed,Phone,Software Bug,A004,Steven Edwards,96,No,3
T04867,2025-12-20 00:00:00,2025-12-21 01:00:00,Critical,Resolved,Chat,Hardware Failure,A024,Anthony Barnes,25,No,4
T04868,2025-09-18 00:00:00,2025-09-22 20:00:00,Medium,Closed,Email,Login Issue,A023,Henry Bond,116,No,4
T04869,2025-04-07 00:00:00,2025-04-10 04:00:00,High,Open,Portal,Hardware Failure,A015,Bryan Schultz,76,Yes,2
T04870,2025-10-13 00:00:00,2025-10-14 18:00:00,Critical,Open,Email,Hardware Failure,A010,Kim Rogers,42,Yes,2
T04871,2025-12-25 00:00:00,2025-12-25 03:00:00,Low,In Progress,Chat,Hardware Failure,A002,Megan Decker,3,Yes,3
T04872,2025-05-31 00:00:00,2025-05-31 16:00:00,Low,Closed,Portal,Hardware Failure,A015,Richard Morales,16,No,2
T04873,2025-03-17 00:00:00,2025-03-19 14:00:00,Critical,Open,Phone,Hardware Failure,A019,Johnny Leblanc,62,No,1
T04874,2025-02-22 00:00:00,2025-02-24 09:00:00,Medium,Resolved,Email,Hardware Failure,A025,Sarah Kennedy,57,No,4
T04875,2025-04-02 00:00:00,2025-04-05 18:00:00,Medium,Open,Chat,Network Issue,A017,Matthew Ray,90,Yes,4
T04876,2025-09-07 00:00:00,2025-09-11 21:00:00,Critical,Closed,Phone,Network Issue,A015,Marcus Matthews,117,Yes,4
T04877,2025-03-15 00:00:00,2025-03-18 23:00:00,High,In Progress,Email,Hardware Failure,A021,Veronica Bolton,95,Yes,3
T04878,2025-10-22 00:00:00,2025-10-22 09:00:00,High,Closed,Chat,Hardware Failure,A005,Nicole Kramer,9,No,3
T04879,2025-08-03 00:00:00,2025-08-03 07:00:00,Critical,Closed,Phone,Login Issue,A022,Julie Brown,7,Yes,3
T04880,2025-08-12 00:00:00,2025-08-15 08:00:00,Critical,Open,Chat,Software Bug,A002,Stephanie Navarro,80,Yes,1
T04881,2025-07-21 00:00:00,2025-07-25 21:00:00,Medium,Resolved,Email,Access Request,A016,Amy Young,117,Yes,1
T04882,2025-02-17 00:00:00,2025-02-21 15:00:00,Medium,Open,Portal,Hardware Failure,A015,Whitney Cole,111,No,2
T04883,2025-07-27 00:00:00,2025-07-28 18:00:00,Low,Resolved,Phone,Network Issue,A009,Joy Watson,42,Yes,3
T04884,2025-11-18 00:00:00,2025-11-21 12:00:00,Critical,Resolved,Phone,Software Bug,A008,Michael Smith,84,Yes,1
T04885,2025-09-14 00:00:00,2025-09-18 00:00:00,Low,Closed,Email,Software Bug,A018,Philip Cole,96,Yes,4
T04886,2025-05-03 00:00:00,2025-05-05 19:00:00,High,Closed,Phone,Network Issue,A004,Chris Horton,67,Yes,1
T04887,2025-07-13 00:00:00,2025-07-17 04:00:00,Critical,Resolved,Chat,Software Bug,A012,Darryl Burns,100,Yes,4
T04888,2025-07-29 00:00:00,2025-07-29 15:00:00,Low,Open,Portal,Login Issue,A024,Holly Anderson,15,No,3
T04889,2025-12-07 00:00:00,2025-12-08 23:00:00,Low,Resolved,Phone,Access Request,A012,Robert Collins,47,Yes,4
T04890,2025-10-15 00:00:00,2025-10-17 04:00:00,Critical,Resolved,Chat,Login Issue,A005,Kimberly Dunn,52,Yes,5
T04891,2025-06-25 00:00:00,2025-06-29 23:00:00,Critical,In Progress,Chat,Access Request,A013,Cheryl Glover,119,Yes,5
T04892,2026-03-24 00:00:00,2026-03-26 04:00:00,High,Closed,Email,Login Issue,A013,Micheal Wright,52,Yes,2
T04893,2025-06-21 00:00:00,2025-06-24 14:00:00,Low,Resolved,Email,Hardware Failure,A025,Alexander Reid,86,No,3
T04894,2025-12-22 00:00:00,2025-12-23 23:00:00,Medium,Closed,Chat,Access Request,A011,Stephanie Wiley,47,Yes,1
T04895,2025-02-04 00:00:00,2025-02-08 11:00:00,Critical,In Progress,Chat,Software Bug,A011,Jack Short,107,Yes,2
T04896,2025-12-09 00:00:00,2025-12-09 09:00:00,Critical,Closed,Phone,Login Issue,A007,Daryl Riley,9,No,5
T04897,2025-08-02 00:00:00,2025-08-06 02:00:00,Critical,Resolved,Portal,Login Issue,A011,Thomas Garza,98,Yes,1
T04898,2025-12-25 00:00:00,2025-12-29 07:00:00,High,In Progress,Phone,Network Issue,A005,Gregory Stewart,103,No,4
T04899,2026-03-26 00:00:00,2026-03-30 04:00:00,Low,Open,Email,Login Issue,A009,Sarah Murphy,100,Yes,4
T04900,2025-03-27 00:00:00,2025-03-30 03:00:00,Low,Resolved,Email,Access Request,A020,Kenneth Rodgers,75,No,4
T04901,2025-05-07 00:00:00,2025-05-09 10:00:00,Low,In Progress,Portal,Access Request,A004,Stephanie Burgess,58,No,3
T04902,2026-01-22 00:00:00,2026-01-26 23:00:00,Medium,Open,Email,Access Request,A001,Angela Griffin,119,No,5
T04903,2025-09-21 00:00:00,2025-09-23 22:00:00,Low,Resolved,Email,Access Request,A004,Kenneth Branch,70,No,5
T04904,2025-01-09 00:00:00,2025-01-10 01:00:00,High,Open,Chat,Login Issue,A018,Monica Davis,25,Yes,2
T04905,2025-12-22 00:00:00,2025-12-25 21:00:00,High,Closed,Phone,Software Bug,A021,Mackenzie Blair,93,No,1
T04906,2026-02-19 00:00:00,2026-02-23 07:00:00,Low,In Progress,Email,Network Issue,A003,Kathy Vance,103,Yes,5
T04907,2025-07-30 00:00:00,2025-08-02 18:00:00,High,Closed,Email,Network Issue,A021,David Rose,90,Yes,4
T04908,2025-03-24 00:00:00,2025-03-28 21:00:00,Critical,Closed,Portal,Software Bug,A005,Michelle Vincent,117,Yes,3
T04909,2025-03-18 00:00:00,2025-03-21 19:00:00,Medium,Closed,Phone,Login Issue,A015,Brittney Hayes,91,No,3
T04910,2025-11-15 00:00:00,2025-11-17 18:00:00,High,Resolved,Email,Network Issue,A013,Christopher Forbes,66,Yes,5
T04911,2026-03-18 00:00:00,2026-03-21 03:00:00,Low,In Progress,Phone,Login Issue,A024,Kathleen Lamb,75,No,2
T04912,2026-01-17 00:00:00,2026-01-19 08:00:00,Critical,Resolved,Portal,Login Issue,A025,Leonard Bennett,56,No,3
T04913,2025-07-20 00:00:00,2025-07-21 22:00:00,Low,In Progress,Email,Software Bug,A019,John Trevino,46,No,4
T04914,2026-03-11 00:00:00,2026-03-11 08:00:00,Medium,Closed,Chat,Login Issue,A013,Nancy Allen,8,No,3
T04915,2025-06-30 00:00:00,2025-06-30 06:00:00,Critical,In Progress,Chat,Network Issue,A005,Cynthia Ross,6,Yes,5
T04916,2026-03-10 00:00:00,2026-03-11 05:00:00,Critical,In Progress,Chat,Access Request,A016,Brandon Garcia,29,No,1
T04917,2025-05-11 00:00:00,2025-05-11 13:00:00,Critical,Open,Phone,Access Request,A012,Dustin Crawford,13,No,2
T04918,2025-09-08 00:00:00,2025-09-09 09:00:00,Critical,Open,Email,Software Bug,A017,Mark Perez,33,Yes,3
T04919,2025-10-23 00:00:00,2025-10-24 08:00:00,Low,In Progress,Chat,Software Bug,A021,Mason Becker,32,No,3
T04920,2026-03-07 00:00:00,2026-03-07 19:00:00,High,Open,Phone,Login Issue,A014,Christina Sullivan,19,No,4
T04921,2025-07-10 00:00:00,2025-07-12 01:00:00,Medium,In Progress,Chat,Access Request,A014,Ricky Kennedy,49,Yes,5
T04922,2025-08-23 00:00:00,2025-08-25 08:00:00,Medium,In Progress,Portal,Access Request,A008,Christina Williams,56,Yes,2
T04923,2026-02-17 00:00:00,2026-02-17 23:00:00,High,In Progress,Chat,Login Issue,A018,Steven Scott,23,Yes,4
T04924,2025-11-10 00:00:00,2025-11-13 23:00:00,High,Resolved,Portal,Access Request,A024,Christian Lewis,95,Yes,5
T04925,2025-03-24 00:00:00,2025-03-28 20:00:00,Low,Open,Portal,Hardware Failure,A003,Jessica Hoover,116,Yes,2
T04926,2025-08-04 00:00:00,2025-08-04 17:00:00,High,Resolved,Email,Network Issue,A024,Kara Williamson,17,No,5
T04927,2025-12-05 00:00:00,2025-12-09 02:00:00,High,Resolved,Portal,Network Issue,A025,Caitlin Rios,98,No,5
T04928,2025-12-08 00:00:00,2025-12-09 04:00:00,Low,Resolved,Phone,Access Request,A003,Jeanne Cunningham,28,Yes,3
T04929,2026-01-16 00:00:00,2026-01-17 04:00:00,Medium,Open,Portal,Hardware Failure,A015,Patrick Smith,28,Yes,2
T04930,2025-08-06 00:00:00,2025-08-08 07:00:00,High,Closed,Portal,Network Issue,A025,Anna Myers,55,Yes,4
T04931,2025-12-31 00:00:00,2026-01-04 23:00:00,Low,Open,Chat,Login Issue,A018,Jacqueline Cantrell,119,Yes,1
T04932,2025-09-18 00:00:00,2025-09-19 09:00:00,Critical,In Progress,Portal,Login Issue,A003,Richard Doyle,33,No,2
T04933,2025-08-29 00:00:00,2025-09-01 20:00:00,High,In Progress,Phone,Software Bug,A005,Yvonne Holland,92,Yes,4
T04934,2025-06-16 00:00:00,2025-06-17 04:00:00,Medium,In Progress,Phone,Software Bug,A005,Amy Hamilton MD,28,No,5
T04935,2026-01-27 00:00:00,2026-01-29 16:00:00,Critical,In Progress,Portal,Hardware Failure,A009,Gary Baker,64,No,4
T04936,2025-08-17 00:00:00,2025-08-20 15:00:00,Low,In Progress,Email,Access Request,A017,Joseph Miller,87,No,3
T04937,2025-04-06 00:00:00,2025-04-06 12:00:00,High,Resolved,Portal,Login Issue,A008,Nicolas Perez,12,No,1
T04938,2025-04-08 00:00:00,2025-04-10 20:00:00,Critical,Closed,Chat,Network Issue,A001,Connie Jackson,68,No,2
T04939,2025-08-25 00:00:00,2025-08-26 19:00:00,Medium,Resolved,Chat,Hardware Failure,A025,Richard Rodriguez,43,No,5
T04940,2025-01-29 00:00:00,2025-02-02 17:00:00,Medium,In Progress,Chat,Network Issue,A005,Nancy Olson,113,Yes,4
T04941,2025-03-18 00:00:00,2025-03-23 00:00:00,High,Closed,Email,Hardware Failure,A023,Mrs. Jessica Coffey DDS,120,No,3
T04942,2025-10-31 00:00:00,2025-11-01 14:00:00,Critical,Closed,Email,Access Request,A025,Lisa Lara,38,No,4
T04943,2025-04-21 00:00:00,2025-04-24 20:00:00,Low,In Progress,Chat,Access Request,A023,Roberto Morales,92,No,4
T04944,2026-02-04 00:00:00,2026-02-07 10:00:00,Medium,Open,Email,Access Request,A011,Morgan Reed,82,No,3
T04945,2025-03-30 00:00:00,2025-03-31 06:00:00,Low,Open,Chat,Hardware Failure,A007,Eric Nguyen,30,No,3
T04946,2025-09-07 00:00:00,2025-09-10 02:00:00,Medium,Closed,Phone,Access Request,A019,Teresa Collins,74,No,4
T04947,2026-03-02 00:00:00,2026-03-03 22:00:00,Critical,Closed,Email,Hardware Failure,A018,Christopher Allen,46,Yes,3
T04948,2026-02-19 00:00:00,2026-02-23 15:00:00,Low,Open,Email,Login Issue,A001,Daniel Reid,111,Yes,2
T04949,2026-01-16 00:00:00,2026-01-17 09:00:00,Critical,Closed,Email,Hardware Failure,A006,Matthew Rose,33,No,2
T04950,2025-02-13 00:00:00,2025-02-14 18:00:00,High,Resolved,Email,Software Bug,A019,Joshua Montoya,42,Yes,4
T04951,2025-10-17 00:00:00,2025-10-20 18:00:00,Critical,Open,Email,Access Request,A001,Jason Martin,90,Yes,4
T04952,2026-01-01 00:00:00,2026-01-02 10:00:00,Critical,In Progress,Chat,Network Issue,A022,Mary Black,34,Yes,3
T04953,2025-09-05 00:00:00,2025-09-09 14:00:00,Critical,Closed,Chat,Network Issue,A020,Linda Anderson,110,No,3
T04954,2026-02-22 00:00:00,2026-02-24 19:00:00,Low,Resolved,Email,Hardware Failure,A004,Heather Jones,67,No,2
T04955,2025-03-21 00:00:00,2025-03-25 00:00:00,Low,In Progress,Phone,Software Bug,A007,Brandon Griffin,96,Yes,3
T04956,2025-06-17 00:00:00,2025-06-18 06:00:00,Critical,Resolved,Portal,Hardware Failure,A016,Cassidy Bryant,30,No,4
T04957,2025-04-19 00:00:00,2025-04-20 09:00:00,Critical,Resolved,Portal,Software Bug,A002,Matthew Adams,33,Yes,2
T04958,2025-12-07 00:00:00,2025-12-07 09:00:00,High,Closed,Email,Software Bug,A001,Angela Anderson,9,No,1
T04959,2025-09-02 00:00:00,2025-09-02 10:00:00,Low,Closed,Email,Access Request,A020,Angela Patton,10,Yes,2
T04960,2025-09-04 00:00:00,2025-09-08 12:00:00,Critical,Closed,Portal,Access Request,A025,Melissa Dillon,108,No,3
T04961,2026-03-03 00:00:00,2026-03-06 14:00:00,Critical,In Progress,Email,Hardware Failure,A004,Robin Herrera,86,Yes,3
T04962,2025-05-29 00:00:00,2025-06-02 03:00:00,High,Closed,Portal,Access Request,A022,Samantha Schmitt,99,Yes,2
T04963,2026-02-05 00:00:00,2026-02-08 23:00:00,Medium,In Progress,Chat,Network Issue,A013,Craig Sanchez,95,No,1
T04964,2026-01-02 00:00:00,2026-01-02 19:00:00,High,Closed,Portal,Hardware Failure,A007,Emily Knox,19,No,3
T04965,2026-01-09 00:00:00,2026-01-09 02:00:00,Low,Open,Portal,Network Issue,A017,Connie Griffin,2,Yes,4
T04966,2025-12-01 00:00:00,2025-12-04 05:00:00,Critical,Closed,Chat,Hardware Failure,A024,Candice Holloway,77,Yes,3
T04967,2025-04-04 00:00:00,2025-04-07 16:00:00,Low,Resolved,Phone,Hardware Failure,A022,Erin Zamora,88,Yes,4
T04968,2025-02-24 00:00:00,2025-02-28 03:00:00,Critical,In Progress,Portal,Software Bug,A013,William Johnson,99,No,5
T04969,2025-05-11 00:00:00,2025-05-12 05:00:00,Low,Resolved,Email,Access Request,A011,Pamela Morrow,29,No,5
T04970,2025-07-25 00:00:00,2025-07-26 04:00:00,Low,Closed,Phone,Hardware Failure,A005,Cindy Holland,28,Yes,1
T04971,2026-02-10 00:00:00,2026-02-10 07:00:00,Low,Closed,Chat,Login Issue,A015,Luke Chapman,7,No,3
T04972,2026-03-22 00:00:00,2026-03-25 23:00:00,High,Open,Email,Network Issue,A024,John Noble,95,No,1
T04973,2026-01-27 00:00:00,2026-01-31 15:00:00,Critical,In Progress,Portal,Software Bug,A006,Gregory Sullivan,111,No,2
T04974,2025-11-18 00:00:00,2025-11-22 18:00:00,High,Closed,Portal,Hardware Failure,A016,Jennifer Winters,114,Yes,2
T04975,2025-06-21 00:00:00,2025-06-22 23:00:00,Low,Closed,Email,Network Issue,A023,Taylor Simmons,47,No,3
T04976,2025-11-08 00:00:00,2025-11-12 02:00:00,Low,Resolved,Chat,Access Request,A006,Amanda Figueroa,98,No,5
T04977,2025-01-05 00:00:00,2025-01-05 07:00:00,Medium,In Progress,Email,Network Issue,A005,Robert Rodgers,7,No,2
T04978,2025-09-18 00:00:00,2025-09-21 02:00:00,Critical,Resolved,Portal,Login Issue,A006,Candice Diaz,74,Yes,2
T04979,2025-05-08 00:00:00,2025-05-10 08:00:00,High,Open,Chat,Hardware Failure,A016,Daniel Reed,56,Yes,5
T04980,2025-12-21 00:00:00,2025-12-21 18:00:00,Low,Resolved,Phone,Software Bug,A003,Jeanne Adams,18,No,5
T04981,2026-02-12 00:00:00,2026-02-14 05:00:00,Critical,Closed,Chat,Software Bug,A018,Robert Walters,53,Yes,1
T04982,2025-03-21 00:00:00,2025-03-22 05:00:00,High,In Progress,Chat,Access Request,A016,Matthew Wallace,29,Yes,3
T04983,2026-03-22 00:00:00,2026-03-26 19:00:00,Medium,Open,Phone,Network Issue,A018,Christopher James,115,Yes,4
T04984,2025-11-08 00:00:00,2025-11-12 23:00:00,Medium,Resolved,Phone,Access Request,A015,Steven Walton,119,No,2
T04985,2025-02-23 00:00:00,2025-02-25 00:00:00,High,Closed,Chat,Hardware Failure,A006,Joseph King,48,No,2
T04986,2025-09-27 00:00:00,2025-09-30 14:00:00,Critical,Resolved,Portal,Software Bug,A022,Matthew Brennan,86,No,3
T04987,2025-06-14 00:00:00,2025-06-14 05:00:00,Medium,In Progress,Email,Login Issue,A004,Tammy Thompson,5,No,4
T04988,2026-01-07 00:00:00,2026-01-10 16:00:00,Low,Closed,Chat,Hardware Failure,A024,Shannon Walker,88,No,1
T04989,2026-02-24 00:00:00,2026-03-01 00:00:00,Low,Resolved,Email,Login Issue,A011,Donald Delgado,120,Yes,3
T04990,2025-02-25 00:00:00,2025-02-25 01:00:00,Critical,Closed,Portal,Software Bug,A009,Amy Kelly,1,No,5
T04991,2025-08-11 00:00:00,2025-08-11 11:00:00,Medium,Closed,Portal,Hardware Failure,A007,Heidi Zhang,11,No,5
T04992,2026-02-07 00:00:00,2026-02-10 10:00:00,Critical,Resolved,Phone,Network Issue,A008,Madison Ferguson,82,No,3
T04993,2026-02-23 00:00:00,2026-02-25 09:00:00,High,Closed,Phone,Network Issue,A016,Bryan Smith,57,Yes,4
T04994,2025-03-21 00:00:00,2025-03-25 06:00:00,Medium,Open,Email,Software Bug,A001,Robert Thompson,102,Yes,4
T04995,2025-04-22 00:00:00,2025-04-24 15:00:00,Medium,Closed,Phone,Software Bug,A011,Joseph Nguyen,63,Yes,3
T04996,2025-06-15 00:00:00,2025-06-15 22:00:00,High,Open,Chat,Login Issue,A009,Lori Ray,22,No,1
T04997,2025-03-08 00:00:00,2025-03-12 01:00:00,Low,Closed,Portal,Network Issue,A020,Jonathan Ward,97,Yes,4
T04998,2025-05-19 00:00:00,2025-05-20 22:00:00,Critical,Closed,Phone,Hardware Failure,A013,Andrew Moran,46,Yes,5
T04999,2025-10-20 00:00:00,2025-10-22 21:00:00,Low,Open,Portal,Software Bug,A016,Tiffany Davis,69,Yes,3
T05000,2025-07-19 00:00:00,2025-07-21 08:00:00,Medium,Closed,Chat,Access Request,A015,Kevin Brown,56,No,3
